-- MySQL dump 10.13  Distrib 5.5.62, for debian-linux-gnu (x86_64)
--
-- Host: localhost    Database: asqatasun
-- ------------------------------------------------------
-- Server version	5.5.62-0ubuntu0.14.04.1

/*!40101 SET @OLD_CHARACTER_SET_CLIENT=@@CHARACTER_SET_CLIENT */;
/*!40101 SET @OLD_CHARACTER_SET_RESULTS=@@CHARACTER_SET_RESULTS */;
/*!40101 SET @OLD_COLLATION_CONNECTION=@@COLLATION_CONNECTION */;
/*!40101 SET NAMES utf8 */;
/*!40103 SET @OLD_TIME_ZONE=@@TIME_ZONE */;
/*!40103 SET TIME_ZONE='+00:00' */;
/*!40014 SET @OLD_UNIQUE_CHECKS=@@UNIQUE_CHECKS, UNIQUE_CHECKS=0 */;
/*!40014 SET @OLD_FOREIGN_KEY_CHECKS=@@FOREIGN_KEY_CHECKS, FOREIGN_KEY_CHECKS=0 */;
/*!40101 SET @OLD_SQL_MODE=@@SQL_MODE, SQL_MODE='NO_AUTO_VALUE_ON_ZERO' */;
/*!40111 SET @OLD_SQL_NOTES=@@SQL_NOTES, SQL_NOTES=0 */;

--
-- Table structure for table `AUDIT`
--

DROP TABLE IF EXISTS `AUDIT`;
/*!40101 SET @saved_cs_client     = @@character_set_client */;
/*!40101 SET character_set_client = utf8 */;
CREATE TABLE `AUDIT` (
  `Id_Audit` bigint(20) NOT NULL AUTO_INCREMENT,
  `Comment` varchar(255) DEFAULT NULL,
  `Dt_Creation` datetime DEFAULT NULL,
  `Manual_Audit_Dt_Creation` datetime DEFAULT NULL,
  `Status` varchar(255) DEFAULT NULL,
  PRIMARY KEY (`Id_Audit`)
) ENGINE=InnoDB DEFAULT CHARSET=utf8;
/*!40101 SET character_set_client = @saved_cs_client */;

--
-- Dumping data for table `AUDIT`
--

LOCK TABLES `AUDIT` WRITE;
/*!40000 ALTER TABLE `AUDIT` DISABLE KEYS */;
/*!40000 ALTER TABLE `AUDIT` ENABLE KEYS */;
UNLOCK TABLES;

--
-- Table structure for table `AUDIT_PARAMETER`
--

DROP TABLE IF EXISTS `AUDIT_PARAMETER`;
/*!40101 SET @saved_cs_client     = @@character_set_client */;
/*!40101 SET character_set_client = utf8 */;
CREATE TABLE `AUDIT_PARAMETER` (
  `Id_Audit` bigint(20) NOT NULL,
  `Id_Parameter` bigint(20) NOT NULL,
  KEY `fk_AUDIT_PARAMETER_AUDIT` (`Id_Audit`),
  KEY `fk_AUDIT_PARAMETER_PARAMETER` (`Id_Parameter`),
  CONSTRAINT `fk_AUDIT_PARAMETER_AUDIT` FOREIGN KEY (`Id_Audit`) REFERENCES `AUDIT` (`Id_Audit`) ON DELETE CASCADE ON UPDATE NO ACTION,
  CONSTRAINT `fk_AUDIT_PARAMETER_PARAMETER` FOREIGN KEY (`Id_Parameter`) REFERENCES `PARAMETER` (`Id_Parameter`) ON DELETE CASCADE ON UPDATE NO ACTION
) ENGINE=InnoDB DEFAULT CHARSET=utf8;
/*!40101 SET character_set_client = @saved_cs_client */;

--
-- Dumping data for table `AUDIT_PARAMETER`
--

LOCK TABLES `AUDIT_PARAMETER` WRITE;
/*!40000 ALTER TABLE `AUDIT_PARAMETER` DISABLE KEYS */;
/*!40000 ALTER TABLE `AUDIT_PARAMETER` ENABLE KEYS */;
UNLOCK TABLES;

--
-- Table structure for table `AUDIT_TEST`
--

DROP TABLE IF EXISTS `AUDIT_TEST`;
/*!40101 SET @saved_cs_client     = @@character_set_client */;
/*!40101 SET character_set_client = utf8 */;
CREATE TABLE `AUDIT_TEST` (
  `Id_Audit` bigint(20) NOT NULL,
  `Id_Test` bigint(20) NOT NULL,
  KEY `FK838E6E96493EC9C2` (`Id_Audit`),
  KEY `FK838E6E96A17A5FA8` (`Id_Test`),
  CONSTRAINT `FK838E6E96493EC9C2` FOREIGN KEY (`Id_Audit`) REFERENCES `AUDIT` (`Id_Audit`) ON DELETE CASCADE ON UPDATE NO ACTION,
  CONSTRAINT `FK838E6E96A17A5FA8` FOREIGN KEY (`Id_Test`) REFERENCES `TEST` (`Id_Test`) ON DELETE NO ACTION ON UPDATE NO ACTION
) ENGINE=InnoDB DEFAULT CHARSET=utf8;
/*!40101 SET character_set_client = @saved_cs_client */;

--
-- Dumping data for table `AUDIT_TEST`
--

LOCK TABLES `AUDIT_TEST` WRITE;
/*!40000 ALTER TABLE `AUDIT_TEST` DISABLE KEYS */;
/*!40000 ALTER TABLE `AUDIT_TEST` ENABLE KEYS */;
UNLOCK TABLES;

--
-- Table structure for table `CONTENT`
--

DROP TABLE IF EXISTS `CONTENT`;
/*!40101 SET @saved_cs_client     = @@character_set_client */;
/*!40101 SET character_set_client = utf8 */;
CREATE TABLE `CONTENT` (
  `DTYPE` varchar(31) NOT NULL,
  `Id_Content` bigint(20) NOT NULL AUTO_INCREMENT,
  `Dt_Loading` datetime DEFAULT NULL,
  `Http_Status_Code` int(11) NOT NULL,
  `Uri` varchar(2048) NOT NULL,
  `Binary_Content` mediumblob,
  `Adapted_Content` longtext,
  `Source` longtext,
  `Charset` varchar(255) DEFAULT NULL,
  `Doctype` varchar(512) DEFAULT NULL,
  `Id_Audit` bigint(20) DEFAULT NULL,
  `Id_Page` bigint(20) DEFAULT NULL,
  PRIMARY KEY (`Id_Content`),
  KEY `FK6382C059493EC9C2` (`Id_Audit`),
  KEY `FK6382C059A8A177A1` (`Id_Page`),
  KEY `Uri_Index` (`Uri`(255)),
  KEY `DTYPE_Index` (`DTYPE`),
  KEY `Http_Status_Code_Index` (`Http_Status_Code`),
  CONSTRAINT `FK6382C059493EC9C2` FOREIGN KEY (`Id_Audit`) REFERENCES `AUDIT` (`Id_Audit`) ON DELETE CASCADE ON UPDATE NO ACTION,
  CONSTRAINT `FK6382C059A8A177A1` FOREIGN KEY (`Id_Page`) REFERENCES `WEB_RESOURCE` (`Id_Web_Resource`) ON DELETE CASCADE ON UPDATE NO ACTION
) ENGINE=InnoDB DEFAULT CHARSET=utf8;
/*!40101 SET character_set_client = @saved_cs_client */;

--
-- Dumping data for table `CONTENT`
--

LOCK TABLES `CONTENT` WRITE;
/*!40000 ALTER TABLE `CONTENT` DISABLE KEYS */;
/*!40000 ALTER TABLE `CONTENT` ENABLE KEYS */;
UNLOCK TABLES;

--
-- Table structure for table `CONTENT_RELATIONSHIP`
--

DROP TABLE IF EXISTS `CONTENT_RELATIONSHIP`;
/*!40101 SET @saved_cs_client     = @@character_set_client */;
/*!40101 SET character_set_client = utf8 */;
CREATE TABLE `CONTENT_RELATIONSHIP` (
  `Id_Content_Child` bigint(20) NOT NULL,
  `Id_Content_Parent` bigint(20) NOT NULL,
  PRIMARY KEY (`Id_Content_Child`,`Id_Content_Parent`),
  KEY `FKBA33205EBA71C750` (`Id_Content_Child`),
  KEY `FKBA33205E620A8494` (`Id_Content_Parent`),
  CONSTRAINT `FKBA33205EBA71C750` FOREIGN KEY (`Id_Content_Child`) REFERENCES `CONTENT` (`Id_Content`) ON DELETE CASCADE ON UPDATE NO ACTION,
  CONSTRAINT `FKBA33205E620A8494` FOREIGN KEY (`Id_Content_Parent`) REFERENCES `CONTENT` (`Id_Content`) ON DELETE CASCADE ON UPDATE NO ACTION
) ENGINE=InnoDB DEFAULT CHARSET=utf8;
/*!40101 SET character_set_client = @saved_cs_client */;

--
-- Dumping data for table `CONTENT_RELATIONSHIP`
--

LOCK TABLES `CONTENT_RELATIONSHIP` WRITE;
/*!40000 ALTER TABLE `CONTENT_RELATIONSHIP` DISABLE KEYS */;
/*!40000 ALTER TABLE `CONTENT_RELATIONSHIP` ENABLE KEYS */;
UNLOCK TABLES;

--
-- Table structure for table `CRITERION`
--

DROP TABLE IF EXISTS `CRITERION`;
/*!40101 SET @saved_cs_client     = @@character_set_client */;
/*!40101 SET character_set_client = utf8 */;
CREATE TABLE `CRITERION` (
  `Id_Criterion` bigint(20) NOT NULL AUTO_INCREMENT,
  `Cd_Criterion` varchar(255) DEFAULT NULL,
  `Description` varchar(255) DEFAULT NULL,
  `Label` varchar(255) DEFAULT NULL,
  `Rank` int(11) DEFAULT NULL,
  `Url` varchar(255) DEFAULT NULL,
  `Reference_Id_Reference` bigint(20) DEFAULT NULL,
  `Theme_Id_Theme` bigint(20) DEFAULT NULL,
  PRIMARY KEY (`Id_Criterion`),
  UNIQUE KEY `Cd_Criterion_UNIQUE` (`Cd_Criterion`),
  KEY `FKBCFA1E81E8F67244` (`Theme_Id_Theme`),
  KEY `FKBCFA1E81D03CE506` (`Reference_Id_Reference`),
  CONSTRAINT `FKBCFA1E81E8F67244` FOREIGN KEY (`Theme_Id_Theme`) REFERENCES `THEME` (`Id_Theme`),
  CONSTRAINT `FKBCFA1E81D03CE506` FOREIGN KEY (`Reference_Id_Reference`) REFERENCES `REFERENCE` (`Id_Reference`)
) ENGINE=InnoDB AUTO_INCREMENT=488 DEFAULT CHARSET=utf8;
/*!40101 SET character_set_client = @saved_cs_client */;

--
-- Dumping data for table `CRITERION`
--

LOCK TABLES `CRITERION` WRITE;
/*!40000 ALTER TABLE `CRITERION` DISABLE KEYS */;
INSERT INTO `CRITERION` VALUES (201,'Aw22-0101','','1.1',201,'http://www.accessiweb.org/index.php/accessiweb_2.2_liste_generale.html#crit-1-1 ',4,31),(202,'Aw22-0102','','1.2',202,'http://www.accessiweb.org/index.php/accessiweb_2.2_liste_generale.html#crit-1-2 ',4,31),(203,'Aw22-0103','','1.3',203,'http://www.accessiweb.org/index.php/accessiweb_2.2_liste_generale.html#crit-1-3 ',4,31),(204,'Aw22-0104','','1.4',204,'http://www.accessiweb.org/index.php/accessiweb_2.2_liste_generale.html#crit-1-4 ',4,31),(205,'Aw22-0105','','1.5',205,'http://www.accessiweb.org/index.php/accessiweb_2.2_liste_generale.html#crit-1-5 ',4,31),(206,'Aw22-0106','','1.6',206,'http://www.accessiweb.org/index.php/accessiweb_2.2_liste_generale.html#crit-1-6 ',4,31),(207,'Aw22-0107','','1.7',207,'http://www.accessiweb.org/index.php/accessiweb_2.2_liste_generale.html#crit-1-7 ',4,31),(208,'Aw22-0108','','1.8',208,'http://www.accessiweb.org/index.php/accessiweb_2.2_liste_generale.html#crit-1-8 ',4,31),(209,'Aw22-0109','','1.9',209,'http://www.accessiweb.org/index.php/accessiweb_2.2_liste_generale.html#crit-1-9 ',4,31),(210,'Aw22-0201','','2.1',210,'http://www.accessiweb.org/index.php/accessiweb_2.2_liste_generale.html#crit-2-1 ',4,32),(211,'Aw22-0202','','2.2',211,'http://www.accessiweb.org/index.php/accessiweb_2.2_liste_generale.html#crit-2-2 ',4,32),(212,'Aw22-0301','','3.1',212,'http://www.accessiweb.org/index.php/accessiweb_2.2_liste_generale.html#crit-3-1 ',4,33),(213,'Aw22-0302','','3.2',213,'http://www.accessiweb.org/index.php/accessiweb_2.2_liste_generale.html#crit-3-2 ',4,33),(214,'Aw22-0303','','3.3',214,'http://www.accessiweb.org/index.php/accessiweb_2.2_liste_generale.html#crit-3-3 ',4,33),(215,'Aw22-0304','','3.4',215,'http://www.accessiweb.org/index.php/accessiweb_2.2_liste_generale.html#crit-3-4 ',4,33),(216,'Aw22-0401','','4.1',216,'http://www.accessiweb.org/index.php/accessiweb_2.2_liste_generale.html#crit-4-1 ',4,34),(217,'Aw22-0402','','4.2',219,'http://www.accessiweb.org/index.php/accessiweb_2.2_liste_generale.html#crit-4-2 ',4,34),(218,'Aw22-0403','','4.3',218,'http://www.accessiweb.org/index.php/accessiweb_2.2_liste_generale.html#crit-4-3 ',4,34),(219,'Aw22-0404','','4.4',219,'http://www.accessiweb.org/index.php/accessiweb_2.2_liste_generale.html#crit-4-4 ',4,34),(220,'Aw22-0405','','4.5',220,'http://www.accessiweb.org/index.php/accessiweb_2.2_liste_generale.html#crit-4-5 ',4,34),(221,'Aw22-0406','','4.6',221,'http://www.accessiweb.org/index.php/accessiweb_2.2_liste_generale.html#crit-4-6 ',4,34),(222,'Aw22-0407','','4.7',222,'http://www.accessiweb.org/index.php/accessiweb_2.2_liste_generale.html#crit-4-7 ',4,34),(223,'Aw22-0408','','4.8',223,'http://www.accessiweb.org/index.php/accessiweb_2.2_liste_generale.html#crit-4-8 ',4,34),(224,'Aw22-0409','','4.9',224,'http://www.accessiweb.org/index.php/accessiweb_2.2_liste_generale.html#crit-4-9 ',4,34),(225,'Aw22-0410','','4.10',225,'http://www.accessiweb.org/index.php/accessiweb_2.2_liste_generale.html#crit-4-10 ',4,34),(226,'Aw22-0411','','4.11',226,'http://www.accessiweb.org/index.php/accessiweb_2.2_liste_generale.html#crit-4-11 ',4,34),(227,'Aw22-0412','','4.12',227,'http://www.accessiweb.org/index.php/accessiweb_2.2_liste_generale.html#crit-4-12 ',4,34),(228,'Aw22-0413','','4.13',228,'http://www.accessiweb.org/index.php/accessiweb_2.2_liste_generale.html#crit-4-13 ',4,34),(229,'Aw22-0414','','4.14',229,'http://www.accessiweb.org/index.php/accessiweb_2.2_liste_generale.html#crit-4-14 ',4,34),(230,'Aw22-0415','','4.15',230,'http://www.accessiweb.org/index.php/accessiweb_2.2_liste_generale.html#crit-4-15 ',4,34),(231,'Aw22-0416','','4.16',231,'http://www.accessiweb.org/index.php/accessiweb_2.2_liste_generale.html#crit-4-16 ',4,34),(232,'Aw22-0417','','4.17',232,'http://www.accessiweb.org/index.php/accessiweb_2.2_liste_generale.html#crit-4-17 ',4,34),(233,'Aw22-0418','','4.18',233,'http://www.accessiweb.org/index.php/accessiweb_2.2_liste_generale.html#crit-4-18 ',4,34),(234,'Aw22-0419','','4.19',234,'http://www.accessiweb.org/index.php/accessiweb_2.2_liste_generale.html#crit-4-19 ',4,34),(235,'Aw22-0420','','4.20',235,'http://www.accessiweb.org/index.php/accessiweb_2.2_liste_generale.html#crit-4-20 ',4,34),(236,'Aw22-0421','','4.21',236,'http://www.accessiweb.org/index.php/accessiweb_2.2_liste_generale.html#crit-4-21 ',4,34),(237,'Aw22-0422','','4.22',237,'http://www.accessiweb.org/index.php/accessiweb_2.2_liste_generale.html#crit-4-22 ',4,34),(238,'Aw22-0501','','5.1',238,'http://www.accessiweb.org/index.php/accessiweb_2.2_liste_generale.html#crit-5-1 ',4,35),(239,'Aw22-0502','','5.2',239,'http://www.accessiweb.org/index.php/accessiweb_2.2_liste_generale.html#crit-5-2 ',4,35),(240,'Aw22-0503','','5.3',240,'http://www.accessiweb.org/index.php/accessiweb_2.2_liste_generale.html#crit-5-3 ',4,35),(241,'Aw22-0504','','5.4',241,'http://www.accessiweb.org/index.php/accessiweb_2.2_liste_generale.html#crit-5-4 ',4,35),(242,'Aw22-0505','','5.5',242,'http://www.accessiweb.org/index.php/accessiweb_2.2_liste_generale.html#crit-5-5 ',4,35),(243,'Aw22-0506','','5.6',243,'http://www.accessiweb.org/index.php/accessiweb_2.2_liste_generale.html#crit-5-6 ',4,35),(244,'Aw22-0507','','5.7',244,'http://www.accessiweb.org/index.php/accessiweb_2.2_liste_generale.html#crit-5-7 ',4,35),(245,'Aw22-0508','','5.8',245,'http://www.accessiweb.org/index.php/accessiweb_2.2_liste_generale.html#crit-5-8 ',4,35),(246,'Aw22-0601','','6.1',246,'http://www.accessiweb.org/index.php/accessiweb_2.2_liste_generale.html#crit-6-1 ',4,36),(247,'Aw22-0602','','6.2',247,'http://www.accessiweb.org/index.php/accessiweb_2.2_liste_generale.html#crit-6-2 ',4,36),(248,'Aw22-0603','','6.3',248,'http://www.accessiweb.org/index.php/accessiweb_2.2_liste_generale.html#crit-6-3 ',4,36),(249,'Aw22-0604','','6.4',249,'http://www.accessiweb.org/index.php/accessiweb_2.2_liste_generale.html#crit-6-4 ',4,36),(250,'Aw22-0605','','6.5',250,'http://www.accessiweb.org/index.php/accessiweb_2.2_liste_generale.html#crit-6-5 ',4,36),(251,'Aw22-0606','','6.6',251,'http://www.accessiweb.org/index.php/accessiweb_2.2_liste_generale.html#crit-6-6 ',4,36),(252,'Aw22-0701','','7.1',252,'http://www.accessiweb.org/index.php/accessiweb_2.2_liste_generale.html#crit-7-1 ',4,37),(253,'Aw22-0702','','7.2',253,'http://www.accessiweb.org/index.php/accessiweb_2.2_liste_generale.html#crit-7-2 ',4,37),(254,'Aw22-0703','','7.3',254,'http://www.accessiweb.org/index.php/accessiweb_2.2_liste_generale.html#crit-7-3 ',4,37),(255,'Aw22-0704','','7.4',255,'http://www.accessiweb.org/index.php/accessiweb_2.2_liste_generale.html#crit-7-4 ',4,37),(256,'Aw22-0705','','7.5',256,'http://www.accessiweb.org/index.php/accessiweb_2.2_liste_generale.html#crit-7-5 ',4,37),(257,'Aw22-0706','','7.6',257,'http://www.accessiweb.org/index.php/accessiweb_2.2_liste_generale.html#crit-7-6 ',4,37),(258,'Aw22-0801','','8.1',258,'http://www.accessiweb.org/index.php/accessiweb_2.2_liste_generale.html#crit-8-1 ',4,38),(259,'Aw22-0802','','8.2',259,'http://www.accessiweb.org/index.php/accessiweb_2.2_liste_generale.html#crit-8-2 ',4,38),(260,'Aw22-0803','','8.3',260,'http://www.accessiweb.org/index.php/accessiweb_2.2_liste_generale.html#crit-8-3 ',4,38),(261,'Aw22-0804','','8.4',261,'http://www.accessiweb.org/index.php/accessiweb_2.2_liste_generale.html#crit-8-4 ',4,38),(262,'Aw22-0805','','8.5',262,'http://www.accessiweb.org/index.php/accessiweb_2.2_liste_generale.html#crit-8-5 ',4,38),(263,'Aw22-0806','','8.6',263,'http://www.accessiweb.org/index.php/accessiweb_2.2_liste_generale.html#crit-8-6 ',4,38),(264,'Aw22-0807','','8.7',264,'http://www.accessiweb.org/index.php/accessiweb_2.2_liste_generale.html#crit-8-7 ',4,38),(265,'Aw22-0808','','8.8',265,'http://www.accessiweb.org/index.php/accessiweb_2.2_liste_generale.html#crit-8-8 ',4,38),(266,'Aw22-0809','','8.9',266,'http://www.accessiweb.org/index.php/accessiweb_2.2_liste_generale.html#crit-8-9 ',4,38),(267,'Aw22-0810','','8.10',267,'http://www.accessiweb.org/index.php/accessiweb_2.2_liste_generale.html#crit-8-10 ',4,38),(268,'Aw22-0901','','9.1',268,'http://www.accessiweb.org/index.php/accessiweb_2.2_liste_generale.html#crit-9-1 ',4,39),(269,'Aw22-0902','','9.2',269,'http://www.accessiweb.org/index.php/accessiweb_2.2_liste_generale.html#crit-9-2 ',4,39),(270,'Aw22-0903','','9.3',270,'http://www.accessiweb.org/index.php/accessiweb_2.2_liste_generale.html#crit-9-3 ',4,39),(271,'Aw22-0904','','9.4',271,'http://www.accessiweb.org/index.php/accessiweb_2.2_liste_generale.html#crit-9-4 ',4,39),(272,'Aw22-0905','','9.5',272,'http://www.accessiweb.org/index.php/accessiweb_2.2_liste_generale.html#crit-9-5 ',4,39),(273,'Aw22-1001','','10.1',273,'http://www.accessiweb.org/index.php/accessiweb_2.2_liste_generale.html#crit-10-1 ',4,40),(274,'Aw22-1002','','10.2',274,'http://www.accessiweb.org/index.php/accessiweb_2.2_liste_generale.html#crit-10-2 ',4,40),(275,'Aw22-1003','','10.3',275,'http://www.accessiweb.org/index.php/accessiweb_2.2_liste_generale.html#crit-10-3 ',4,40),(276,'Aw22-1004','','10.4',276,'http://www.accessiweb.org/index.php/accessiweb_2.2_liste_generale.html#crit-10-4 ',4,40),(277,'Aw22-1005','','10.5',277,'http://www.accessiweb.org/index.php/accessiweb_2.2_liste_generale.html#crit-10-5 ',4,40),(278,'Aw22-1006','','10.6',278,'http://www.accessiweb.org/index.php/accessiweb_2.2_liste_generale.html#crit-10-6 ',4,40),(279,'Aw22-1007','','10.7',279,'http://www.accessiweb.org/index.php/accessiweb_2.2_liste_generale.html#crit-10-7 ',4,40),(280,'Aw22-1008','','10.8',280,'http://www.accessiweb.org/index.php/accessiweb_2.2_liste_generale.html#crit-10-8 ',4,40),(281,'Aw22-1009','','10.9',281,'http://www.accessiweb.org/index.php/accessiweb_2.2_liste_generale.html#crit-10-9 ',4,40),(282,'Aw22-1010','','10.10',282,'http://www.accessiweb.org/index.php/accessiweb_2.2_liste_generale.html#crit-10-10 ',4,40),(283,'Aw22-1011','','10.11',283,'http://www.accessiweb.org/index.php/accessiweb_2.2_liste_generale.html#crit-10-11 ',4,40),(284,'Aw22-1012','','10.12',284,'http://www.accessiweb.org/index.php/accessiweb_2.2_liste_generale.html#crit-10-12 ',4,40),(285,'Aw22-1013','','10.13',285,'http://www.accessiweb.org/index.php/accessiweb_2.2_liste_generale.html#crit-10-13 ',4,40),(286,'Aw22-1014','','10.14',286,'http://www.accessiweb.org/index.php/accessiweb_2.2_liste_generale.html#crit-10-14 ',4,40),(287,'Aw22-1015','','10.15',287,'http://www.accessiweb.org/index.php/accessiweb_2.2_liste_generale.html#crit-10-15 ',4,40),(288,'Aw22-1101','','11.1',288,'http://www.accessiweb.org/index.php/accessiweb_2.2_liste_generale.html#crit-11-1 ',4,41),(289,'Aw22-1102','','11.2',289,'http://www.accessiweb.org/index.php/accessiweb_2.2_liste_generale.html#crit-11-2 ',4,41),(290,'Aw22-1103','','11.3',290,'http://www.accessiweb.org/index.php/accessiweb_2.2_liste_generale.html#crit-11-3 ',4,41),(291,'Aw22-1104','','11.4',291,'http://www.accessiweb.org/index.php/accessiweb_2.2_liste_generale.html#crit-11-4 ',4,41),(292,'Aw22-1105','','11.5',292,'http://www.accessiweb.org/index.php/accessiweb_2.2_liste_generale.html#crit-11-5 ',4,41),(293,'Aw22-1106','','11.6',293,'http://www.accessiweb.org/index.php/accessiweb_2.2_liste_generale.html#crit-11-6 ',4,41),(294,'Aw22-1107','','11.7',294,'http://www.accessiweb.org/index.php/accessiweb_2.2_liste_generale.html#crit-11-7 ',4,41),(295,'Aw22-1108','','11.8',295,'http://www.accessiweb.org/index.php/accessiweb_2.2_liste_generale.html#crit-11-8 ',4,41),(296,'Aw22-1109','','11.9',296,'http://www.accessiweb.org/index.php/accessiweb_2.2_liste_generale.html#crit-11-9 ',4,41),(297,'Aw22-1110','','11.10',297,'http://www.accessiweb.org/index.php/accessiweb_2.2_liste_generale.html#crit-11-10 ',4,41),(298,'Aw22-1111','','11.11',298,'http://www.accessiweb.org/index.php/accessiweb_2.2_liste_generale.html#crit-11-11 ',4,41),(299,'Aw22-1112','','11.12',299,'http://www.accessiweb.org/index.php/accessiweb_2.2_liste_generale.html#crit-11-12 ',4,41),(300,'Aw22-1113','','11.13',300,'http://www.accessiweb.org/index.php/accessiweb_2.2_liste_generale.html#crit-11-13 ',4,41),(301,'Aw22-1114','','11.14',301,'http://www.accessiweb.org/index.php/accessiweb_2.2_liste_generale.html#crit-11-14 ',4,41),(302,'Aw22-1115','','11.15',302,'http://www.accessiweb.org/index.php/accessiweb_2.2_liste_generale.html#crit-11-15 ',4,41),(303,'Aw22-1201','','12.1',303,'http://www.accessiweb.org/index.php/accessiweb_2.2_liste_generale.html#crit-12-1 ',4,42),(304,'Aw22-1202','','12.2',304,'http://www.accessiweb.org/index.php/accessiweb_2.2_liste_generale.html#crit-12-2 ',4,42),(305,'Aw22-1203','','12.3',305,'http://www.accessiweb.org/index.php/accessiweb_2.2_liste_generale.html#crit-12-3 ',4,42),(306,'Aw22-1204','','12.4',306,'http://www.accessiweb.org/index.php/accessiweb_2.2_liste_generale.html#crit-12-4 ',4,42),(307,'Aw22-1205','','12.5',307,'http://www.accessiweb.org/index.php/accessiweb_2.2_liste_generale.html#crit-12-5 ',4,42),(308,'Aw22-1206','','12.6',308,'http://www.accessiweb.org/index.php/accessiweb_2.2_liste_generale.html#crit-12-6 ',4,42),(309,'Aw22-1207','','12.7',309,'http://www.accessiweb.org/index.php/accessiweb_2.2_liste_generale.html#crit-12-7 ',4,42),(310,'Aw22-1208','','12.8',310,'http://www.accessiweb.org/index.php/accessiweb_2.2_liste_generale.html#crit-12-8 ',4,42),(311,'Aw22-1209','','12.9',311,'http://www.accessiweb.org/index.php/accessiweb_2.2_liste_generale.html#crit-12-9 ',4,42),(312,'Aw22-1210','','12.10',312,'http://www.accessiweb.org/index.php/accessiweb_2.2_liste_generale.html#crit-12-10 ',4,42),(313,'Aw22-1211','','12.11',313,'http://www.accessiweb.org/index.php/accessiweb_2.2_liste_generale.html#crit-12-11 ',4,42),(314,'Aw22-1212','','12.12',314,'http://www.accessiweb.org/index.php/accessiweb_2.2_liste_generale.html#crit-12-12 ',4,42),(315,'Aw22-1213','','12.13',315,'http://www.accessiweb.org/index.php/accessiweb_2.2_liste_generale.html#crit-12-13 ',4,42),(316,'Aw22-1214','','12.14',316,'http://www.accessiweb.org/index.php/accessiweb_2.2_liste_generale.html#crit-12-14 ',4,42),(317,'Aw22-1301','','13.1',319,'http://www.accessiweb.org/index.php/accessiweb_2.2_liste_generale.html#crit-13-1 ',4,43),(318,'Aw22-1302','','13.2',318,'http://www.accessiweb.org/index.php/accessiweb_2.2_liste_generale.html#crit-13-2 ',4,43),(319,'Aw22-1303','','13.3',319,'http://www.accessiweb.org/index.php/accessiweb_2.2_liste_generale.html#crit-13-3 ',4,43),(320,'Aw22-1304','','13.4',320,'http://www.accessiweb.org/index.php/accessiweb_2.2_liste_generale.html#crit-13-4 ',4,43),(321,'Aw22-1305','','13.5',321,'http://www.accessiweb.org/index.php/accessiweb_2.2_liste_generale.html#crit-13-5 ',4,43),(322,'Aw22-1306','','13.6',322,'http://www.accessiweb.org/index.php/accessiweb_2.2_liste_generale.html#crit-13-6 ',4,43),(323,'Aw22-1307','','13.7',323,'http://www.accessiweb.org/index.php/accessiweb_2.2_liste_generale.html#crit-13-7 ',4,43),(324,'Aw22-1308','','13.8',324,'http://www.accessiweb.org/index.php/accessiweb_2.2_liste_generale.html#crit-13-8 ',4,43),(325,'Aw22-1309','','13.9',325,'http://www.accessiweb.org/index.php/accessiweb_2.2_liste_generale.html#crit-13-9 ',4,43),(326,'Aw22-1310','','13.10',326,'http://www.accessiweb.org/index.php/accessiweb_2.2_liste_generale.html#crit-13-10 ',4,43),(327,'Aw22-1311','','13.11',327,'http://www.accessiweb.org/index.php/accessiweb_2.2_liste_generale.html#crit-13-11 ',4,43),(328,'Aw22-1312','','13.12',328,'http://www.accessiweb.org/index.php/accessiweb_2.2_liste_generale.html#crit-13-12 ',4,43),(329,'Aw22-1313','','13.13',329,'http://www.accessiweb.org/index.php/accessiweb_2.2_liste_generale.html#crit-13-13 ',4,43),(330,'Aw22-1314','','13.14',330,'http://www.accessiweb.org/index.php/accessiweb_2.2_liste_generale.html#crit-13-14 ',4,43),(331,'Aw22-1315','','13.15',331,'http://www.accessiweb.org/index.php/accessiweb_2.2_liste_generale.html#crit-13-15 ',4,43),(332,'Aw22-1316','','13.16',332,'http://www.accessiweb.org/index.php/accessiweb_2.2_liste_generale.html#crit-13-16 ',4,43),(333,'Aw22-1317','','13.17',333,'http://www.accessiweb.org/index.php/accessiweb_2.2_liste_generale.html#crit-13-17 ',4,43),(334,'Rgaa30-1-1','Chaque image a-t-elle une alternative textuelle ?','1.1',1,'',5,44),(335,'Rgaa30-1-2','Pour chaque image de décoration ayant une alternative textuelle, cette alternative est-elle vide ?','1.2',2,'',5,44),(336,'Rgaa30-1-3','Pour chaque image porteuse dinformation ayant une alternative textuelle, cette alternative est-elle pertinente (hors cas particuliers) ?','1.3',3,'',5,44),(337,'Rgaa30-1-4','Pour chaque image utilisée comme CAPTCHA ou comme image-test, ayant une alternative textuelle, cette alternative permet-elle didentifier la nature et la fonction de limage ?','1.4',4,'',5,44),(338,'Rgaa30-1-5','Pour chaque image utilisée comme CAPTCHA, une solution daccès alternatif au contenu ou à la fonction du CAPTCHA est-elle présente ?','1.5',5,'',5,44),(339,'Rgaa30-1-6','Chaque image porteuse dinformation a-t-elle, si nécessaire, une description détaillée ?','1.6',6,'',5,44),(340,'Rgaa30-1-7','Pour chaque image porteuse dinformation ayant une description détaillée, cette description est-elle pertinente ?','1.7',7,'',5,44),(341,'Rgaa30-1-8','Chaque image texte, en labsence dun mécanisme de remplacement, doit si possible être remplacée par du texte stylé. Cette règle est-elle respectée (hors cas particuliers) ?','1.8',8,'',5,44),(342,'Rgaa30-1-9','Chaque image texte doit si possible être remplacée par du texte stylé. Cette règle est-elle respectée (hors cas particuliers) ?','1.9',9,'',5,44),(343,'Rgaa30-1-10','Chaque légende dimage est-elle, si nécessaire, correctement reliée à limage correspondante ?','1.10',10,'',5,44),(344,'Rgaa30-2-1','Chaque cadre en ligne a-t-il un titre de cadre ?','2.1',11,'',5,45),(345,'Rgaa30-2-2','Pour chaque cadre en ligne ayant un titre de cadre, ce titre de cadre est-il pertinent ?','2.2',12,'',5,45),(346,'Rgaa30-3-1','Dans chaque page Web, linformation ne doit pas être donnée uniquement par la couleur. Cette règle est-elle respectée ?','3.1',13,'',5,46),(347,'Rgaa30-3-2','Dans chaque page Web, linformation ne doit pas être donnée uniquement par la couleur. Cette règle est-elle implémentée de façon pertinente ?','3.2',14,'',5,46),(348,'Rgaa30-3-3','Dans chaque page Web, le contraste entre la couleur du texte et la couleur de son arrière-plan est-il suffisamment élevé (hors cas particuliers) ?','3.3',15,'',5,46),(349,'Rgaa30-3-4','Dans chaque page Web, le contraste entre la couleur du texte et la couleur de son arrière-plan est-il amélioré (hors cas particuliers) ?','3.4',16,'',5,46),(350,'Rgaa30-4-1','Chaque média temporel pré-enregistré a-t-il, si nécessaire, une transcription textuelle ou une audio-description (hors cas particuliers) ?','4.1',17,'',5,47),(351,'Rgaa30-4-2','Pour chaque média temporel pré-enregistré ayant une transcription textuelle ou une audio-description synchronisée, celles-ci sont-elles pertinentes (hors cas particuliers) ?','4.2',18,'',5,47),(352,'Rgaa30-4-3','Chaque média temporel synchronisé pré-enregistré a-t-il, si nécessaire, des sous-titres synchronisés (hors cas particuliers) ?','4.3',19,'',5,47),(353,'Rgaa30-4-4','Pour chaque média temporel synchronisé pré-enregistré ayant des sous-titres synchronisés, ces sous-titres sont-ils pertinents ?','4.4',20,'',5,47),(354,'Rgaa30-4-5','Chaque média temporel en direct a-t-il, si nécessaire, des sous-titres synchronisés ou une transcription textuelle (hors cas particuliers) ?','4.5',21,'',5,47),(355,'Rgaa30-4-6','Pour chaque média temporel en direct ayant des sous-titres synchronisés ou une transcription textuelle, ceux-ci sont-ils pertinents ?','4.6',22,'',5,47),(356,'Rgaa30-4-7','Chaque média temporel pré-enregistré a-t-il, si nécessaire, une audio-description synchronisée (hors cas particuliers) ?','4.7',23,'',5,47),(357,'Rgaa30-4-8','Pour chaque média temporel pré-enregistré ayant une audio-description synchronisée, celle-ci est-elle pertinente ?','4.8',24,'',5,47),(358,'Rgaa30-4-9','Chaque média temporel pré-enregistré a-t-il, si nécessaire, une interprétation en langue des signes (hors cas particuliers) ?','4.9',25,'',5,47),(359,'Rgaa30-4-10','Pour chaque média temporel pré-enregistré ayant une interprétation en langue des signes, celle-ci est-elle pertinente ?','4.10',26,'',5,47),(360,'Rgaa30-4-11','Chaque média temporel pré-enregistré a-t-il, si nécessaire, une audio-description étendue synchronisée (hors cas particuliers) ?','4.11',27,'',5,47),(361,'Rgaa30-4-12','Pour chaque média temporel pré-enregistré ayant une audio-description étendue synchronisée, celle-ci est-elle pertinente ?','4.12',28,'',5,47),(362,'Rgaa30-4-13','Chaque média temporel synchronisé ou seulement vidéo a-t-il, si nécessaire, une transcription textuelle (hors cas particuliers) ?','4.13',29,'',5,47),(363,'Rgaa30-4-14','Pour chaque média temporel synchronisé ou seulement vidéo, ayant une transcription textuelle, celle-ci est-elle pertinente ?','4.14',30,'',5,47),(364,'Rgaa30-4-15','Chaque média temporel est-il clairement identifiable (hors cas particuliers) ?','4.15',31,'',5,47),(365,'Rgaa30-4-16','Chaque média non temporel a-t-il, si nécessaire, une alternative (hors cas particuliers) ?','4.16',32,'',5,47),(366,'Rgaa30-4-17','Pour chaque média non temporel ayant une alternative, cette alternative est-elle pertinente ?','4.17',33,'',5,47),(367,'Rgaa30-4-18','Chaque son déclenché automatiquement est-il contrôlable par lutilisateur ?','4.18',34,'',5,47),(368,'Rgaa30-4-19','Pour chaque média temporel seulement audio pré-enregistré, les dialogues sont-ils suffisamment audibles (hors cas particuliers) ?','4.19',35,'',5,47),(369,'Rgaa30-4-20','La consultation de chaque média temporel est-elle contrôlable par le clavier et la souris ?','4.20',36,'',5,47),(370,'Rgaa30-4-21','La consultation de chaque média non temporel est-elle contrôlable par le clavier et la souris ?','4.21',37,'',5,47),(371,'Rgaa30-4-22','Chaque média temporel et non temporel est-il compatible avec les technologies dassistance (hors cas particuliers) ?','4.22',38,'',5,47),(372,'Rgaa30-5-1','Chaque tableau de données complexe a-t-il un résumé ?','5.1',39,'',5,48),(373,'Rgaa30-5-2','Pour chaque tableau de données complexe ayant un résumé, celui-ci est-il pertinent ?','5.2',40,'',5,48),(374,'Rgaa30-5-3','Pour chaque tableau de mise en forme, le contenu linéarisé reste-t-il compréhensible ?','5.3',41,'',5,48),(375,'Rgaa30-5-4','Chaque tableau de données a-t-il un titre ?','5.4',42,'',5,48),(376,'Rgaa30-5-5','Pour chaque tableau de données ayant un titre, celui-ci est-il pertinent ?','5.5',43,'',5,48),(377,'Rgaa30-5-6','Pour chaque tableau de données, chaque en-tête de colonnes et chaque en-tête de lignes sont-ils correctement déclarés ?','5.6',44,'',5,48),(378,'Rgaa30-5-7','Pour chaque tableau de données, la technique appropriée permettant dassocier chaque cellule avec ses en-têtes est-elle utilisée ?','5.7',45,'',5,48),(379,'Rgaa30-5-8','Chaque tableau de mise en forme ne doit pas utiliser déléments propres aux tableaux de données. Cette règle est-elle respectée ?','5.8',46,'',5,48),(380,'Rgaa30-6-1','Chaque lien est-il explicite (hors cas particuliers) ?','6.1',47,'',5,49),(381,'Rgaa30-6-2','Pour chaque lien ayant un titre de lien, celui-ci est-il pertinent ?','6.2',48,'',5,49),(382,'Rgaa30-6-3','Chaque intitulé de lien seul est-il explicite hors contexte (hors cas particuliers) ?','6.3',49,'',5,49),(383,'Rgaa30-6-4','Chaque lien identique a-t-il les mêmes fonction et destination ?','6.4',50,'',5,49),(384,'Rgaa30-6-5','Dans chaque page Web, chaque lien, à lexception des ancres, a-t-il un intitulé ?','6.5',51,'',5,49),(385,'Rgaa30-7-1','Chaque script est-il, si nécessaire, compatible avec les technologies dassistance ?','7.1',52,'',5,50),(386,'Rgaa30-7-2','Pour chaque script ayant une alternative, cette alternative est-elle pertinente ?','7.2',53,'',5,50),(387,'Rgaa30-7-3','Chaque script est-il contrôlable par le clavier et la souris (hors cas particuliers) ?','7.3',54,'',5,50),(388,'Rgaa30-7-4','Pour chaque script qui initie un changement de contexte, lutilisateur est-il averti ou en a-t-il le contrôle ?','7.4',55,'',5,50),(389,'Rgaa30-7-5','Chaque script qui provoque une alerte non sollicitée est-il contrôlable par lutilisateur (hors cas particuliers) ?','7.5',56,'',5,50),(390,'Rgaa30-8-1','Chaque page Web est-elle définie par un type de document ?','8.1',57,'',5,51),(391,'Rgaa30-8-2','Pour chaque page Web, le code source est-il valide selon le type de document spécifié sauf cas particulier ?','8.2',58,'',5,51),(392,'Rgaa30-8-3','Dans chaque page Web, la langue par défaut est-elle présente ?','8.3',59,'',5,51),(393,'Rgaa30-8-4','Pour chaque page Web ayant une langue par défaut, le code de langue est-il pertinent ?','8.4',60,'',5,51),(394,'Rgaa30-8-5','Chaque page Web a-t-elle un titre de page ?','8.5',61,'',5,51),(395,'Rgaa30-8-6','Pour chaque page Web ayant un titre de page, ce titre est-il pertinent ?','8.6',62,'',5,51),(396,'Rgaa30-8-7','Dans chaque page Web, chaque changement de langue est-il indiqué dans le code source (hors cas particuliers) ?','8.7',63,'',5,51),(397,'Rgaa30-8-8','Dans chaque page Web, chaque changement de langue est-il pertinent ?','8.8',64,'',5,51),(398,'Rgaa30-8-9','Dans chaque page Web, les balises ne doivent pas être utilisées uniquement à des fins de présentation. Cette règle est-elle respectée ?','8.9',65,'',5,51),(399,'Rgaa30-8-10','Dans chaque page Web, les changements du sens de lecture sont-ils signalés ?','8.10',66,'',5,51),(400,'Rgaa30-9-1','Dans chaque page Web, linformation est-elle structurée par lutilisation appropriée de titres ?','9.1',67,'',5,52),(401,'Rgaa30-9-2','Dans chaque page Web, la structure du document est-elle cohérente ?','9.2',68,'',5,52),(402,'Rgaa30-9-3','Dans chaque page Web, chaque liste est-elle correctement structurée ?','9.3',69,'',5,52),(403,'Rgaa30-9-4','Dans chaque page Web, la première occurrence de chaque abréviation permet-elle den connaître la signification ?','9.4',70,'',5,52),(404,'Rgaa30-9-5','Dans chaque page Web, la signification de chaque abréviation est-elle pertinente ?','9.5',71,'',5,52),(405,'Rgaa30-9-6','Dans chaque page Web, chaque citation est-elle correctement indiquée ?','9.6',72,'',5,52),(406,'Rgaa30-10-1','Dans le site Web, des feuilles de styles sont-elles utilisées pour contrôler la présentation de linformation ?','10.1',73,'',5,53),(407,'Rgaa30-10-2','Dans chaque page Web, le contenu visible reste-t-il présent lorsque les feuilles de styles ou les images sont désactivées ?','10.2',74,'',5,53),(408,'Rgaa30-10-3','Dans chaque page Web, linformation reste-t-elle compréhensible lorsque les feuilles de styles sont désactivées ?','10.3',75,'',5,53),(409,'Rgaa30-10-4','Dans chaque page Web, le texte reste-t-il lisible lorsque la taille des caractères est augmentée jusquà 200%, au moins ?','10.4',76,'',5,53),(410,'Rgaa30-10-5','Dans chaque page Web, les déclarations CSS de couleurs de fond délément et de police sont-elles correctement utilisées?','10.5',77,'',5,53),(411,'Rgaa30-10-6','Dans chaque page Web, chaque lien dont la nature nest pas évidente est-il visible par rapport au texte environnant ?','10.6',78,'',5,53),(412,'Rgaa30-10-7','Dans chaque page Web, pour chaque élément recevant le focus, la prise de focus est-elle visible ?','10.7',79,'',5,53),(413,'Rgaa30-10-8','Dans chaque page Web, le choix de la couleur de fond et de police du texte est-il contrôlable par lutilisateur ?','10.8',80,'',5,53),(414,'Rgaa30-10-9','Pour chaque page Web, le texte ne doit pas être justifié. Cette règle est-elle respectée ?','10.9',81,'',5,53),(415,'Rgaa30-10-10','Pour chaque page Web, en affichage plein écran et avec une taille de police à 200%, chaque bloc de texte reste-t-il lisible sans lutilisation de la barre de défilement horizontal ?','10.10',82,'',5,53),(416,'Rgaa30-10-11','Pour chaque page Web, les blocs de texte ont-ils une largeur inférieure ou égale à 80 caractères (hors cas particuliers) ?','10.11',83,'',5,53),(417,'Rgaa30-10-12','Pour chaque page Web, lespace entre les lignes et les paragraphes est-il suffisant ?','10.12',84,'',5,53),(418,'Rgaa30-10-13','Pour chaque page Web, les textes cachés sont-ils correctement restitués par les technologies dassistance ?','10.13',85,'',5,53),(419,'Rgaa30-10-14','Dans chaque page Web, linformation ne doit pas être donnée uniquement par la forme, taille ou position. Cette règle est-elle respectée ?','10.14',86,'',5,53),(420,'Rgaa30-10-15','Dans chaque page Web, linformation ne doit pas être donnée par la forme, taille ou position uniquement. Cette règle est-elle implémentée de façon pertinente ?','10.15',87,'',5,53),(421,'Rgaa30-11-1','Chaque champ de formulaire a-t-il une étiquette ?','11.1',88,'',5,54),(422,'Rgaa30-11-2','Chaque étiquette associée à un champ de formulaire est-elle pertinente ?','11.2',89,'',5,54),(423,'Rgaa30-11-3','Dans chaque formulaire, chaque étiquette associée à un champ de formulaire ayant la même fonction et répétée plusieurs fois dans une même page ou dans un ensemble de pages est-elle cohérente ?','11.3',90,'',5,54),(424,'Rgaa30-11-4','Dans chaque formulaire, chaque étiquette de champ et son champ associé sont-ils accolés ?','11.4',91,'',5,54),(425,'Rgaa30-11-5','Dans chaque formulaire, les informations de même nature sont-elles regroupées, si nécessaire ?','11.5',92,'',5,54),(426,'Rgaa30-11-6','Dans chaque formulaire, chaque regroupement de champs de formulaire a-t-il une légende ?','11.6',93,'',5,54),(427,'Rgaa30-11-7','Dans chaque formulaire, chaque légende associée à un groupement de champs de formulaire est-elle pertinente ?','11.7',94,'',5,54),(428,'Rgaa30-11-8','Dans chaque formulaire, chaque liste de choix est-elle structurée de manière pertinente ?','11.8',95,'',5,54),(429,'Rgaa30-11-9','Dans chaque formulaire, lintitulé de chaque bouton est-il pertinent ?','11.9',96,'',5,54),(430,'Rgaa30-11-10','Dans chaque formulaire, le contrôle de saisie est-il utilisé de manière pertinente ?','11.10',97,'',5,54),(431,'Rgaa30-11-11','Dans chaque formulaire, le contrôle de saisie est-il accompagné, si possible, de suggestions facilitant la correction des erreurs de saisie ?','11.11',98,'',5,54),(432,'Rgaa30-11-12','Pour chaque formulaire, les données à caractère financier, juridique ou personnel peuvent-elles être modifiées, mise à jour ou récupérées par lutilisateur ?','11.12',99,'',5,54),(433,'Rgaa30-11-13','Pour chaque formulaire, toutes les données peuvent-elles être modifiées, mises à jour ou récupérées par lutilisateur ?','11.13',100,'',5,54),(434,'Rgaa30-11-14','Pour chaque formulaire, des aides à la saisie sont-elles présentes ?','11.14',101,'',5,54),(435,'Rgaa30-11-15','Pour chaque formulaire, chaque aide à la saisie est-elle pertinente ?','11.15',102,'',5,54),(436,'Rgaa30-12-1','Chaque ensemble de pages dispose-t-il de deux systèmes de navigation différents, au moins (hors cas particuliers) ?','12.1',103,'',5,55),(437,'Rgaa30-12-2','Dans chaque ensemble de pages, le menu ou les barres de navigation sont-ils toujours à la même place (hors cas particuliers) ?','12.2',104,'',5,55),(438,'Rgaa30-12-3','Dans chaque ensemble de pages, le menu et les barres de navigation ont-ils une présentation cohérente (hors cas particuliers) ?','12.3',105,'',5,55),(439,'Rgaa30-12-4','La page \"plan du site\" est-elle pertinente ?','12.4',106,'',5,55),(440,'Rgaa30-12-5','Dans chaque ensemble de pages, la page \"plan du site\" est-elle atteignable de manière identique ?','12.5',107,'',5,55),(441,'Rgaa30-12-6','Dans chaque ensemble de pages, le moteur de recherche est-il atteignable de manière identique ?','12.6',108,'',5,55),(442,'Rgaa30-12-7','Dans chaque page dune collection de pages, des liens facilitant la navigation sont-ils présents ?','12.7',109,'',5,55),(443,'Rgaa30-12-8','Dans chaque page web, un fil dAriane est-il présent ?','12.8',110,'',5,55),(444,'Rgaa30-12-9','Dans chaque page Web, le fil dAriane est-il pertinent ?','12.9',111,'',5,55),(445,'Rgaa30-12-10','Dans chaque page Web, les groupes de liens importants (menu, barre de navigation...) et la zone de contenu sont-ils identifiés ?','12.10',112,'',5,55),(446,'Rgaa30-12-11','Dans chaque page Web, des liens dévitement ou daccès rapide aux groupes de liens importants et à la zone de contenu sont-ils présents ?','12.11',113,'',5,55),(447,'Rgaa30-12-12','Dans chaque page Web, la page en cours de consultation est-elle indiquée dans le menu de navigation ?','12.12',114,'',5,55),(448,'Rgaa30-12-13','Dans chaque page Web, lordre de tabulation est-il cohérent ?','12.13',115,'',5,55),(449,'Rgaa30-12-14','Dans chaque page Web, la navigation ne doit pas contenir de piège au clavier. Cette règle est-elle respectée ?','12.14',116,'',5,55),(450,'Rgaa30-13-1','Pour chaque page Web, lutilisateur a-t-il le contrôle de chaque limite de temps modifiant le contenu (hors cas particuliers) ?','13.1',117,'',5,56),(451,'Rgaa30-13-2','Dans chaque page Web, pour chaque ouverture de nouvelle fenêtre, lutilisateur est-il averti ?','13.2',118,'',5,56),(452,'Rgaa30-13-3','Dans chaque page Web, louverture dune nouvelle fenêtre ne doit pas être déclenchée sans action de lutilisateur. Cette règle est-elle respectée ?','13.3',119,'',5,56),(453,'Rgaa30-13-4','Dans chaque page Web, une tâche ne doit pas requérir de limite de temps pour être réalisée, sauf si elle se déroule en temps réel ou si cette limite de temps est essentielle. Cette règle est-elle respectée ?','13.4',120,'',5,56),(454,'Rgaa30-13-5','Dans chaque page Web, lors dune interruption de session authentifiée, les données saisies par lutilisateur sont-elles récupérées après ré-authentification ?','13.5',121,'',5,56),(455,'Rgaa30-13-6','Dans chaque page Web, pour chaque fichier en téléchargement, des informations relatives à sa consultation sont-elles présentes (hors cas particuliers) ?','13.6',122,'',5,56),(456,'Rgaa30-13-7','Dans chaque page Web, chaque document bureautique en téléchargement possède-t-il, si nécessaire, une version accessible (hors cas particuliers) ?','13.7',123,'',5,56),(457,'Rgaa30-13-8','Pour chaque document bureautique ayant une version accessible, cette version offre-t-elle la même information ?','13.8',124,'',5,56),(458,'Rgaa30-13-9','Dans chaque page Web, les expressions inhabituelles, les expressions idiomatiques ou le jargon sont-ils explicités ?','13.9',125,'',5,56),(459,'Rgaa30-13-10','Dans chaque page Web, pour chaque expression inhabituelle ou limitée, idiomatique ou de jargon ayant une définition, cette définition est-elle pertinente ?','13.10',126,'',5,56),(460,'Rgaa30-13-11','Dans chaque page Web, chaque contenu cryptique (art ascii, émoticon, syntaxe cryptique) a-t-il une alternative ?','13.11',127,'',5,56),(461,'Rgaa30-13-12','Dans chaque page Web, pour chaque contenu cryptique (art ascii, émoticon, syntaxe cryptique) ayant une alternative, cette alternative est-elle pertinente ?','13.12',128,'',5,56),(462,'Rgaa30-13-13','Dans chaque page Web, pour chaque mot dont le sens ne peut être compris sans en connaître la prononciation, celle-ci est-elle indiquée ?','13.13',129,'',5,56),(463,'Rgaa30-13-14','Dans chaque page Web, chaque texte qui nécessite un niveau de lecture plus avancé que le premier cycle de lenseignement secondaire a-t-il une version alternative ?','13.14',130,'',5,56),(464,'Rgaa30-13-15','Dans chaque page Web, les changements brusques de luminosité ou les effets de flash sont-ils correctement utilisés ?','13.15',131,'',5,56),(465,'Rgaa30-13-16','Dans chaque page Web, les changements brusques de luminosité ou les effets de flash ont-ils une fréquence inférieure ou égale à 3 par seconde ?','13.16',132,'',5,56),(466,'Rgaa30-13-17','Dans chaque page Web, chaque contenu en mouvement ou clignotant est-il contrôlable par lutilisateur ?','13.17',133,'',5,56),(467,'Seo-0101','','01.01',1001,' ',6,57),(468,'Seo-0102','','01.02',1002,' ',6,57),(469,'Seo-0103','','01.03',1003,' ',6,57),(470,'Seo-0104','','01.04',1004,' ',6,57),(471,'Seo-0105','','01.05',1005,' ',6,57),(472,'Seo-0201','','02.01',1006,' ',6,58),(473,'Seo-0301','','03.01',1007,' ',6,59),(474,'Seo-0501','','05.01',1009,' ',6,60),(475,'Seo-0601','','06.01',1010,' ',6,61),(476,'Seo-0602','','06.02',1011,' ',6,61),(477,'Seo-0603','','06.03',1012,' ',6,61),(478,'Seo-0604','','06.04',1013,' ',6,61),(479,'Seo-0605','','06.05',1014,' ',6,61),(480,'Seo-0701','','07.01',1015,' ',6,62),(481,'Seo-0702','','07.02',1016,' ',6,62),(482,'Seo-0705','','07.05',1017,' ',6,62),(483,'Seo-0706','','07.06',1018,' ',6,62),(484,'Seo-0106','','01.05',1020,' ',6,57),(485,'Seo-0801','','08.01',1021,' ',6,63),(486,'Seo-0107','','01.07',1022,' ',6,57),(487,'Seo-0108','','01.08',1023,' ',6,57);
/*!40000 ALTER TABLE `CRITERION` ENABLE KEYS */;
UNLOCK TABLES;

--
-- Table structure for table `CRITERION_STATISTICS`
--

DROP TABLE IF EXISTS `CRITERION_STATISTICS`;
/*!40101 SET @saved_cs_client     = @@character_set_client */;
/*!40101 SET character_set_client = utf8 */;
CREATE TABLE `CRITERION_STATISTICS` (
  `Id_Criterion_Statistics` bigint(20) NOT NULL AUTO_INCREMENT,
  `Nb_Passed` int(11) DEFAULT NULL,
  `Nb_Failed` int(11) DEFAULT NULL,
  `Nb_Nmi` int(11) DEFAULT NULL,
  `Nb_Na` int(11) DEFAULT NULL,
  `Nb_Suspected` int(11) DEFAULT NULL,
  `Nb_Detected` int(11) DEFAULT NULL,
  `Nb_Not_Tested` int(11) DEFAULT NULL,
  `Criterion_Result` varchar(255) DEFAULT NULL,
  `Id_Criterion` bigint(20) DEFAULT NULL,
  `Id_Web_Resource_Statistics` bigint(20) DEFAULT NULL,
  PRIMARY KEY (`Id_Criterion_Statistics`),
  KEY `fk_CRITERION_STATISTICS_CRITERION` (`Id_Criterion`),
  KEY `fk_CRITERION_STATISTICS_WEB_RESOURCE_STATISTICS` (`Id_Web_Resource_Statistics`),
  CONSTRAINT `fk_CRITERION_STATISTICS_CRITERION` FOREIGN KEY (`Id_Criterion`) REFERENCES `CRITERION` (`Id_Criterion`) ON DELETE CASCADE ON UPDATE NO ACTION,
  CONSTRAINT `fk_CRITERION_STATISTICS_WEB_RESOURCE_STATISTICS` FOREIGN KEY (`Id_Web_Resource_Statistics`) REFERENCES `WEB_RESOURCE_STATISTICS` (`Id_Web_Resource_Statistics`) ON DELETE CASCADE ON UPDATE NO ACTION
) ENGINE=InnoDB DEFAULT CHARSET=utf8;
/*!40101 SET character_set_client = @saved_cs_client */;

--
-- Dumping data for table `CRITERION_STATISTICS`
--

LOCK TABLES `CRITERION_STATISTICS` WRITE;
/*!40000 ALTER TABLE `CRITERION_STATISTICS` DISABLE KEYS */;
/*!40000 ALTER TABLE `CRITERION_STATISTICS` ENABLE KEYS */;
UNLOCK TABLES;

--
-- Table structure for table `DECISION_LEVEL`
--

DROP TABLE IF EXISTS `DECISION_LEVEL`;
/*!40101 SET @saved_cs_client     = @@character_set_client */;
/*!40101 SET character_set_client = utf8 */;
CREATE TABLE `DECISION_LEVEL` (
  `Id_Decision_Level` bigint(20) NOT NULL AUTO_INCREMENT,
  `Cd_Decision_Level` varchar(255) DEFAULT NULL,
  `Description` varchar(255) DEFAULT NULL,
  `Label` varchar(255) NOT NULL,
  PRIMARY KEY (`Id_Decision_Level`)
) ENGINE=InnoDB DEFAULT CHARSET=utf8;
/*!40101 SET character_set_client = @saved_cs_client */;

--
-- Dumping data for table `DECISION_LEVEL`
--

LOCK TABLES `DECISION_LEVEL` WRITE;
/*!40000 ALTER TABLE `DECISION_LEVEL` DISABLE KEYS */;
/*!40000 ALTER TABLE `DECISION_LEVEL` ENABLE KEYS */;
UNLOCK TABLES;

--
-- Table structure for table `EVIDENCE`
--

DROP TABLE IF EXISTS `EVIDENCE`;
/*!40101 SET @saved_cs_client     = @@character_set_client */;
/*!40101 SET character_set_client = utf8 */;
CREATE TABLE `EVIDENCE` (
  `Id_Evidence` bigint(20) NOT NULL AUTO_INCREMENT,
  `Cd_Evidence` varchar(255) DEFAULT NULL,
  `Description` varchar(255) DEFAULT NULL,
  `Long_Label` varchar(255) DEFAULT NULL,
  PRIMARY KEY (`Id_Evidence`)
) ENGINE=InnoDB AUTO_INCREMENT=1004 DEFAULT CHARSET=utf8;
/*!40101 SET character_set_client = @saved_cs_client */;

--
-- Dumping data for table `EVIDENCE`
--

LOCK TABLES `EVIDENCE` WRITE;
/*!40000 ALTER TABLE `EVIDENCE` DISABLE KEYS */;
INSERT INTO `EVIDENCE` VALUES (1,'Element-Name',NULL,NULL),(2,'src',NULL,NULL),(3,'Css-Selector',NULL,NULL),(4,'Previous-H-Tag-Index',NULL,NULL),(5,'First-H-Tag-Index',NULL,NULL),(6,'Node',NULL,NULL),(7,'href',NULL,NULL),(8,'Link-Title-Attribut',NULL,NULL),(9,'Link-Text',NULL,NULL),(10,'Link-Href-Attribut',NULL,NULL),(11,'Language',NULL,NULL),(12,'Detected-Language',NULL,NULL),(13,'Extracted-Text',NULL,NULL),(14,'Css-Filename',NULL,NULL),(15,'Snippet',NULL,NULL),(16,'title',NULL,NULL),(17,'text',NULL,NULL),(18,'label',NULL,NULL),(19,'precomputed-test-result',NULL,NULL),(20,'code',NULL,NULL),(21,'Foreground-Color',NULL,NULL),(22,'Background-Color',NULL,NULL),(23,'alt',NULL,NULL),(24,'data',NULL,NULL),(25,'longdesc',NULL,NULL),(26,'summary',NULL,NULL),(27,'Previous-H-Tag-Index2',NULL,NULL),(28,'First-H-Tag-Index2',NULL,NULL),(29,'Contrast',NULL,NULL),(30,'lang',NULL,NULL),(31,'xml-lang',NULL,NULL),(32,'content',NULL,NULL),(33,'value',NULL,NULL),(34,'Default-Language',NULL,NULL),(35,'Current-Language',NULL,NULL),(36,'aria-label',NULL,NULL),(37,'aria-labelledby',NULL,NULL),(38,'aria-describedby',NULL,NULL),(39,'role',NULL,NULL),(1000,'Url',NULL,NULL),(1002,'H1',NULL,NULL),(1003,'MetaDescription',NULL,NULL);
/*!40000 ALTER TABLE `EVIDENCE` ENABLE KEYS */;
UNLOCK TABLES;

--
-- Table structure for table `EVIDENCE_ELEMENT`
--

DROP TABLE IF EXISTS `EVIDENCE_ELEMENT`;
/*!40101 SET @saved_cs_client     = @@character_set_client */;
/*!40101 SET character_set_client = utf8 */;
CREATE TABLE `EVIDENCE_ELEMENT` (
  `Id_Evidence_Element` bigint(20) NOT NULL AUTO_INCREMENT,
  `Element_Value` mediumtext NOT NULL,
  `EVIDENCE_Id_Evidence` bigint(20) DEFAULT NULL,
  `PROCESS_REMARK_Id_Process_Remark` bigint(20) DEFAULT NULL,
  PRIMARY KEY (`Id_Evidence_Element`),
  KEY `FK698B98F4C94A0CBA` (`EVIDENCE_Id_Evidence`),
  KEY `FK698B98F425AD22C4` (`PROCESS_REMARK_Id_Process_Remark`),
  CONSTRAINT `FK698B98F4C94A0CBA` FOREIGN KEY (`EVIDENCE_Id_Evidence`) REFERENCES `EVIDENCE` (`Id_Evidence`),
  CONSTRAINT `FK698B98F425AD22C4` FOREIGN KEY (`PROCESS_REMARK_Id_Process_Remark`) REFERENCES `PROCESS_REMARK` (`Id_Process_Remark`) ON DELETE CASCADE
) ENGINE=InnoDB DEFAULT CHARSET=utf8;
/*!40101 SET character_set_client = @saved_cs_client */;

--
-- Dumping data for table `EVIDENCE_ELEMENT`
--

LOCK TABLES `EVIDENCE_ELEMENT` WRITE;
/*!40000 ALTER TABLE `EVIDENCE_ELEMENT` DISABLE KEYS */;
/*!40000 ALTER TABLE `EVIDENCE_ELEMENT` ENABLE KEYS */;
UNLOCK TABLES;

--
-- Table structure for table `LEVEL`
--

DROP TABLE IF EXISTS `LEVEL`;
/*!40101 SET @saved_cs_client     = @@character_set_client */;
/*!40101 SET character_set_client = utf8 */;
CREATE TABLE `LEVEL` (
  `Id_Level` bigint(20) NOT NULL AUTO_INCREMENT,
  `Cd_Level` varchar(255) DEFAULT NULL,
  `Description` varchar(255) DEFAULT NULL,
  `Label` varchar(255) DEFAULT NULL,
  `Rank` int(11) DEFAULT NULL,
  PRIMARY KEY (`Id_Level`)
) ENGINE=InnoDB AUTO_INCREMENT=4 DEFAULT CHARSET=utf8;
/*!40101 SET character_set_client = @saved_cs_client */;

--
-- Dumping data for table `LEVEL`
--

LOCK TABLES `LEVEL` WRITE;
/*!40000 ALTER TABLE `LEVEL` DISABLE KEYS */;
INSERT INTO `LEVEL` VALUES (1,'LEVEL_1',NULL,'Level 1',1),(2,'LEVEL_2',NULL,'Level 2',2),(3,'LEVEL_3',NULL,'Level 3',3);
/*!40000 ALTER TABLE `LEVEL` ENABLE KEYS */;
UNLOCK TABLES;

--
-- Table structure for table `NOMENCLATURE`
--

DROP TABLE IF EXISTS `NOMENCLATURE`;
/*!40101 SET @saved_cs_client     = @@character_set_client */;
/*!40101 SET character_set_client = utf8 */;
CREATE TABLE `NOMENCLATURE` (
  `Id_Nomenclature` bigint(20) NOT NULL AUTO_INCREMENT,
  `Cd_Nomenclature` varchar(255) DEFAULT NULL,
  `Description` varchar(255) DEFAULT NULL,
  `Long_Label` varchar(255) DEFAULT NULL,
  `Short_Label` varchar(255) DEFAULT NULL,
  `Id_Nomenclature_Parent` bigint(20) DEFAULT NULL,
  PRIMARY KEY (`Id_Nomenclature`),
  KEY `FKBF856B7795431825` (`Id_Nomenclature_Parent`),
  CONSTRAINT `FKBF856B7795431825` FOREIGN KEY (`Id_Nomenclature_Parent`) REFERENCES `NOMENCLATURE` (`Id_Nomenclature`)
) ENGINE=InnoDB AUTO_INCREMENT=25 DEFAULT CHARSET=utf8;
/*!40101 SET character_set_client = @saved_cs_client */;

--
-- Dumping data for table `NOMENCLATURE`
--

LOCK TABLES `NOMENCLATURE` WRITE;
/*!40000 ALTER TABLE `NOMENCLATURE` DISABLE KEYS */;
INSERT INTO `NOMENCLATURE` VALUES (1,'FormsButtonTypes',NULL,NULL,NULL,NULL),(2,'JSWindowOpen',NULL,NULL,NULL,NULL),(3,'NotificationNewWindowWhitelist',NULL,NULL,NULL,NULL),(4,'FormsButtonWhitelist',NULL,NULL,NULL,NULL),(5,'FormsButtonBlacklist',NULL,NULL,NULL,NULL),(6,'LinkTextWhitelist',NULL,NULL,NULL,NULL),(7,'LinkTextBlacklist',NULL,NULL,NULL,NULL),(8,'PossibleImageTags',NULL,NULL,NULL,NULL),(9,'RelativeCssUnits',NULL,NULL,NULL,NULL),(10,'ValidLanguageCode',NULL,NULL,NULL,NULL),(11,'DeprecatedRepresentationTags',NULL,NULL,NULL,NULL),(12,'UnexplicitPageTitle',NULL,NULL,NULL,NULL),(13,'ImageFileExtensions',NULL,NULL,NULL,NULL),(14,'MediaListNotAcceptingRelativeUnits',NULL,NULL,NULL,NULL),(15,'DeprecatedRepresentationAttributes',NULL,NULL,NULL,NULL),(16,'DeprecatedRepresentationAttributesWithExceptions',NULL,NULL,NULL,NULL),(17,'RecommendedDoctypeDeclarations',NULL,NULL,NULL,NULL),(18,'XhtmlDoctypeDeclarations',NULL,NULL,NULL,NULL),(19,'RecommendedCaseInsensitiveDoctypeDeclarations',NULL,NULL,NULL,NULL),(20,'DeprecatedRepresentationTagsV2',NULL,NULL,NULL,NULL),(21,'DeprecatedRepresentationAttributesV2',NULL,NULL,NULL,NULL),(22,'OfficeDocumentExtensions',NULL,NULL,NULL,NULL),(23,'BrowserReadableExtensions',NULL,NULL,NULL,NULL),(24,'DownloadableDocumentExtensions',NULL,NULL,NULL,NULL);
/*!40000 ALTER TABLE `NOMENCLATURE` ENABLE KEYS */;
UNLOCK TABLES;

--
-- Table structure for table `NOMENCLATURE_ELEMENT`
--

DROP TABLE IF EXISTS `NOMENCLATURE_ELEMENT`;
/*!40101 SET @saved_cs_client     = @@character_set_client */;
/*!40101 SET character_set_client = utf8 */;
CREATE TABLE `NOMENCLATURE_ELEMENT` (
  `DTYPE` varchar(31) NOT NULL,
  `Id_Nomenclature_Element` bigint(20) NOT NULL AUTO_INCREMENT,
  `Label` varchar(255) NOT NULL,
  `shortValue` int(11) DEFAULT NULL,
  `Id_Nomenclature` bigint(20) DEFAULT NULL,
  PRIMARY KEY (`Id_Nomenclature_Element`),
  KEY `FK44F856145FAB5EF2` (`Id_Nomenclature`),
  CONSTRAINT `FK44F856145FAB5EF2` FOREIGN KEY (`Id_Nomenclature`) REFERENCES `NOMENCLATURE` (`Id_Nomenclature`)
) ENGINE=InnoDB AUTO_INCREMENT=1100 DEFAULT CHARSET=utf8;
/*!40101 SET character_set_client = @saved_cs_client */;

--
-- Dumping data for table `NOMENCLATURE_ELEMENT`
--

LOCK TABLES `NOMENCLATURE_ELEMENT` WRITE;
/*!40000 ALTER TABLE `NOMENCLATURE_ELEMENT` DISABLE KEYS */;
INSERT INTO `NOMENCLATURE_ELEMENT` VALUES ('NomenclatureElementImpl',1,'reset',NULL,1),('NomenclatureElementImpl',2,'submit',NULL,1),('NomenclatureElementImpl',3,'button',NULL,1),('NomenclatureElementImpl',4,'window.open',NULL,2),('NomenclatureElementImpl',5,'javascript:window.open',NULL,2),('NomenclatureElementImpl',6,'new window',NULL,3),('NomenclatureElementImpl',7,'nouvelle fenêtre',NULL,3),('NomenclatureElementImpl',8,'s\'inscrire',NULL,5),('NomenclatureElementImpl',9,'go',NULL,5),('NomenclatureElementImpl',10,'inscrire',NULL,5),('NomenclatureElementImpl',11,'valider',NULL,5),('NomenclatureElementImpl',12,'envoyer',NULL,5),('NomenclatureElementImpl',13,'submit',NULL,5),('NomenclatureElementImpl',14,'poster',NULL,5),('NomenclatureElementImpl',15,'retour à l\'accueil',NULL,6),('NomenclatureElementImpl',16,'back home',NULL,6),('NomenclatureElementImpl',17,'here',NULL,7),('NomenclatureElementImpl',18,'this link',NULL,7),('NomenclatureElementImpl',19,'there',NULL,7),('NomenclatureElementImpl',20,'en savoir plus...',NULL,7),('NomenclatureElementImpl',21,'more',NULL,7),('NomenclatureElementImpl',22,'en savoir plus',NULL,7),('NomenclatureElementImpl',23,'ici',NULL,7),('NomenclatureElementImpl',24,'plus',NULL,7),('NomenclatureElementImpl',25,'là',NULL,7),('NomenclatureElementImpl',26,'cliquez ici',NULL,7),('NomenclatureElementImpl',27,'ce lien',NULL,7),('NomenclatureElementImpl',28,'post précédent',NULL,7),('NomenclatureElementImpl',29,'lire la suite',NULL,7),('NomenclatureElementImpl',30,'click here',NULL,7),('NomenclatureElementImpl',31,'object',NULL,8),('NomenclatureElementImpl',32,'img',NULL,8),('NomenclatureCssUnitImpl',33,'pc',22,9),('NomenclatureCssUnitImpl',34,'cm',19,9),('NomenclatureCssUnitImpl',35,'in',18,9),('NomenclatureCssUnitImpl',36,'pt',21,9),('NomenclatureCssUnitImpl',37,'mm',20,9),('NomenclatureElementImpl',38,'kk',NULL,10),('NomenclatureElementImpl',39,'th',NULL,10),('NomenclatureElementImpl',40,'cs',NULL,10),('NomenclatureElementImpl',41,'vi',NULL,10),('NomenclatureElementImpl',42,'hi',NULL,10),('NomenclatureElementImpl',43,'ur',NULL,10),('NomenclatureElementImpl',44,'af',NULL,10),('NomenclatureElementImpl',45,'tl',NULL,10),('NomenclatureElementImpl',46,'bh',NULL,10),('NomenclatureElementImpl',47,'ta',NULL,10),('NomenclatureElementImpl',48,'zh',NULL,10),('NomenclatureElementImpl',49,'wa',NULL,10),('NomenclatureElementImpl',50,'ae',NULL,10),('NomenclatureElementImpl',51,'fy',NULL,10),('NomenclatureElementImpl',52,'bn',NULL,10),('NomenclatureElementImpl',53,'sw',NULL,10),('NomenclatureElementImpl',54,'sd',NULL,10),('NomenclatureElementImpl',55,'mi',NULL,10),('NomenclatureElementImpl',56,'la',NULL,10),('NomenclatureElementImpl',57,'gv',NULL,10),('NomenclatureElementImpl',58,'no',NULL,10),('NomenclatureElementImpl',59,'or',NULL,10),('NomenclatureElementImpl',60,'tk',NULL,10),('NomenclatureElementImpl',61,'bs',NULL,10),('NomenclatureElementImpl',62,'ko',NULL,10),('NomenclatureElementImpl',63,'et',NULL,10),('NomenclatureElementImpl',64,'aa',NULL,10),('NomenclatureElementImpl',65,'ja',NULL,10),('NomenclatureElementImpl',66,'rm',NULL,10),('NomenclatureElementImpl',67,'ks',NULL,10),('NomenclatureElementImpl',68,'ca',NULL,10),('NomenclatureElementImpl',69,'sn',NULL,10),('NomenclatureElementImpl',70,'en',NULL,10),('NomenclatureElementImpl',71,'nl',NULL,10),('NomenclatureElementImpl',72,'ss',NULL,10),('NomenclatureElementImpl',73,'ab',NULL,10),('NomenclatureElementImpl',74,'tg',NULL,10),('NomenclatureElementImpl',75,'st',NULL,10),('NomenclatureElementImpl',76,'da',NULL,10),('NomenclatureElementImpl',77,'bo',NULL,10),('NomenclatureElementImpl',78,'sg',NULL,10),('NomenclatureElementImpl',79,'na',NULL,10),('NomenclatureElementImpl',80,'gl',NULL,10),('NomenclatureElementImpl',81,'si',NULL,10),('NomenclatureElementImpl',82,'rw',NULL,10),('NomenclatureElementImpl',83,'uz',NULL,10),('NomenclatureElementImpl',84,'te',NULL,10),('NomenclatureElementImpl',85,'kl',NULL,10),('NomenclatureElementImpl',86,'el',NULL,10),('NomenclatureElementImpl',87,'ba',NULL,10),('NomenclatureElementImpl',88,'tn',NULL,10),('NomenclatureElementImpl',89,'br',NULL,10),('NomenclatureElementImpl',90,'ky',NULL,10),('NomenclatureElementImpl',91,'ps',NULL,10),('NomenclatureElementImpl',92,'es',NULL,10),('NomenclatureElementImpl',93,'ch',NULL,10),('NomenclatureElementImpl',94,'sr',NULL,10),('NomenclatureElementImpl',95,'mk',NULL,10),('NomenclatureElementImpl',96,'qu',NULL,10),('NomenclatureElementImpl',97,'ka',NULL,10),('NomenclatureElementImpl',98,'fr',NULL,10),('NomenclatureElementImpl',99,'ne',NULL,10),('NomenclatureElementImpl',100,'he',NULL,10),('NomenclatureElementImpl',101,'co',NULL,10),('NomenclatureElementImpl',102,'uk',NULL,10),('NomenclatureElementImpl',103,'ga',NULL,10),('NomenclatureElementImpl',104,'tt',NULL,10),('NomenclatureElementImpl',105,'ms',NULL,10),('NomenclatureElementImpl',106,'pt',NULL,10),('NomenclatureElementImpl',107,'bg',NULL,10),('NomenclatureElementImpl',108,'ku',NULL,10),('NomenclatureElementImpl',109,'ny',NULL,10),('NomenclatureElementImpl',110,'so',NULL,10),('NomenclatureElementImpl',111,'ln',NULL,10),('NomenclatureElementImpl',112,'zu',NULL,10),('NomenclatureElementImpl',113,'fj',NULL,10),('NomenclatureElementImpl',114,'sk',NULL,10),('NomenclatureElementImpl',115,'is',NULL,10),('NomenclatureElementImpl',116,'ik',NULL,10),('NomenclatureElementImpl',117,'xh',NULL,10),('NomenclatureElementImpl',118,'ro',NULL,10),('NomenclatureElementImpl',119,'yi',NULL,10),('NomenclatureElementImpl',120,'be',NULL,10),('NomenclatureElementImpl',121,'ar',NULL,10),('NomenclatureElementImpl',122,'fi',NULL,10),('NomenclatureElementImpl',123,'my',NULL,10),('NomenclatureElementImpl',124,'gn',NULL,10),('NomenclatureElementImpl',125,'dz',NULL,10),('NomenclatureElementImpl',126,'su',NULL,10),('NomenclatureElementImpl',127,'hu',NULL,10),('NomenclatureElementImpl',128,'mt',NULL,10),('NomenclatureElementImpl',129,'lt',NULL,10),('NomenclatureElementImpl',130,'de',NULL,10),('NomenclatureElementImpl',131,'pl',NULL,10),('NomenclatureElementImpl',132,'tr',NULL,10),('NomenclatureElementImpl',133,'kn',NULL,10),('NomenclatureElementImpl',134,'cy',NULL,10),('NomenclatureElementImpl',135,'mg',NULL,10),('NomenclatureElementImpl',136,'tw',NULL,10),('NomenclatureElementImpl',137,'hr',NULL,10),('NomenclatureElementImpl',138,'hy',NULL,10),('NomenclatureElementImpl',139,'wo',NULL,10),('NomenclatureElementImpl',140,'kw',NULL,10),('NomenclatureElementImpl',141,'hz',NULL,10),('NomenclatureElementImpl',142,'eu',NULL,10),('NomenclatureElementImpl',143,'ia',NULL,10),('NomenclatureElementImpl',144,'sv',NULL,10),('NomenclatureElementImpl',145,'iu',NULL,10),('NomenclatureElementImpl',146,'gu',NULL,10),('NomenclatureElementImpl',147,'gd',NULL,10),('NomenclatureElementImpl',148,'oc',NULL,10),('NomenclatureElementImpl',149,'fo',NULL,10),('NomenclatureElementImpl',150,'lv',NULL,10),('NomenclatureElementImpl',151,'as',NULL,10),('NomenclatureElementImpl',152,'sm',NULL,10),('NomenclatureElementImpl',153,'ug',NULL,10),('NomenclatureElementImpl',154,'sa',NULL,10),('NomenclatureElementImpl',155,'sl',NULL,10),('NomenclatureElementImpl',156,'yo',NULL,10),('NomenclatureElementImpl',157,'mr',NULL,10),('NomenclatureElementImpl',158,'vo',NULL,10),('NomenclatureElementImpl',159,'sq',NULL,10),('NomenclatureElementImpl',160,'fa',NULL,10),('NomenclatureElementImpl',161,'id',NULL,10),('NomenclatureElementImpl',162,'ru',NULL,10),('NomenclatureElementImpl',163,'az',NULL,10),('NomenclatureElementImpl',164,'ts',NULL,10),('NomenclatureElementImpl',165,'km',NULL,10),('NomenclatureElementImpl',166,'rn',NULL,10),('NomenclatureElementImpl',167,'it',NULL,10),('NomenclatureElementImpl',168,'ml',NULL,10),('NomenclatureElementImpl',169,'mn',NULL,10),('NomenclatureElementImpl',170,'ha',NULL,10),('NomenclatureElementImpl',171,'om',NULL,10),('NomenclatureElementImpl',172,'am',NULL,10),('NomenclatureElementImpl',173,'bi',NULL,10),('NomenclatureElementImpl',174,'ki',NULL,10),('NomenclatureElementImpl',175,'kv',NULL,10),('NomenclatureElementImpl',176,'kj',NULL,10),('NomenclatureElementImpl',177,'ay',NULL,10),('NomenclatureElementImpl',178,'eo',NULL,10),('NomenclatureElementImpl',179,'pa',NULL,10),('NomenclatureElementImpl',180,'ie',NULL,10),('NomenclatureElementImpl',181,'lo',NULL,10),('NomenclatureElementImpl',182,'BASEFONT',NULL,11),('NomenclatureElementImpl',183,'CENTER',NULL,11),('NomenclatureElementImpl',184,'BLINK',NULL,11),('NomenclatureElementImpl',185,'FONT',NULL,11),('NomenclatureElementImpl',186,'MARQUEE',NULL,11),('NomenclatureElementImpl',187,'TT',NULL,11),('NomenclatureElementImpl',188,'S',NULL,11),('NomenclatureElementImpl',189,'STRIKE',NULL,11),('NomenclatureElementImpl',190,'U',NULL,11),('NomenclatureElementImpl',191,'',NULL,12),('NomenclatureElementImpl',192,'Bienvenue dans Adobe GoLive 6',NULL,12),('NomenclatureElementImpl',193,'Page title',NULL,12),('NomenclatureElementImpl',194,'Titre de la page',NULL,12),('NomenclatureElementImpl',195,'jpg',NULL,13),('NomenclatureElementImpl',196,'gif',NULL,13),('NomenclatureElementImpl',197,'jpeg',NULL,13),('NomenclatureElementImpl',198,'png',NULL,13),('NomenclatureElementImpl',199,'bmp',NULL,13),('NomenclatureElementImpl',200,'all',NULL,14),('NomenclatureElementImpl',201,'screen',NULL,14),('NomenclatureElementImpl',202,'projection',NULL,14),('NomenclatureElementImpl',203,'handheld',NULL,14),('NomenclatureElementImpl',204,'tv',NULL,14),('NomenclatureElementImpl',205,'telecharger',NULL,7),('NomenclatureElementImpl',206,'télécharger',NULL,7),('NomenclatureElementImpl',207,'download',NULL,7),('NomenclatureElementImpl',208,'visiter',NULL,7),('NomenclatureElementImpl',209,'visit',NULL,7),('NomenclatureElementImpl',210,'ajouter',NULL,7),('NomenclatureElementImpl',211,'add',NULL,7),('NomenclatureElementImpl',212,'acheter',NULL,7),('NomenclatureElementImpl',213,'buy',NULL,7),('NomenclatureElementImpl',214,'ouvrir',NULL,7),('NomenclatureElementImpl',215,'open',NULL,7),('NomenclatureElementImpl',216,'valider',NULL,7),('NomenclatureElementImpl',217,'validate',NULL,7),('NomenclatureElementImpl',218,'envoyer',NULL,7),('NomenclatureElementImpl',219,'send',NULL,7),('NomenclatureElementImpl',220,'suivant',NULL,7),('NomenclatureElementImpl',221,'next',NULL,7),('NomenclatureElementImpl',222,'precedent',NULL,7),('NomenclatureElementImpl',223,'précédent',NULL,7),('NomenclatureElementImpl',224,'previous',NULL,7),('NomenclatureElementImpl',225,'align',NULL,15),('NomenclatureElementImpl',226,'alink',NULL,15),('NomenclatureElementImpl',227,'background',NULL,15),('NomenclatureElementImpl',228,'basefont',NULL,15),('NomenclatureElementImpl',229,'bgcolor',NULL,15),('NomenclatureElementImpl',230,'border',NULL,15),('NomenclatureElementImpl',231,'color',NULL,15),('NomenclatureElementImpl',232,'link',NULL,15),('NomenclatureElementImpl',233,'text',NULL,15),('NomenclatureElementImpl',234,'vlink',NULL,15),('NomenclatureElementImpl',235,'width',NULL,16),('NomenclatureElementImpl',236,'height',NULL,16),('NomenclatureElementImpl',237,'<!DOCTYPE HTML PUBLIC \"-//W3C//DTD HTML 4.01//EN\" \"http://www.w3.org/TR/html4/strict.dtd\">',NULL,19),('NomenclatureElementImpl',238,'<!DOCTYPE HTML PUBLIC \"-//W3C//DTD HTML 4.01 Transitional//EN\" \"http://www.w3.org/TR/html4/loose.dtd\">',NULL,19),('NomenclatureElementImpl',239,'<!DOCTYPE HTML PUBLIC \"-//W3C//DTD HTML 4.01 Frameset//EN\" \"http://www.w3.org/TR/html4/frameset.dtd\">',NULL,19),('NomenclatureElementImpl',240,'<!DOCTYPE html PUBLIC \"-//W3C//DTD XHTML 1.0 Strict//EN\" \"http://www.w3.org/TR/xhtml1/DTD/xhtml1-strict.dtd\">',NULL,19),('NomenclatureElementImpl',241,'<!DOCTYPE html PUBLIC \"-//W3C//DTD XHTML 1.0 Transitional//EN\" \"http://www.w3.org/TR/xhtml1/DTD/xhtml1-transitional.dtd\">',NULL,19),('NomenclatureElementImpl',242,'<!DOCTYPE html PUBLIC \"-//W3C//DTD XHTML 1.0 Frameset//EN\" \"http://www.w3.org/TR/xhtml1/DTD/xhtml1-frameset.dtd\">',NULL,19),('NomenclatureElementImpl',243,'<!DOCTYPE html PUBLIC \"-//W3C//DTD XHTML 1.1//EN\" \"http://www.w3.org/TR/xhtml11/DTD/xhtml11.dtd\">',NULL,19),('NomenclatureElementImpl',244,'<!DOCTYPE html PUBLIC \"-//W3C//DTD XHTML Basic 1.1//EN\" \"http://www.w3.org/TR/xhtml-basic/xhtml-basic11.dtd\">',NULL,19),('NomenclatureElementImpl',245,'<!DOCTYPE math PUBLIC \"-//W3C//DTD MathML 2.0//EN\" \"http://www.w3.org/TR/MathML2/dtd/mathml2.dtd\">',NULL,19),('NomenclatureElementImpl',246,'<!DOCTYPE math SYSTEM \"http://www.w3.org/Math/DTD/mathml1/mathml.dtd\">',NULL,19),('NomenclatureElementImpl',247,'<!DOCTYPE html PUBLIC \"-//W3C//DTD XHTML 1.1 plus MathML 2.0 plus SVG 1.1//EN\" \"http://www.w3.org/2002/04/xhtml-math-svg/xhtml-math-svg.dtd\">',NULL,19),('NomenclatureElementImpl',248,'<!DOCTYPE svg:svg PUBLIC \"-//W3C//DTD XHTML 1.1 plus MathML 2.0 plus SVG 1.1//EN\" \"http://www.w3.org/2002/04/xhtml-math-svg/xhtml-math-svg.dtd\">',NULL,19),('NomenclatureElementImpl',249,'<!DOCTYPE html PUBLIC \"-//IETF//DTD HTML 2.0//EN\">',NULL,19),('NomenclatureElementImpl',250,'<!DOCTYPE html PUBLIC \"-//W3C//DTD HTML 3.2 Final//EN\">',NULL,19),('NomenclatureElementImpl',251,'<!DOCTYPE html PUBLIC \"-//W3C//DTD XHTML Basic 1.0//EN\" \"http://www.w3.org/TR/xhtml-basic/xhtml-basic10.dtd\">',NULL,19),('NomenclatureElementImpl',252,'accueil',NULL,12),('NomenclatureElementImpl',253,'sommaire',NULL,12),('NomenclatureElementImpl',254,'bienvenue',NULL,12),('NomenclatureElementImpl',255,'welcome',NULL,12),('NomenclatureElementImpl',256,'homepage',NULL,12),('NomenclatureElementImpl',257,'home page',NULL,12),('NomenclatureElementImpl',258,'a propos',NULL,12),('NomenclatureElementImpl',259,'about',NULL,12),('NomenclatureElementImpl',260,'resultat de la recherche',NULL,12),('NomenclatureElementImpl',261,'search result',NULL,12),('NomenclatureElementImpl',262,'summary',NULL,12),('NomenclatureElementImpl',263,'index',NULL,12),('NomenclatureElementImpl',264,'home',NULL,12),('NomenclatureElementImpl',265,'<!DOCTYPE HTML>',NULL,19),('NomenclatureElementImpl',266,'learn more',NULL,7),('NomenclatureElementImpl',267,'learn more >>',NULL,7),('NomenclatureElementImpl',268,'more details',NULL,7),('NomenclatureElementImpl',269,'more details ...',NULL,7),('NomenclatureElementImpl',270,'imprimer',NULL,7),('NomenclatureElementImpl',271,'print',NULL,7),('NomenclatureElementImpl',272,'<!DOCTYPE html PUBLIC \"-//W3C//DTD XHTML 1.0 Strict//EN\" \"http://www.w3.org/TR/xhtml1/DTD/xhtml1-strict.dtd\">',NULL,18),('NomenclatureElementImpl',273,'<!DOCTYPE html PUBLIC \"-//W3C//DTD XHTML 1.0 Transitional//EN\" \"http://www.w3.org/TR/xhtml1/DTD/xhtml1-transitional.dtd\">',NULL,18),('NomenclatureElementImpl',274,'<!DOCTYPE html PUBLIC \"-//W3C//DTD XHTML 1.0 Frameset//EN\" \"http://www.w3.org/TR/xhtml1/DTD/xhtml1-frameset.dtd\">',NULL,18),('NomenclatureElementImpl',275,'<!DOCTYPE html PUBLIC \"-//W3C//DTD XHTML 1.1//EN\" \"http://www.w3.org/TR/xhtml11/DTD/xhtml11.dtd\">',NULL,18),('NomenclatureElementImpl',276,'<!DOCTYPE html PUBLIC \"-//W3C//DTD XHTML Basic 1.1//EN\" \"http://www.w3.org/TR/xhtml-basic/xhtml-basic11.dtd\">',NULL,18),('NomenclatureElementImpl',277,'<!DOCTYPE html PUBLIC \"-//W3C//DTD XHTML 1.1 plus MathML 2.0 plus SVG 1.1//EN\" \"http://www.w3.org/2002/04/xhtml-math-svg/xhtml-math-svg.dtd\">',NULL,18),('NomenclatureElementImpl',278,'<!DOCTYPE svg:svg PUBLIC \"-//W3C//DTD XHTML 1.1 plus MathML 2.0 plus SVG 1.1//EN\" \"http://www.w3.org/2002/04/xhtml-math-svg/xhtml-math-svg.dtd\">',NULL,18),('NomenclatureElementImpl',279,'<!DOCTYPE html PUBLIC \"-//W3C//DTD XHTML Basic 1.0//EN\" \"http://www.w3.org/TR/xhtml-basic/xhtml-basic10.dtd\">',NULL,18),('NomenclatureElementImpl',280,'lb',NULL,10),('NomenclatureElementImpl',281,'mh',NULL,10),('NomenclatureElementImpl',282,'nv',NULL,10),('NomenclatureElementImpl',283,'nd',NULL,10),('NomenclatureElementImpl',284,'nr',NULL,10),('NomenclatureElementImpl',285,'ng',NULL,10),('NomenclatureElementImpl',286,'nb',NULL,10),('NomenclatureElementImpl',287,'nn',NULL,10),('NomenclatureElementImpl',288,'os',NULL,10),('NomenclatureElementImpl',289,'pi',NULL,10),('NomenclatureElementImpl',290,'se',NULL,10),('NomenclatureElementImpl',291,'sc',NULL,10),('NomenclatureElementImpl',292,'cu',NULL,10),('NomenclatureElementImpl',293,'ty',NULL,10),('NomenclatureElementImpl',294,'ce',NULL,10),('NomenclatureElementImpl',295,'cv',NULL,10),('NomenclatureElementImpl',296,'za',NULL,10),('NomenclatureElementImpl',297,'ak',NULL,10),('NomenclatureElementImpl',298,'an',NULL,10),('NomenclatureElementImpl',299,'av',NULL,10),('NomenclatureElementImpl',300,'to',NULL,10),('NomenclatureElementImpl',301,'ho',NULL,10),('NomenclatureElementImpl',302,'ve',NULL,10),('NomenclatureElementImpl',303,'aka',NULL,10),('NomenclatureElementImpl',304,'kik',NULL,10),('NomenclatureElementImpl',305,'xho',NULL,10),('NomenclatureElementImpl',306,'shn',NULL,10),('NomenclatureElementImpl',307,'kin',NULL,10),('NomenclatureElementImpl',308,'kir',NULL,10),('NomenclatureElementImpl',309,'udm',NULL,10),('NomenclatureElementImpl',310,'ibo',NULL,10),('NomenclatureElementImpl',311,'sga',NULL,10),('NomenclatureElementImpl',312,'zha',NULL,10),('NomenclatureElementImpl',313,'qaa-qtz',NULL,10),('NomenclatureElementImpl',314,'sgn',NULL,10),('NomenclatureElementImpl',315,'gil',NULL,10),('NomenclatureElementImpl',316,'bis',NULL,10),('NomenclatureElementImpl',317,'ain',NULL,10),('NomenclatureElementImpl',318,'bik',NULL,10),('NomenclatureElementImpl',319,'iba',NULL,10),('NomenclatureElementImpl',320,'bin',NULL,10),('NomenclatureElementImpl',321,'bih',NULL,10),('NomenclatureElementImpl',322,'nep',NULL,10),('NomenclatureElementImpl',323,'mac',NULL,10),('NomenclatureElementImpl',324,'mah',NULL,10),('NomenclatureElementImpl',325,'mai',NULL,10),('NomenclatureElementImpl',326,'mak',NULL,10),('NomenclatureElementImpl',327,'mad',NULL,10),('NomenclatureElementImpl',328,'mag',NULL,10),('NomenclatureElementImpl',329,'map',NULL,10),('NomenclatureElementImpl',330,'mar',NULL,10),('NomenclatureElementImpl',331,'mas',NULL,10),('NomenclatureElementImpl',332,'mal',NULL,10),('NomenclatureElementImpl',333,'wen',NULL,10),('NomenclatureElementImpl',334,'man',NULL,10),('NomenclatureElementImpl',335,'mao',NULL,10),('NomenclatureElementImpl',336,'wel',NULL,10),('NomenclatureElementImpl',337,'sid',NULL,10),('NomenclatureElementImpl',338,'may',NULL,10),('NomenclatureElementImpl',339,'khi',NULL,10),('NomenclatureElementImpl',340,'kha',NULL,10),('NomenclatureElementImpl',341,'bla',NULL,10),('NomenclatureElementImpl',342,'sit',NULL,10),('NomenclatureElementImpl',343,'oji',NULL,10),('NomenclatureElementImpl',344,'new',NULL,10),('NomenclatureElementImpl',345,'ven',NULL,10),('NomenclatureElementImpl',346,'sin',NULL,10),('NomenclatureElementImpl',347,'sio',NULL,10),('NomenclatureElementImpl',348,'zen',NULL,10),('NomenclatureElementImpl',349,'kho',NULL,10),('NomenclatureElementImpl',350,'khm',NULL,10),('NomenclatureElementImpl',351,'efi',NULL,10),('NomenclatureElementImpl',352,'bod',NULL,10),('NomenclatureElementImpl',353,'hai',NULL,10),('NomenclatureElementImpl',354,'oci',NULL,10),('NomenclatureElementImpl',355,'hau',NULL,10),('NomenclatureElementImpl',356,'haw',NULL,10),('NomenclatureElementImpl',357,'hat',NULL,10),('NomenclatureElementImpl',358,'zbl',NULL,10),('NomenclatureElementImpl',359,'jav',NULL,10),('NomenclatureElementImpl',360,'anp',NULL,10),('NomenclatureElementImpl',361,'bnt',NULL,10),('NomenclatureElementImpl',362,'ang',NULL,10),('NomenclatureElementImpl',363,'geo',NULL,10),('NomenclatureElementImpl',364,'nds',NULL,10),('NomenclatureElementImpl',365,'mdf',NULL,10),('NomenclatureElementImpl',366,'fas',NULL,10),('NomenclatureElementImpl',367,'ger',NULL,10),('NomenclatureElementImpl',368,'fat',NULL,10),('NomenclatureElementImpl',369,'ndo',NULL,10),('NomenclatureElementImpl',370,'dak',NULL,10),('NomenclatureElementImpl',371,'fao',NULL,10),('NomenclatureElementImpl',372,'fan',NULL,10),('NomenclatureElementImpl',373,'gez',NULL,10),('NomenclatureElementImpl',374,'mdr',NULL,10),('NomenclatureElementImpl',375,'nde',NULL,10),('NomenclatureElementImpl',376,'dar',NULL,10),('NomenclatureElementImpl',377,'dan',NULL,10),('NomenclatureElementImpl',378,'jbo',NULL,10),('NomenclatureElementImpl',379,'day',NULL,10),('NomenclatureElementImpl',380,'sco',NULL,10),('NomenclatureElementImpl',381,'gem',NULL,10),('NomenclatureElementImpl',382,'scn',NULL,10),('NomenclatureElementImpl',383,'amh',NULL,10),('NomenclatureElementImpl',384,'nap',NULL,10),('NomenclatureElementImpl',385,'rap',NULL,10),('NomenclatureElementImpl',386,'rar',NULL,10),('NomenclatureElementImpl',387,'nah',NULL,10),('NomenclatureElementImpl',388,'nai',NULL,10),('NomenclatureElementImpl',389,'lad',NULL,10),('NomenclatureElementImpl',390,'lah',NULL,10),('NomenclatureElementImpl',391,'pau',NULL,10),('NomenclatureElementImpl',392,'alt',NULL,10),('NomenclatureElementImpl',393,'ice',NULL,10),('NomenclatureElementImpl',394,'lam',NULL,10),('NomenclatureElementImpl',395,'lao',NULL,10),('NomenclatureElementImpl',396,'men',NULL,10),('NomenclatureElementImpl',397,'lat',NULL,10),('NomenclatureElementImpl',398,'alg',NULL,10),('NomenclatureElementImpl',399,'nbl',NULL,10),('NomenclatureElementImpl',400,'paa',NULL,10),('NomenclatureElementImpl',401,'lav',NULL,10),('NomenclatureElementImpl',402,'pag',NULL,10),('NomenclatureElementImpl',403,'ale',NULL,10),('NomenclatureElementImpl',404,'pal',NULL,10),('NomenclatureElementImpl',405,'ido',NULL,10),('NomenclatureElementImpl',406,'alb',NULL,10),('NomenclatureElementImpl',407,'pap',NULL,10),('NomenclatureElementImpl',408,'pam',NULL,10),('NomenclatureElementImpl',409,'pan',NULL,10),('NomenclatureElementImpl',410,'raj',NULL,10),('NomenclatureElementImpl',411,'yap',NULL,10),('NomenclatureElementImpl',412,'bos',NULL,10),('NomenclatureElementImpl',413,'nav',NULL,10),('NomenclatureElementImpl',414,'yao',NULL,10),('NomenclatureElementImpl',415,'nau',NULL,10),('NomenclatureElementImpl',416,'zap',NULL,10),('NomenclatureElementImpl',417,'vai',NULL,10),('NomenclatureElementImpl',418,'sem',NULL,10),('NomenclatureElementImpl',419,'akk',NULL,10),('NomenclatureElementImpl',420,'sel',NULL,10),('NomenclatureElementImpl',421,'krc',NULL,10),('NomenclatureElementImpl',422,'abk',NULL,10),('NomenclatureElementImpl',423,'heb',NULL,10),('NomenclatureElementImpl',424,'iii',NULL,10),('NomenclatureElementImpl',425,'gba',NULL,10),('NomenclatureElementImpl',426,'lui',NULL,10),('NomenclatureElementImpl',427,'kut',NULL,10),('NomenclatureElementImpl',428,'luo',NULL,10),('NomenclatureElementImpl',429,'lun',NULL,10),('NomenclatureElementImpl',430,'kur',NULL,10),('NomenclatureElementImpl',431,'lus',NULL,10),('NomenclatureElementImpl',432,'phn',NULL,10),('NomenclatureElementImpl',433,'her',NULL,10),('NomenclatureElementImpl',434,'kum',NULL,10),('NomenclatureElementImpl',435,'phi',NULL,10),('NomenclatureElementImpl',436,'spa',NULL,10),('NomenclatureElementImpl',437,'tyv',NULL,10),('NomenclatureElementImpl',438,'sot',NULL,10),('NomenclatureElementImpl',439,'bam',NULL,10),('NomenclatureElementImpl',440,'ban',NULL,10),('NomenclatureElementImpl',441,'bak',NULL,10),('NomenclatureElementImpl',442,'bal',NULL,10),('NomenclatureElementImpl',443,'bai',NULL,10),('NomenclatureElementImpl',444,'rom',NULL,10),('NomenclatureElementImpl',445,'ron',NULL,10),('NomenclatureElementImpl',446,'som',NULL,10),('NomenclatureElementImpl',447,'son',NULL,10),('NomenclatureElementImpl',448,'bad',NULL,10),('NomenclatureElementImpl',449,'ijo',NULL,10),('NomenclatureElementImpl',450,'gaa',NULL,10),('NomenclatureElementImpl',451,'aar',NULL,10),('NomenclatureElementImpl',452,'kro',NULL,10),('NomenclatureElementImpl',453,'roa',NULL,10),('NomenclatureElementImpl',454,'sog',NULL,10),('NomenclatureElementImpl',455,'gay',NULL,10),('NomenclatureElementImpl',456,'kru',NULL,10),('NomenclatureElementImpl',457,'bat',NULL,10),('NomenclatureElementImpl',458,'bas',NULL,10),('NomenclatureElementImpl',459,'krl',NULL,10),('NomenclatureElementImpl',460,'baq',NULL,10),('NomenclatureElementImpl',461,'roh',NULL,10),('NomenclatureElementImpl',462,'srr',NULL,10),('NomenclatureElementImpl',463,'srp',NULL,10),('NomenclatureElementImpl',464,'srn',NULL,10),('NomenclatureElementImpl',465,'kos',NULL,10),('NomenclatureElementImpl',466,'kor',NULL,10),('NomenclatureElementImpl',467,'kon',NULL,10),('NomenclatureElementImpl',468,'kom',NULL,10),('NomenclatureElementImpl',469,'kok',NULL,10),('NomenclatureElementImpl',470,'srd',NULL,10),('NomenclatureElementImpl',471,'kua',NULL,10),('NomenclatureElementImpl',472,'peo',NULL,10),('NomenclatureElementImpl',473,'per',NULL,10),('NomenclatureElementImpl',474,'dut',NULL,10),('NomenclatureElementImpl',475,'sqi',NULL,10),('NomenclatureElementImpl',476,'znd',NULL,10),('NomenclatureElementImpl',477,'cus',NULL,10),('NomenclatureElementImpl',478,'jpn',NULL,10),('NomenclatureElementImpl',479,'jpr',NULL,10),('NomenclatureElementImpl',480,'kpe',NULL,10),('NomenclatureElementImpl',481,'cym',NULL,10),('NomenclatureElementImpl',482,'nyn',NULL,10),('NomenclatureElementImpl',483,'slk',NULL,10),('NomenclatureElementImpl',484,'nym',NULL,10),('NomenclatureElementImpl',485,'afr',NULL,10),('NomenclatureElementImpl',486,'slo',NULL,10),('NomenclatureElementImpl',487,'myv',NULL,10),('NomenclatureElementImpl',488,'nyo',NULL,10),('NomenclatureElementImpl',489,'afh',NULL,10),('NomenclatureElementImpl',490,'hin',NULL,10),('NomenclatureElementImpl',491,'pli',NULL,10),('NomenclatureElementImpl',492,'him',NULL,10),('NomenclatureElementImpl',493,'hil',NULL,10),('NomenclatureElementImpl',494,'myn',NULL,10),('NomenclatureElementImpl',495,'slv',NULL,10),('NomenclatureElementImpl',496,'tvl',NULL,10),('NomenclatureElementImpl',497,'kmb',NULL,10),('NomenclatureElementImpl',498,'inc',NULL,10),('NomenclatureElementImpl',499,'hit',NULL,10),('NomenclatureElementImpl',500,'ind',NULL,10),('NomenclatureElementImpl',501,'ina',NULL,10),('NomenclatureElementImpl',502,'sla',NULL,10),('NomenclatureElementImpl',503,'nzi',NULL,10),('NomenclatureElementImpl',504,'bej',NULL,10),('NomenclatureElementImpl',505,'ber',NULL,10),('NomenclatureElementImpl',506,'uzb',NULL,10),('NomenclatureElementImpl',507,'tur',NULL,10),('NomenclatureElementImpl',508,'ine',NULL,10),('NomenclatureElementImpl',509,'inh',NULL,10),('NomenclatureElementImpl',510,'tut',NULL,10),('NomenclatureElementImpl',511,'ben',NULL,10),('NomenclatureElementImpl',512,'bem',NULL,10),('NomenclatureElementImpl',513,'bel',NULL,10),('NomenclatureElementImpl',514,'tuk',NULL,10),('NomenclatureElementImpl',515,'tum',NULL,10),('NomenclatureElementImpl',516,'tup',NULL,10),('NomenclatureElementImpl',517,'afa',NULL,10),('NomenclatureElementImpl',518,'zho',NULL,10),('NomenclatureElementImpl',519,'mwr',NULL,10),('NomenclatureElementImpl',520,'wal',NULL,10),('NomenclatureElementImpl',521,'wak',NULL,10),('NomenclatureElementImpl',522,'snk',NULL,10),('NomenclatureElementImpl',523,'bho',NULL,10),('NomenclatureElementImpl',524,'xal',NULL,10),('NomenclatureElementImpl',525,'mwl',NULL,10),('NomenclatureElementImpl',526,'war',NULL,10),('NomenclatureElementImpl',527,'was',NULL,10),('NomenclatureElementImpl',528,'sna',NULL,10),('NomenclatureElementImpl',529,'ady',NULL,10),('NomenclatureElementImpl',530,'yid',NULL,10),('NomenclatureElementImpl',531,'iku',NULL,10),('NomenclatureElementImpl',532,'snd',NULL,10),('NomenclatureElementImpl',533,'smo',NULL,10),('NomenclatureElementImpl',534,'smn',NULL,10),('NomenclatureElementImpl',535,'ilo',NULL,10),('NomenclatureElementImpl',536,'dzo',NULL,10),('NomenclatureElementImpl',537,'smj',NULL,10),('NomenclatureElementImpl',538,'ach',NULL,10),('NomenclatureElementImpl',539,'sms',NULL,10),('NomenclatureElementImpl',540,'ace',NULL,10),('NomenclatureElementImpl',541,'ile',NULL,10),('NomenclatureElementImpl',542,'ada',NULL,10),('NomenclatureElementImpl',543,'sma',NULL,10),('NomenclatureElementImpl',544,'twi',NULL,10),('NomenclatureElementImpl',545,'smi',NULL,10),('NomenclatureElementImpl',546,'dyu',NULL,10),('NomenclatureElementImpl',547,'mya',NULL,10),('NomenclatureElementImpl',548,'cze',NULL,10),('NomenclatureElementImpl',549,'sme',NULL,10),('NomenclatureElementImpl',550,'nya',NULL,10),('NomenclatureElementImpl',551,'por',NULL,10),('NomenclatureElementImpl',552,'glv',NULL,10),('NomenclatureElementImpl',553,'swe',NULL,10),('NomenclatureElementImpl',554,'est',NULL,10),('NomenclatureElementImpl',555,'pon',NULL,10),('NomenclatureElementImpl',556,'pol',NULL,10),('NomenclatureElementImpl',557,'glg',NULL,10),('NomenclatureElementImpl',558,'aze',NULL,10),('NomenclatureElementImpl',559,'gle',NULL,10),('NomenclatureElementImpl',560,'lol',NULL,10),('NomenclatureElementImpl',561,'isl',NULL,10),('NomenclatureElementImpl',562,'moh',NULL,10),('NomenclatureElementImpl',563,'gla',NULL,10),('NomenclatureElementImpl',564,'mon',NULL,10),('NomenclatureElementImpl',565,'syc',NULL,10),('NomenclatureElementImpl',566,'cmc',NULL,10),('NomenclatureElementImpl',567,'mos',NULL,10),('NomenclatureElementImpl',568,'ita',NULL,10),('NomenclatureElementImpl',569,'loz',NULL,10),('NomenclatureElementImpl',570,'syr',NULL,10),('NomenclatureElementImpl',571,'mri',NULL,10),('NomenclatureElementImpl',572,'tsi',NULL,10),('NomenclatureElementImpl',573,'rup',NULL,10),('NomenclatureElementImpl',574,'run',NULL,10),('NomenclatureElementImpl',575,'tsn',NULL,10),('NomenclatureElementImpl',576,'nwc',NULL,10),('NomenclatureElementImpl',577,'rum',NULL,10),('NomenclatureElementImpl',578,'tso',NULL,10),('NomenclatureElementImpl',579,'eus',NULL,10),('NomenclatureElementImpl',580,'rus',NULL,10),('NomenclatureElementImpl',581,'fur',NULL,10),('NomenclatureElementImpl',582,'msa',NULL,10),('NomenclatureElementImpl',583,'ewe',NULL,10),('NomenclatureElementImpl',584,'aym',NULL,10),('NomenclatureElementImpl',585,'ewo',NULL,10),('NomenclatureElementImpl',586,'hmn',NULL,10),('NomenclatureElementImpl',587,'hmo',NULL,10),('NomenclatureElementImpl',588,'gmh',NULL,10),('NomenclatureElementImpl',589,'doi',NULL,10),('NomenclatureElementImpl',590,'tmh',NULL,10),('NomenclatureElementImpl',591,'nub',NULL,10),('NomenclatureElementImpl',592,'cor',NULL,10),('NomenclatureElementImpl',593,'cos',NULL,10),('NomenclatureElementImpl',594,'cop',NULL,10),('NomenclatureElementImpl',595,'ssa',NULL,10),('NomenclatureElementImpl',596,'ipk',NULL,10),('NomenclatureElementImpl',597,'ssw',NULL,10),('NomenclatureElementImpl',598,'ltz',NULL,10),('NomenclatureElementImpl',599,'cpf',NULL,10),('NomenclatureElementImpl',600,'lub',NULL,10),('NomenclatureElementImpl',601,'cpe',NULL,10),('NomenclatureElementImpl',602,'lua',NULL,10),('NomenclatureElementImpl',603,'lug',NULL,10),('NomenclatureElementImpl',604,'oto',NULL,10),('NomenclatureElementImpl',605,'cpp',NULL,10),('NomenclatureElementImpl',606,'urd',NULL,10),('NomenclatureElementImpl',607,'ota',NULL,10),('NomenclatureElementImpl',608,'ful',NULL,10),('NomenclatureElementImpl',609,'goh',NULL,10),('NomenclatureElementImpl',610,'dum',NULL,10),('NomenclatureElementImpl',611,'nso',NULL,10),('NomenclatureElementImpl',612,'zul',NULL,10),('NomenclatureElementImpl',613,'zun',NULL,10),('NomenclatureElementImpl',614,'gon',NULL,10),('NomenclatureElementImpl',615,'oss',NULL,10),('NomenclatureElementImpl',616,'gor',NULL,10),('NomenclatureElementImpl',617,'got',NULL,10),('NomenclatureElementImpl',618,'epo',NULL,10),('NomenclatureElementImpl',619,'dua',NULL,10),('NomenclatureElementImpl',620,'car',NULL,10),('NomenclatureElementImpl',621,'cat',NULL,10),('NomenclatureElementImpl',622,'ypk',NULL,10),('NomenclatureElementImpl',623,'cau',NULL,10),('NomenclatureElementImpl',624,'tog',NULL,10),('NomenclatureElementImpl',625,'fra',NULL,10),('NomenclatureElementImpl',626,'iro',NULL,10),('NomenclatureElementImpl',627,'pra',NULL,10),('NomenclatureElementImpl',628,'suk',NULL,10),('NomenclatureElementImpl',629,'fre',NULL,10),('NomenclatureElementImpl',630,'hsb',NULL,10),('NomenclatureElementImpl',631,'sun',NULL,10),('NomenclatureElementImpl',632,'cre',NULL,10),('NomenclatureElementImpl',633,'sus',NULL,10),('NomenclatureElementImpl',634,'cad',NULL,10),('NomenclatureElementImpl',635,'grn',NULL,10),('NomenclatureElementImpl',636,'sux',NULL,10),('NomenclatureElementImpl',637,'hrv',NULL,10),('NomenclatureElementImpl',638,'zxx',NULL,10),('NomenclatureElementImpl',639,'dra',NULL,10),('NomenclatureElementImpl',640,'ton',NULL,10),('NomenclatureElementImpl',641,'que',NULL,10),('NomenclatureElementImpl',642,'crh',NULL,10),('NomenclatureElementImpl',643,'cai',NULL,10),('NomenclatureElementImpl',644,'grb',NULL,10),('NomenclatureElementImpl',645,'mus',NULL,10),('NomenclatureElementImpl',646,'tpi',NULL,10),('NomenclatureElementImpl',647,'crp',NULL,10),('NomenclatureElementImpl',648,'yor',NULL,10),('NomenclatureElementImpl',649,'grc',NULL,10),('NomenclatureElementImpl',650,'mul',NULL,10),('NomenclatureElementImpl',651,'gre',NULL,10),('NomenclatureElementImpl',652,'mun',NULL,10),('NomenclatureElementImpl',653,'frm',NULL,10),('NomenclatureElementImpl',654,'nqo',NULL,10),('NomenclatureElementImpl',655,'fro',NULL,10),('NomenclatureElementImpl',656,'ira',NULL,10),('NomenclatureElementImpl',657,'frs',NULL,10),('NomenclatureElementImpl',658,'frr',NULL,10),('NomenclatureElementImpl',659,'csb',NULL,10),('NomenclatureElementImpl',660,'pro',NULL,10),('NomenclatureElementImpl',661,'dsb',NULL,10),('NomenclatureElementImpl',662,'jrb',NULL,10),('NomenclatureElementImpl',663,'swa',NULL,10),('NomenclatureElementImpl',664,'fry',NULL,10),('NomenclatureElementImpl',665,'tai',NULL,10),('NomenclatureElementImpl',666,'sad',NULL,10),('NomenclatureElementImpl',667,'tig',NULL,10),('NomenclatureElementImpl',668,'tah',NULL,10),('NomenclatureElementImpl',669,'tir',NULL,10),('NomenclatureElementImpl',670,'sag',NULL,10),('NomenclatureElementImpl',671,'fon',NULL,10),('NomenclatureElementImpl',672,'sah',NULL,10),('NomenclatureElementImpl',673,'sai',NULL,10),('NomenclatureElementImpl',674,'sal',NULL,10),('NomenclatureElementImpl',675,'sam',NULL,10),('NomenclatureElementImpl',676,'kbd',NULL,10),('NomenclatureElementImpl',677,'hye',NULL,10),('NomenclatureElementImpl',678,'arg',NULL,10),('NomenclatureElementImpl',679,'umb',NULL,10),('NomenclatureElementImpl',680,'guj',NULL,10),('NomenclatureElementImpl',681,'arc',NULL,10),('NomenclatureElementImpl',682,'ara',NULL,10),('NomenclatureElementImpl',683,'arp',NULL,10),('NomenclatureElementImpl',684,'tib',NULL,10),('NomenclatureElementImpl',685,'kaz',NULL,10),('NomenclatureElementImpl',686,'dgr',NULL,10),('NomenclatureElementImpl',687,'arn',NULL,10),('NomenclatureElementImpl',688,'bra',NULL,10),('NomenclatureElementImpl',689,'arm',NULL,10),('NomenclatureElementImpl',690,'kaw',NULL,10),('NomenclatureElementImpl',691,'zza',NULL,10),('NomenclatureElementImpl',692,'vie',NULL,10),('NomenclatureElementImpl',693,'bre',NULL,10),('NomenclatureElementImpl',694,'kat',NULL,10),('NomenclatureElementImpl',695,'gsw',NULL,10),('NomenclatureElementImpl',696,'kau',NULL,10),('NomenclatureElementImpl',697,'arw',NULL,10),('NomenclatureElementImpl',698,'kar',NULL,10),('NomenclatureElementImpl',699,'kas',NULL,10),('NomenclatureElementImpl',700,'nob',NULL,10),('NomenclatureElementImpl',701,'nog',NULL,10),('NomenclatureElementImpl',702,'kan',NULL,10),('NomenclatureElementImpl',703,'ell',NULL,10),('NomenclatureElementImpl',704,'art',NULL,10),('NomenclatureElementImpl',705,'kal',NULL,10),('NomenclatureElementImpl',706,'kam',NULL,10),('NomenclatureElementImpl',707,'non',NULL,10),('NomenclatureElementImpl',708,'mga',NULL,10),('NomenclatureElementImpl',709,'und',NULL,10),('NomenclatureElementImpl',710,'elx',NULL,10),('NomenclatureElementImpl',711,'kac',NULL,10),('NomenclatureElementImpl',712,'nor',NULL,10),('NomenclatureElementImpl',713,'san',NULL,10),('NomenclatureElementImpl',714,'kab',NULL,10),('NomenclatureElementImpl',715,'kaa',NULL,10),('NomenclatureElementImpl',716,'sat',NULL,10),('NomenclatureElementImpl',717,'sas',NULL,10),('NomenclatureElementImpl',718,'tiv',NULL,10),('NomenclatureElementImpl',719,'tat',NULL,10),('NomenclatureElementImpl',720,'asm',NULL,10),('NomenclatureElementImpl',721,'tam',NULL,10),('NomenclatureElementImpl',722,'ukr',NULL,10),('NomenclatureElementImpl',723,'orm',NULL,10),('NomenclatureElementImpl',724,'pus',NULL,10),('NomenclatureElementImpl',725,'tkl',NULL,10),('NomenclatureElementImpl',726,'deu',NULL,10),('NomenclatureElementImpl',727,'nno',NULL,10),('NomenclatureElementImpl',728,'ces',NULL,10),('NomenclatureElementImpl',729,'ori',NULL,10),('NomenclatureElementImpl',730,'apa',NULL,10),('NomenclatureElementImpl',731,'gwi',NULL,10),('NomenclatureElementImpl',732,'osa',NULL,10),('NomenclatureElementImpl',733,'btk',NULL,10),('NomenclatureElementImpl',734,'cel',NULL,10),('NomenclatureElementImpl',735,'del',NULL,10),('NomenclatureElementImpl',736,'eng',NULL,10),('NomenclatureElementImpl',737,'den',NULL,10),('NomenclatureElementImpl',738,'lez',NULL,10),('NomenclatureElementImpl',739,'ceb',NULL,10),('NomenclatureElementImpl',740,'min',NULL,10),('NomenclatureElementImpl',741,'hup',NULL,10),('NomenclatureElementImpl',742,'tli',NULL,10),('NomenclatureElementImpl',743,'enm',NULL,10),('NomenclatureElementImpl',744,'bua',NULL,10),('NomenclatureElementImpl',745,'tlh',NULL,10),('NomenclatureElementImpl',746,'hun',NULL,10),('NomenclatureElementImpl',747,'mis',NULL,10),('NomenclatureElementImpl',748,'bur',NULL,10),('NomenclatureElementImpl',749,'bul',NULL,10),('NomenclatureElementImpl',750,'mic',NULL,10),('NomenclatureElementImpl',751,'bug',NULL,10),('NomenclatureElementImpl',752,'wln',NULL,10),('NomenclatureElementImpl',753,'tem',NULL,10),('NomenclatureElementImpl',754,'uig',NULL,10),('NomenclatureElementImpl',755,'ava',NULL,10),('NomenclatureElementImpl',756,'tel',NULL,10),('NomenclatureElementImpl',757,'mlt',NULL,10),('NomenclatureElementImpl',758,'chb',NULL,10),('NomenclatureElementImpl',759,'cha',NULL,10),('NomenclatureElementImpl',760,'nld',NULL,10),('NomenclatureElementImpl',761,'mlg',NULL,10),('NomenclatureElementImpl',762,'ave',NULL,10),('NomenclatureElementImpl',763,'egy',NULL,10),('NomenclatureElementImpl',764,'chv',NULL,10),('NomenclatureElementImpl',765,'chu',NULL,10),('NomenclatureElementImpl',766,'awa',NULL,10),('NomenclatureElementImpl',767,'chy',NULL,10),('NomenclatureElementImpl',768,'chg',NULL,10),('NomenclatureElementImpl',769,'che',NULL,10),('NomenclatureElementImpl',770,'chk',NULL,10),('NomenclatureElementImpl',771,'mkh',NULL,10),('NomenclatureElementImpl',772,'chi',NULL,10),('NomenclatureElementImpl',773,'cho',NULL,10),('NomenclatureElementImpl',774,'mkd',NULL,10),('NomenclatureElementImpl',775,'chp',NULL,10),('NomenclatureElementImpl',776,'chm',NULL,10),('NomenclatureElementImpl',777,'chn',NULL,10),('NomenclatureElementImpl',778,'tet',NULL,10),('NomenclatureElementImpl',779,'ter',NULL,10),('NomenclatureElementImpl',780,'chr',NULL,10),('NomenclatureElementImpl',781,'tgk',NULL,10),('NomenclatureElementImpl',782,'tgl',NULL,10),('NomenclatureElementImpl',783,'fij',NULL,10),('NomenclatureElementImpl',784,'fil',NULL,10),('NomenclatureElementImpl',785,'div',NULL,10),('NomenclatureElementImpl',786,'ast',NULL,10),('NomenclatureElementImpl',787,'fin',NULL,10),('NomenclatureElementImpl',788,'mni',NULL,10),('NomenclatureElementImpl',789,'din',NULL,10),('NomenclatureElementImpl',790,'vol',NULL,10),('NomenclatureElementImpl',791,'fiu',NULL,10),('NomenclatureElementImpl',792,'mno',NULL,10),('NomenclatureElementImpl',793,'wol',NULL,10),('NomenclatureElementImpl',794,'vot',NULL,10),('NomenclatureElementImpl',795,'uga',NULL,10),('NomenclatureElementImpl',796,'mnc',NULL,10),('NomenclatureElementImpl',797,'ath',NULL,10),('NomenclatureElementImpl',798,'lit',NULL,10),('NomenclatureElementImpl',799,'lin',NULL,10),('NomenclatureElementImpl',800,'lim',NULL,10),('NomenclatureElementImpl',801,'nic',NULL,10),('NomenclatureElementImpl',802,'nia',NULL,10),('NomenclatureElementImpl',803,'byn',NULL,10),('NomenclatureElementImpl',804,'niu',NULL,10),('NomenclatureElementImpl',805,'eka',NULL,10),('NomenclatureElementImpl',806,'tha',NULL,10),('NomenclatureElementImpl',807,'aus',NULL,10),('NomenclatureElementImpl',808,'<!DOCTYPE html>',NULL,19),('NomenclatureElementImpl',809,'basefont',NULL,20),('NomenclatureElementImpl',810,'blink',NULL,20),('NomenclatureElementImpl',811,'center',NULL,20),('NomenclatureElementImpl',812,'font',NULL,20),('NomenclatureElementImpl',813,'marquee',NULL,20),('NomenclatureElementImpl',814,'s',NULL,20),('NomenclatureElementImpl',815,'strike',NULL,20),('NomenclatureElementImpl',816,'tt',NULL,20),('NomenclatureElementImpl',817,'u',NULL,20),('NomenclatureElementImpl',818,'align',NULL,21),('NomenclatureElementImpl',819,'alink',NULL,21),('NomenclatureElementImpl',820,'background',NULL,21),('NomenclatureElementImpl',821,'basefont',NULL,21),('NomenclatureElementImpl',822,'bgcolor',NULL,21),('NomenclatureElementImpl',823,'border',NULL,21),('NomenclatureElementImpl',824,'color',NULL,21),('NomenclatureElementImpl',825,'link',NULL,21),('NomenclatureElementImpl',826,'text',NULL,21),('NomenclatureElementImpl',827,'vlink',NULL,21),('NomenclatureElementImpl',828,'.ods',NULL,22),('NomenclatureElementImpl',829,'.fods',NULL,22),('NomenclatureElementImpl',830,'.odt',NULL,22),('NomenclatureElementImpl',831,'.fodt',NULL,22),('NomenclatureElementImpl',832,'.odp',NULL,22),('NomenclatureElementImpl',833,'.fodp',NULL,22),('NomenclatureElementImpl',834,'.odg',NULL,22),('NomenclatureElementImpl',835,'.fodg',NULL,22),('NomenclatureElementImpl',836,'.pdf',NULL,22),('NomenclatureElementImpl',837,'.doc',NULL,22),('NomenclatureElementImpl',838,'.docx',NULL,22),('NomenclatureElementImpl',839,'.docm',NULL,22),('NomenclatureElementImpl',840,'.dot',NULL,22),('NomenclatureElementImpl',841,'.dotm',NULL,22),('NomenclatureElementImpl',842,'.xls',NULL,22),('NomenclatureElementImpl',843,'.xlsx',NULL,22),('NomenclatureElementImpl',844,'.xlsm',NULL,22),('NomenclatureElementImpl',845,'.xlt',NULL,22),('NomenclatureElementImpl',846,'.xltx',NULL,22),('NomenclatureElementImpl',847,'.xltm',NULL,22),('NomenclatureElementImpl',848,'.xlc',NULL,22),('NomenclatureElementImpl',849,'.xlr',NULL,22),('NomenclatureElementImpl',850,'.xlam',NULL,22),('NomenclatureElementImpl',851,'.csv',NULL,22),('NomenclatureElementImpl',852,'.ppt',NULL,22),('NomenclatureElementImpl',853,'.pptx',NULL,22),('NomenclatureElementImpl',854,'.pps',NULL,22),('NomenclatureElementImpl',855,'.vsd',NULL,22),('NomenclatureElementImpl',856,'.vst',NULL,22),('NomenclatureElementImpl',857,'.vss',NULL,22),('NomenclatureElementImpl',858,'.sxc',NULL,22),('NomenclatureElementImpl',859,'.sxd',NULL,22),('NomenclatureElementImpl',860,'.sxi',NULL,22),('NomenclatureElementImpl',861,'.sxm',NULL,22),('NomenclatureElementImpl',862,'.sxw',NULL,22),('NomenclatureElementImpl',863,'.sda',NULL,22),('NomenclatureElementImpl',864,'.sdc',NULL,22),('NomenclatureElementImpl',865,'.sdd',NULL,22),('NomenclatureElementImpl',866,'.sdf',NULL,22),('NomenclatureElementImpl',867,'.sdp',NULL,22),('NomenclatureElementImpl',868,'.sds',NULL,22),('NomenclatureElementImpl',869,'.sdw',NULL,22),('NomenclatureElementImpl',870,'.oth',NULL,22),('NomenclatureElementImpl',871,'.otg',NULL,22),('NomenclatureElementImpl',872,'.ots',NULL,22),('NomenclatureElementImpl',873,'.ott',NULL,22),('NomenclatureElementImpl',874,'.cwk',NULL,22),('NomenclatureElementImpl',875,'.cws',NULL,22),('NomenclatureElementImpl',876,'.asp',NULL,23),('NomenclatureElementImpl',877,'.aspx',NULL,23),('NomenclatureElementImpl',878,'.bmp',NULL,23),('NomenclatureElementImpl',879,'.cfm',NULL,23),('NomenclatureElementImpl',880,'.css',NULL,23),('NomenclatureElementImpl',881,'.do',NULL,23),('NomenclatureElementImpl',882,'.gif',NULL,23),('NomenclatureElementImpl',883,'.html',NULL,23),('NomenclatureElementImpl',884,'.htm',NULL,23),('NomenclatureElementImpl',885,'.ico',NULL,23),('NomenclatureElementImpl',886,'.jif',NULL,23),('NomenclatureElementImpl',887,'.jpe',NULL,23),('NomenclatureElementImpl',888,'.jpg',NULL,23),('NomenclatureElementImpl',889,'.jpeg',NULL,23),('NomenclatureElementImpl',890,'.js',NULL,23),('NomenclatureElementImpl',891,'.jse',NULL,23),('NomenclatureElementImpl',892,'.jsp',NULL,23),('NomenclatureElementImpl',893,'.png',NULL,23),('NomenclatureElementImpl',894,'.php',NULL,23),('NomenclatureElementImpl',895,'.shtml',NULL,23),('NomenclatureElementImpl',896,'.svg',NULL,23),('NomenclatureElementImpl',897,'.swf',NULL,23),('NomenclatureElementImpl',898,'.tif',NULL,23),('NomenclatureElementImpl',899,'.tiff',NULL,23),('NomenclatureElementImpl',900,'.xhtml',NULL,23),('NomenclatureElementImpl',901,'.xml',NULL,23),('NomenclatureElementImpl',902,'this website',NULL,7),('NomenclatureElementImpl',903,'ce site',NULL,7),('NomenclatureElementImpl',904,'untitled document',NULL,12),('NomenclatureElementImpl',905,'untitled',NULL,12),('NomenclatureElementImpl',906,'error',NULL,12),('NomenclatureElementImpl',907,'IIS7',NULL,12),('NomenclatureElementImpl',908,'index of /',NULL,12),('NomenclatureElementImpl',909,'directory',NULL,12),('NomenclatureElementImpl',910,'under construction',NULL,12),('NomenclatureElementImpl',911,'My Site - Your Source for Social News and Networking',NULL,12),('NomenclatureElementImpl',912,'index.html',NULL,12),('NomenclatureElementImpl',913,'Welcome to nginx!',NULL,12),('NomenclatureElementImpl',914,'inicio',NULL,12),('NomenclatureElementImpl',915,'login',NULL,12),('NomenclatureElementImpl',916,'redirect',NULL,12),('NomenclatureElementImpl',917,'redirecting',NULL,12),('NomenclatureElementImpl',918,'.ods',NULL,24),('NomenclatureElementImpl',919,'.fods',NULL,24),('NomenclatureElementImpl',920,'.odt',NULL,24),('NomenclatureElementImpl',921,'.fodt',NULL,24),('NomenclatureElementImpl',922,'.odp',NULL,24),('NomenclatureElementImpl',923,'.fodp',NULL,24),('NomenclatureElementImpl',924,'.odg',NULL,24),('NomenclatureElementImpl',925,'.fodg',NULL,24),('NomenclatureElementImpl',926,'.pdf',NULL,24),('NomenclatureElementImpl',927,'.doc',NULL,24),('NomenclatureElementImpl',928,'.docx',NULL,24),('NomenclatureElementImpl',929,'.docm',NULL,24),('NomenclatureElementImpl',930,'.dot',NULL,24),('NomenclatureElementImpl',931,'.dotm',NULL,24),('NomenclatureElementImpl',932,'.xls',NULL,24),('NomenclatureElementImpl',933,'.xlsx',NULL,24),('NomenclatureElementImpl',934,'.xlsm',NULL,24),('NomenclatureElementImpl',935,'.xlt',NULL,24),('NomenclatureElementImpl',936,'.xltx',NULL,24),('NomenclatureElementImpl',937,'.xltm',NULL,24),('NomenclatureElementImpl',938,'.xlc',NULL,24),('NomenclatureElementImpl',939,'.xlr',NULL,24),('NomenclatureElementImpl',940,'.xlam',NULL,24),('NomenclatureElementImpl',941,'.csv',NULL,24),('NomenclatureElementImpl',942,'.ppt',NULL,24),('NomenclatureElementImpl',943,'.pptx',NULL,24),('NomenclatureElementImpl',944,'.pps',NULL,24),('NomenclatureElementImpl',945,'.vsd',NULL,24),('NomenclatureElementImpl',946,'.vst',NULL,24),('NomenclatureElementImpl',947,'.vss',NULL,24),('NomenclatureElementImpl',948,'.sxc',NULL,24),('NomenclatureElementImpl',949,'.sxd',NULL,24),('NomenclatureElementImpl',950,'.sxi',NULL,24),('NomenclatureElementImpl',951,'.sxm',NULL,24),('NomenclatureElementImpl',952,'.sxw',NULL,24),('NomenclatureElementImpl',953,'.sda',NULL,24),('NomenclatureElementImpl',954,'.sdc',NULL,24),('NomenclatureElementImpl',955,'.sdd',NULL,24),('NomenclatureElementImpl',956,'.sdf',NULL,24),('NomenclatureElementImpl',957,'.sdp',NULL,24),('NomenclatureElementImpl',958,'.sds',NULL,24),('NomenclatureElementImpl',959,'.sdw',NULL,24),('NomenclatureElementImpl',960,'.oth',NULL,24),('NomenclatureElementImpl',961,'.otg',NULL,24),('NomenclatureElementImpl',962,'.ots',NULL,24),('NomenclatureElementImpl',963,'.ott',NULL,24),('NomenclatureElementImpl',964,'.cwk',NULL,24),('NomenclatureElementImpl',965,'.cws',NULL,24),('NomenclatureElementImpl',966,'.tar',NULL,24),('NomenclatureElementImpl',967,'.tgz',NULL,24),('NomenclatureElementImpl',968,'.bz',NULL,24),('NomenclatureElementImpl',969,'.bz2',NULL,24),('NomenclatureElementImpl',970,'.zip',NULL,24),('NomenclatureElementImpl',971,'.gzip',NULL,24),('NomenclatureElementImpl',972,'.gz',NULL,24),('NomenclatureElementImpl',973,'.Z',NULL,24),('NomenclatureElementImpl',974,'.7z',NULL,24),('NomenclatureElementImpl',975,'.rar',NULL,24),('NomenclatureElementImpl',976,'.r00',NULL,24),('NomenclatureElementImpl',977,'.rpm',NULL,24),('NomenclatureElementImpl',978,'.deb',NULL,24),('NomenclatureElementImpl',979,'.msi',NULL,24),('NomenclatureElementImpl',980,'.exe',NULL,24),('NomenclatureElementImpl',981,'.bat',NULL,24),('NomenclatureElementImpl',982,'.pif',NULL,24),('NomenclatureElementImpl',983,'.class',NULL,24),('NomenclatureElementImpl',984,'.torrent',NULL,24),('NomenclatureElementImpl',985,'.dmg',NULL,24),('NomenclatureElementImpl',986,'.apk',NULL,24),('NomenclatureElementImpl',987,'.bin',NULL,24),('NomenclatureElementImpl',988,'.bak',NULL,24),('NomenclatureElementImpl',989,'.dat',NULL,24),('NomenclatureElementImpl',990,'.jar',NULL,24),('NomenclatureElementImpl',991,'.mdk',NULL,24),('NomenclatureElementImpl',992,'.dsk',NULL,24),('NomenclatureElementImpl',993,'.vmdk',NULL,24),('NomenclatureElementImpl',994,'.r00',NULL,24),('NomenclatureElementImpl',995,'.r01',NULL,24),('NomenclatureElementImpl',996,'.r02',NULL,24),('NomenclatureElementImpl',997,'.r03',NULL,24),('NomenclatureElementImpl',998,'.r04',NULL,24),('NomenclatureElementImpl',999,'.r05',NULL,24),('NomenclatureElementImpl',1000,'.r06',NULL,24),('NomenclatureElementImpl',1001,'.r07',NULL,24),('NomenclatureElementImpl',1002,'.r08',NULL,24),('NomenclatureElementImpl',1003,'.r09',NULL,24),('NomenclatureElementImpl',1004,'.r10',NULL,24),('NomenclatureElementImpl',1005,'.r11',NULL,24),('NomenclatureElementImpl',1006,'.r12',NULL,24),('NomenclatureElementImpl',1007,'.r13',NULL,24),('NomenclatureElementImpl',1008,'.r14',NULL,24),('NomenclatureElementImpl',1009,'.r15',NULL,24),('NomenclatureElementImpl',1010,'.r16',NULL,24),('NomenclatureElementImpl',1011,'.r17',NULL,24),('NomenclatureElementImpl',1012,'.r18',NULL,24),('NomenclatureElementImpl',1013,'.r19',NULL,24),('NomenclatureElementImpl',1014,'.r20',NULL,24),('NomenclatureElementImpl',1015,'.r21',NULL,24),('NomenclatureElementImpl',1016,'.r22',NULL,24),('NomenclatureElementImpl',1017,'.r23',NULL,24),('NomenclatureElementImpl',1018,'.r24',NULL,24),('NomenclatureElementImpl',1019,'.r25',NULL,24),('NomenclatureElementImpl',1020,'.r26',NULL,24),('NomenclatureElementImpl',1021,'.r27',NULL,24),('NomenclatureElementImpl',1022,'.r28',NULL,24),('NomenclatureElementImpl',1023,'.r29',NULL,24),('NomenclatureElementImpl',1024,'.r30',NULL,24),('NomenclatureElementImpl',1025,'.r31',NULL,24),('NomenclatureElementImpl',1026,'.r32',NULL,24),('NomenclatureElementImpl',1027,'.r33',NULL,24),('NomenclatureElementImpl',1028,'.r34',NULL,24),('NomenclatureElementImpl',1029,'.r35',NULL,24),('NomenclatureElementImpl',1030,'.r36',NULL,24),('NomenclatureElementImpl',1031,'.r37',NULL,24),('NomenclatureElementImpl',1032,'.r38',NULL,24),('NomenclatureElementImpl',1033,'.r39',NULL,24),('NomenclatureElementImpl',1034,'.r40',NULL,24),('NomenclatureElementImpl',1035,'.r41',NULL,24),('NomenclatureElementImpl',1036,'.r42',NULL,24),('NomenclatureElementImpl',1037,'.r43',NULL,24),('NomenclatureElementImpl',1038,'.r44',NULL,24),('NomenclatureElementImpl',1039,'.r45',NULL,24),('NomenclatureElementImpl',1040,'.r46',NULL,24),('NomenclatureElementImpl',1041,'.r47',NULL,24),('NomenclatureElementImpl',1042,'.r48',NULL,24),('NomenclatureElementImpl',1043,'.r49',NULL,24),('NomenclatureElementImpl',1044,'.r50',NULL,24),('NomenclatureElementImpl',1045,'.r51',NULL,24),('NomenclatureElementImpl',1046,'.r52',NULL,24),('NomenclatureElementImpl',1047,'.r53',NULL,24),('NomenclatureElementImpl',1048,'.r54',NULL,24),('NomenclatureElementImpl',1049,'.r55',NULL,24),('NomenclatureElementImpl',1050,'.r56',NULL,24),('NomenclatureElementImpl',1051,'.r57',NULL,24),('NomenclatureElementImpl',1052,'.r58',NULL,24),('NomenclatureElementImpl',1053,'.r59',NULL,24),('NomenclatureElementImpl',1054,'.r60',NULL,24),('NomenclatureElementImpl',1055,'.r61',NULL,24),('NomenclatureElementImpl',1056,'.r62',NULL,24),('NomenclatureElementImpl',1057,'.r63',NULL,24),('NomenclatureElementImpl',1058,'.r64',NULL,24),('NomenclatureElementImpl',1059,'.r65',NULL,24),('NomenclatureElementImpl',1060,'.r66',NULL,24),('NomenclatureElementImpl',1061,'.r67',NULL,24),('NomenclatureElementImpl',1062,'.r68',NULL,24),('NomenclatureElementImpl',1063,'.r69',NULL,24),('NomenclatureElementImpl',1064,'.r70',NULL,24),('NomenclatureElementImpl',1065,'.r71',NULL,24),('NomenclatureElementImpl',1066,'.r72',NULL,24),('NomenclatureElementImpl',1067,'.r73',NULL,24),('NomenclatureElementImpl',1068,'.r74',NULL,24),('NomenclatureElementImpl',1069,'.r75',NULL,24),('NomenclatureElementImpl',1070,'.r76',NULL,24),('NomenclatureElementImpl',1071,'.r77',NULL,24),('NomenclatureElementImpl',1072,'.r78',NULL,24),('NomenclatureElementImpl',1073,'.r79',NULL,24),('NomenclatureElementImpl',1074,'.r80',NULL,24),('NomenclatureElementImpl',1075,'.r81',NULL,24),('NomenclatureElementImpl',1076,'.r82',NULL,24),('NomenclatureElementImpl',1077,'.r83',NULL,24),('NomenclatureElementImpl',1078,'.r84',NULL,24),('NomenclatureElementImpl',1079,'.r85',NULL,24),('NomenclatureElementImpl',1080,'.r86',NULL,24),('NomenclatureElementImpl',1081,'.r87',NULL,24),('NomenclatureElementImpl',1082,'.r88',NULL,24),('NomenclatureElementImpl',1083,'.r89',NULL,24),('NomenclatureElementImpl',1084,'.r90',NULL,24),('NomenclatureElementImpl',1085,'.r91',NULL,24),('NomenclatureElementImpl',1086,'.r92',NULL,24),('NomenclatureElementImpl',1087,'.r93',NULL,24),('NomenclatureElementImpl',1088,'.r94',NULL,24),('NomenclatureElementImpl',1089,'.r95',NULL,24),('NomenclatureElementImpl',1090,'.r96',NULL,24),('NomenclatureElementImpl',1091,'.r97',NULL,24),('NomenclatureElementImpl',1092,'.r98',NULL,24),('NomenclatureElementImpl',1093,'.r99',NULL,24),('NomenclatureElementImpl',1094,'.taz',NULL,24),('NomenclatureElementImpl',1095,'page sans titre',NULL,12),('NomenclatureElementImpl',1096,'<!DOCTYPE html SYSTEM \"about:legacy-compat\">',NULL,19),('NomenclatureElementImpl',1097,'<!DOCTYPE html SYSTEM \'about:legacy-compat\'>',NULL,19),('NomenclatureElementImpl',1098,'<!DOCTYPE html \"about:legacy-compat\">',NULL,19),('NomenclatureElementImpl',1099,'<!DOCTYPE html \'about:legacy-compat\'>',NULL,19);
/*!40000 ALTER TABLE `NOMENCLATURE_ELEMENT` ENABLE KEYS */;
UNLOCK TABLES;

--
-- Table structure for table `PARAMETER`
--

DROP TABLE IF EXISTS `PARAMETER`;
/*!40101 SET @saved_cs_client     = @@character_set_client */;
/*!40101 SET character_set_client = utf8 */;
CREATE TABLE `PARAMETER` (
  `Id_Parameter` bigint(20) NOT NULL AUTO_INCREMENT,
  `Parameter_Value` varchar(1000) NOT NULL,
  `Id_Parameter_Element` bigint(20) NOT NULL,
  `Is_Default` bit(1) DEFAULT b'0',
  PRIMARY KEY (`Id_Parameter`),
  UNIQUE KEY `Unique_Param_Element_Type_Param_value` (`Parameter_Value`(255),`Id_Parameter_Element`),
  KEY `fk_PARAMETER_PARAMETER_ELEMENT` (`Id_Parameter_Element`),
  CONSTRAINT `fk_PARAMETER_PARAMETER_ELEMENT` FOREIGN KEY (`Id_Parameter_Element`) REFERENCES `PARAMETER_ELEMENT` (`Id_Parameter_Element`) ON DELETE NO ACTION ON UPDATE NO ACTION
) ENGINE=InnoDB AUTO_INCREMENT=31 DEFAULT CHARSET=utf8;
/*!40101 SET character_set_client = @saved_cs_client */;

--
-- Dumping data for table `PARAMETER`
--

LOCK TABLES `PARAMETER` WRITE;
/*!40000 ALTER TABLE `PARAMETER` DISABLE KEYS */;
INSERT INTO `PARAMETER` VALUES (1,'50000',1,'\0'),(2,'',2,''),(3,'20',3,''),(4,'0',3,'\0'),(5,'604800',4,'\0'),(6,'100',1,'\0'),(7,'10000',1,''),(8,'20000',1,'\0'),(9,'',6,''),(10,'',7,''),(11,'86400',4,''),(12,'',8,''),(13,'',9,''),(14,'true',10,'\0'),(15,'false',10,''),(16,'true',11,''),(17,'false',11,'\0'),(18,'',12,''),(19,'1920',13,''),(20,'1080',14,''),(21,'',15,''),(22,'Aw22;LEVEL_1',5,'\0'),(23,'Aw22;LEVEL_2',5,''),(24,'Aw22;LEVEL_3',5,'\0'),(25,'Rgaa30;LEVEL_1',5,'\0'),(26,'Rgaa30;LEVEL_2',5,'\0'),(27,'Rgaa30;LEVEL_3',5,'\0'),(28,'Seo;LEVEL_3',5,'\0'),(29,'Seo;LEVEL_2',5,'\0'),(30,'Seo;LEVEL_1',5,'\0');
/*!40000 ALTER TABLE `PARAMETER` ENABLE KEYS */;
UNLOCK TABLES;

--
-- Table structure for table `PARAMETER_ELEMENT`
--

DROP TABLE IF EXISTS `PARAMETER_ELEMENT`;
/*!40101 SET @saved_cs_client     = @@character_set_client */;
/*!40101 SET character_set_client = utf8 */;
CREATE TABLE `PARAMETER_ELEMENT` (
  `Id_Parameter_Element` bigint(20) NOT NULL AUTO_INCREMENT,
  `Cd_Parameter_Element` varchar(255) NOT NULL,
  `Id_Parameter_Family` bigint(20) NOT NULL,
  `Short_Label` varchar(255) DEFAULT NULL,
  `Long_Label` varchar(255) DEFAULT NULL,
  PRIMARY KEY (`Id_Parameter_Element`),
  UNIQUE KEY `Cd_Parameter_Element_UNIQUE` (`Cd_Parameter_Element`),
  KEY `fk_PARAMETER_ELEMENT_PARAMETER` (`Id_Parameter_Family`),
  CONSTRAINT `fk_PARAMETER_ELEMENT_PARAMETER` FOREIGN KEY (`Id_Parameter_Family`) REFERENCES `PARAMETER_FAMILY` (`Id_Parameter_Family`) ON DELETE NO ACTION ON UPDATE NO ACTION
) ENGINE=InnoDB AUTO_INCREMENT=47 DEFAULT CHARSET=utf8;
/*!40101 SET character_set_client = @saved_cs_client */;

--
-- Dumping data for table `PARAMETER_ELEMENT`
--

LOCK TABLES `PARAMETER_ELEMENT` WRITE;
/*!40000 ALTER TABLE `PARAMETER_ELEMENT` DISABLE KEYS */;
INSERT INTO `PARAMETER_ELEMENT` VALUES (1,'MAX_DOCUMENTS',1,'max pages','Maximum number of downloaded pages'),(2,'EXCLUSION_REGEXP',1,'exclusion regex','Regulard expression to exclude urls'),(3,'DEPTH',1,'max depth','Maximum depth of the crawl'),(4,'MAX_DURATION',1,'max duration','Maximum duration of the crawl'),(5,'LEVEL',2,'Audit level','Audit level (includes the referential code)'),(6,'DATA_TABLE_MARKER',3,'Data table marker','Data Table HTML marker (id or class)'),(7,'PRESENTATION_TABLE_MARKER',3,'Presentation table marker','Presentation Table HTML marker (id or class)'),(8,'DECORATIVE_IMAGE_MARKER',3,'Decorative image marker','Decorative image HTML marker (id or class)'),(9,'INFORMATIVE_IMAGE_MARKER',3,'Informative image marker','Informative image HTML marker (id or class)'),(10,'ALTERNATIVE_CONTRAST_MECHANISM',3,'Alternative Contrast Mechanism','The page embeds a mechanism that displays text with a correct ratio'),(11,'CONSIDER_COOKIES',1,'consider cookies while crawling','consider cookies'),(12,'INCLUSION_REGEXP',1,'inclusion regex',''),(13,'SCREEN_WIDTH',2,'screen width',''),(14,'SCREEN_HEIGHT',2,'screen height',''),(15,'COMPLEX_TABLE_MARKER',3,'Correspond to the attribute \"id\", \"class\" or \"role\" of the complex tables','Complex table marker'),(16,'Seo-01011',4,'Seo-01011 weight','Weight of rule Seo-01011 overriden by user'),(17,'Seo-01012',4,'Seo-01011 weight','Weight of rule Seo-01011 overriden by user'),(18,'Seo-01013',4,'Seo-01011 weight','Weight of rule Seo-01011 overriden by user'),(19,'Seo-01021',4,'Seo-01021 weight','Weight of rule Seo-01021 overriden by user'),(20,'Seo-01031',4,'Seo-01031 weight','Weight of rule Seo-01031 overriden by user'),(21,'Seo-01041',4,'Seo-01041 weight','Weight of rule Seo-01041 overriden by user'),(22,'Seo-01051',4,'Seo-01051 weight','Weight of rule Seo-01051 overriden by user'),(23,'Seo-01061',4,'Seo-01061 weight','Weight of rule Seo-01061 overriden by user'),(24,'Seo-01071',4,'Seo-01071 weight','Weight of rule Seo-01071 overriden by user'),(25,'Seo-01081',4,'Seo-01081 weight','Weight of rule Seo-01081 overriden by user'),(26,'Seo-02011',4,'Seo-02011 weight','Weight of rule Seo-02011 overriden by user'),(27,'Seo-02012',4,'Seo-02012 weight','Weight of rule Seo-02012 overriden by user'),(28,'Seo-02013',4,'Seo-02013 weight','Weight of rule Seo-02013 overriden by user'),(29,'Seo-03011',4,'Seo-01011 weight','Weight of rule Seo-03011 overriden by user'),(30,'Seo-03012',4,'Seo-03012 weight','Weight of rule Seo-03012 overriden by user'),(31,'Seo-05011',4,'Seo-05011 weight','Weight of rule Seo-05011 overriden by user'),(32,'Seo-05012',4,'Seo-05012 weight','Weight of rule Seo-05012 overriden by user'),(33,'Seo-05013',4,'Seo-05013 weight','Weight of rule Seo-05013 overriden by user'),(34,'Seo-06011',4,'Seo-06011 weight','Weight of rule Seo-06011 overriden by user'),(35,'Seo-06021',4,'Seo-06021 weight','Weight of rule Seo-06021 overriden by user'),(36,'Seo-06031',4,'Seo-06031 weight','Weight of rule Seo-06031 overriden by user'),(37,'Seo-06041',4,'Seo-06041 weight','Weight of rule Seo-06041 overriden by user'),(38,'Seo-06051',4,'Seo-06051 weight','Weight of rule Seo-06051 overriden by user'),(39,'Seo-06052',4,'Seo-06052 weight','Weight of rule Seo-06052 overriden by user'),(40,'Seo-07011',4,'Seo-07011 weight','Weight of rule Seo-07011 overriden by user'),(41,'Seo-07012',4,'Seo-07012 weight','Weight of rule Seo-07012 overriden by user'),(42,'Seo-07013',4,'Seo-07013 weight','Weight of rule Seo-07012 overriden by user'),(43,'Seo-07021',4,'Seo-07021 weight','Weight of rule Seo-07021 overriden by user'),(44,'Seo-07051',4,'Seo-07051 weight','Weight of rule Seo-07051 overriden by user'),(45,'Seo-07061',4,'Seo-07061 weight','Weight of rule Seo-07061 overriden by user'),(46,'Seo-08011',4,'Seo-08011 weight','Weight of rule Seo-08011 overriden by user');
/*!40000 ALTER TABLE `PARAMETER_ELEMENT` ENABLE KEYS */;
UNLOCK TABLES;

--
-- Table structure for table `PARAMETER_FAMILY`
--

DROP TABLE IF EXISTS `PARAMETER_FAMILY`;
/*!40101 SET @saved_cs_client     = @@character_set_client */;
/*!40101 SET character_set_client = utf8 */;
CREATE TABLE `PARAMETER_FAMILY` (
  `Id_Parameter_Family` bigint(20) NOT NULL AUTO_INCREMENT,
  `Cd_Parameter_Family` varchar(255) NOT NULL,
  `Description` varchar(255) DEFAULT NULL,
  `Long_Label` varchar(255) DEFAULT NULL,
  `Short_Label` varchar(255) DEFAULT NULL,
  PRIMARY KEY (`Id_Parameter_Family`),
  UNIQUE KEY `Cd_Parameter_Family_UNIQUE` (`Cd_Parameter_Family`)
) ENGINE=InnoDB AUTO_INCREMENT=5 DEFAULT CHARSET=utf8;
/*!40101 SET character_set_client = @saved_cs_client */;

--
-- Dumping data for table `PARAMETER_FAMILY`
--

LOCK TABLES `PARAMETER_FAMILY` WRITE;
/*!40000 ALTER TABLE `PARAMETER_FAMILY` DISABLE KEYS */;
INSERT INTO `PARAMETER_FAMILY` VALUES (1,'CRAWL','This parameter family handles all the parameters needed by the crawler component','crawl parameters','crawl params'),(2,'GENERAL','This parameter family handles all the general parameters of the audit','general parameters','gen params'),(3,'RULES','This parameter family handles all the parameters needed by the rules','rules parameters','rules params'),(4,'Seo_TEST_WEIGHT_MANAGEMENT','This paramaters handles the test weight potentially overridden by users','test weight parameters','test weight params');
/*!40000 ALTER TABLE `PARAMETER_FAMILY` ENABLE KEYS */;
UNLOCK TABLES;

--
-- Table structure for table `PRE_PROCESS_RESULT`
--

DROP TABLE IF EXISTS `PRE_PROCESS_RESULT`;
/*!40101 SET @saved_cs_client     = @@character_set_client */;
/*!40101 SET character_set_client = utf8 */;
CREATE TABLE `PRE_PROCESS_RESULT` (
  `Id_Pre_Process_Result` bigint(20) NOT NULL AUTO_INCREMENT,
  `Pre_Process_Key` varchar(255) NOT NULL,
  `Pre_Process_Value` mediumtext,
  `Id_Audit` bigint(20) NOT NULL,
  `Id_Web_Resource` bigint(20) DEFAULT NULL,
  PRIMARY KEY (`Id_Pre_Process_Result`),
  UNIQUE KEY `Key_Wr_Audit` (`Pre_Process_Key`,`Id_Web_Resource`,`Id_Audit`),
  KEY `fk_PRE_PROCESS_RESULT_AUDIT` (`Id_Audit`),
  KEY `fk_PRE_PROCESS_RESULT_WEB_RESOURCE` (`Id_Web_Resource`),
  CONSTRAINT `fk_PRE_PROCESS_RESULT_AUDIT` FOREIGN KEY (`Id_Audit`) REFERENCES `AUDIT` (`Id_Audit`) ON DELETE CASCADE ON UPDATE NO ACTION,
  CONSTRAINT `fk_PRE_PROCESS_RESULT_WEB_RESOURCE` FOREIGN KEY (`Id_Web_Resource`) REFERENCES `WEB_RESOURCE` (`Id_Web_Resource`) ON DELETE CASCADE ON UPDATE NO ACTION
) ENGINE=InnoDB DEFAULT CHARSET=utf8;
/*!40101 SET character_set_client = @saved_cs_client */;

--
-- Dumping data for table `PRE_PROCESS_RESULT`
--

LOCK TABLES `PRE_PROCESS_RESULT` WRITE;
/*!40000 ALTER TABLE `PRE_PROCESS_RESULT` DISABLE KEYS */;
/*!40000 ALTER TABLE `PRE_PROCESS_RESULT` ENABLE KEYS */;
UNLOCK TABLES;

--
-- Table structure for table `PROCESS_REMARK`
--

DROP TABLE IF EXISTS `PROCESS_REMARK`;
/*!40101 SET @saved_cs_client     = @@character_set_client */;
/*!40101 SET character_set_client = utf8 */;
CREATE TABLE `PROCESS_REMARK` (
  `DTYPE` varchar(31) NOT NULL,
  `Id_Process_Remark` bigint(20) NOT NULL AUTO_INCREMENT,
  `Issue` varchar(255) DEFAULT NULL,
  `Message_Code` varchar(255) DEFAULT NULL,
  `Selected_Element` varchar(255) DEFAULT NULL,
  `Selection_Expression` varchar(255) DEFAULT NULL,
  `Character_Position` int(11) DEFAULT NULL,
  `Line_Number` int(11) DEFAULT NULL,
  `Target` varchar(5000) DEFAULT NULL,
  `Snippet` mediumtext,
  `Id_Process_Result` bigint(20) DEFAULT NULL,
  PRIMARY KEY (`Id_Process_Remark`),
  KEY `FK1C3EA37045A988AD` (`Id_Process_Result`),
  KEY `Issue_Index` (`Issue`),
  CONSTRAINT `FK1C3EA37045A988AD` FOREIGN KEY (`Id_Process_Result`) REFERENCES `PROCESS_RESULT` (`Id_Process_Result`) ON DELETE CASCADE
) ENGINE=InnoDB DEFAULT CHARSET=utf8;
/*!40101 SET character_set_client = @saved_cs_client */;

--
-- Dumping data for table `PROCESS_REMARK`
--

LOCK TABLES `PROCESS_REMARK` WRITE;
/*!40000 ALTER TABLE `PROCESS_REMARK` DISABLE KEYS */;
/*!40000 ALTER TABLE `PROCESS_REMARK` ENABLE KEYS */;
UNLOCK TABLES;

--
-- Table structure for table `PROCESS_RESULT`
--

DROP TABLE IF EXISTS `PROCESS_RESULT`;
/*!40101 SET @saved_cs_client     = @@character_set_client */;
/*!40101 SET character_set_client = utf8 */;
CREATE TABLE `PROCESS_RESULT` (
  `DTYPE` varchar(31) NOT NULL,
  `Id_Process_Result` bigint(20) NOT NULL AUTO_INCREMENT,
  `Element_Counter` int(11) DEFAULT NULL,
  `Definite_Value` varchar(255) DEFAULT NULL,
  `Indefinite_Value` mediumtext,
  `Id_Audit_Gross_Result` bigint(20) DEFAULT NULL,
  `Id_Audit_Net_Result` bigint(20) DEFAULT NULL,
  `Id_Process_Result_Parent` bigint(20) DEFAULT NULL,
  `Id_Web_Resource` bigint(20) NOT NULL,
  `Id_Test` bigint(20) DEFAULT NULL,
  `Manual_Definite_Value` varchar(255) DEFAULT NULL,
  `Manual_Audit_Comment` varchar(255) DEFAULT NULL,
  PRIMARY KEY (`Id_Process_Result`),
  UNIQUE KEY `Id_Test` (`Id_Test`,`Id_Web_Resource`,`Id_Audit_Gross_Result`),
  UNIQUE KEY `Id_Test_2` (`Id_Test`,`Id_Web_Resource`,`Id_Audit_Net_Result`),
  KEY `FK1C41A80DFA349234` (`Id_Process_Result_Parent`),
  KEY `FK1C41A80D8146180B` (`Id_Audit_Gross_Result`),
  KEY `FK1C41A80D2E48600` (`Id_Web_Resource`),
  KEY `FK1C41A80DA17A5FA8` (`Id_Test`),
  KEY `FK1C41A80DB6D0E092` (`Id_Audit_Net_Result`),
  KEY `Definite_Value_Index` (`Definite_Value`),
  CONSTRAINT `FK1C41A80DFA349234` FOREIGN KEY (`Id_Process_Result_Parent`) REFERENCES `PROCESS_RESULT` (`Id_Process_Result`),
  CONSTRAINT `FK1C41A80D8146180B` FOREIGN KEY (`Id_Audit_Gross_Result`) REFERENCES `AUDIT` (`Id_Audit`) ON DELETE CASCADE,
  CONSTRAINT `FK1C41A80D2E48600` FOREIGN KEY (`Id_Web_Resource`) REFERENCES `WEB_RESOURCE` (`Id_Web_Resource`) ON DELETE CASCADE,
  CONSTRAINT `FK1C41A80DA17A5FA8` FOREIGN KEY (`Id_Test`) REFERENCES `TEST` (`Id_Test`),
  CONSTRAINT `FK1C41A80DB6D0E092` FOREIGN KEY (`Id_Audit_Net_Result`) REFERENCES `AUDIT` (`Id_Audit`) ON DELETE CASCADE
) ENGINE=InnoDB DEFAULT CHARSET=utf8;
/*!40101 SET character_set_client = @saved_cs_client */;

--
-- Dumping data for table `PROCESS_RESULT`
--

LOCK TABLES `PROCESS_RESULT` WRITE;
/*!40000 ALTER TABLE `PROCESS_RESULT` DISABLE KEYS */;
/*!40000 ALTER TABLE `PROCESS_RESULT` ENABLE KEYS */;
UNLOCK TABLES;

--
-- Table structure for table `PROCESS_RESULT_AUD`
--

DROP TABLE IF EXISTS `PROCESS_RESULT_AUD`;
/*!40101 SET @saved_cs_client     = @@character_set_client */;
/*!40101 SET character_set_client = utf8 */;
CREATE TABLE `PROCESS_RESULT_AUD` (
  `DTYPE` varchar(31) NOT NULL,
  `Id_Process_Result` bigint(20) NOT NULL,
  `REV` int(11) NOT NULL,
  `REVTYPE` tinyint(4) DEFAULT NULL,
  `Element_Counter` int(11) DEFAULT NULL,
  `Id_Process_Result_Parent` bigint(20) DEFAULT NULL,
  `Definite_Value` varchar(255) DEFAULT NULL,
  `Manual_Audit_Comment` varchar(255) DEFAULT NULL,
  `Manual_Definite_Value` varchar(255) DEFAULT NULL,
  PRIMARY KEY (`Id_Process_Result`,`REV`),
  KEY `FK5411075EDF74E053` (`REV`),
  CONSTRAINT `FK5411075EDF74E053` FOREIGN KEY (`REV`) REFERENCES `REVINFO` (`REV`)
) ENGINE=InnoDB DEFAULT CHARSET=utf8;
/*!40101 SET character_set_client = @saved_cs_client */;

--
-- Dumping data for table `PROCESS_RESULT_AUD`
--

LOCK TABLES `PROCESS_RESULT_AUD` WRITE;
/*!40000 ALTER TABLE `PROCESS_RESULT_AUD` DISABLE KEYS */;
/*!40000 ALTER TABLE `PROCESS_RESULT_AUD` ENABLE KEYS */;
UNLOCK TABLES;

--
-- Table structure for table `REFERENCE`
--

DROP TABLE IF EXISTS `REFERENCE`;
/*!40101 SET @saved_cs_client     = @@character_set_client */;
/*!40101 SET character_set_client = utf8 */;
CREATE TABLE `REFERENCE` (
  `Id_Reference` bigint(20) NOT NULL AUTO_INCREMENT,
  `Cd_Reference` varchar(255) DEFAULT NULL,
  `Description` varchar(255) DEFAULT NULL,
  `Label` varchar(255) NOT NULL,
  `Rank` int(11) DEFAULT NULL,
  `Url` varchar(255) DEFAULT NULL,
  `Id_Default_Level` bigint(20) DEFAULT '2',
  PRIMARY KEY (`Id_Reference`),
  UNIQUE KEY `Cd_Reference_UNIQUE` (`Cd_Reference`),
  KEY `fk_Ref_Level` (`Id_Default_Level`),
  CONSTRAINT `fk_Ref_Level` FOREIGN KEY (`Id_Default_Level`) REFERENCES `LEVEL` (`Id_Level`)
) ENGINE=InnoDB AUTO_INCREMENT=7 DEFAULT CHARSET=utf8;
/*!40101 SET character_set_client = @saved_cs_client */;

--
-- Dumping data for table `REFERENCE`
--

LOCK TABLES `REFERENCE` WRITE;
/*!40000 ALTER TABLE `REFERENCE` DISABLE KEYS */;
INSERT INTO `REFERENCE` VALUES (4,'Aw22',NULL,'AccessiWeb 2.2',4,'http://www.accessiweb.org/index.php/accessiweb-22-english-version.html',2),(5,'Rgaa30',NULL,'Rgaa 3.0',2000,'',2),(6,'Seo',NULL,'Seo 1.0',1000,'',1);
/*!40000 ALTER TABLE `REFERENCE` ENABLE KEYS */;
UNLOCK TABLES;

--
-- Table structure for table `REVINFO`
--

DROP TABLE IF EXISTS `REVINFO`;
/*!40101 SET @saved_cs_client     = @@character_set_client */;
/*!40101 SET character_set_client = utf8 */;
CREATE TABLE `REVINFO` (
  `REV` int(11) NOT NULL AUTO_INCREMENT,
  `REVTSTMP` bigint(20) DEFAULT NULL,
  PRIMARY KEY (`REV`)
) ENGINE=InnoDB AUTO_INCREMENT=17 DEFAULT CHARSET=utf8;
/*!40101 SET character_set_client = @saved_cs_client */;

--
-- Dumping data for table `REVINFO`
--

LOCK TABLES `REVINFO` WRITE;
/*!40000 ALTER TABLE `REVINFO` DISABLE KEYS */;
/*!40000 ALTER TABLE `REVINFO` ENABLE KEYS */;
UNLOCK TABLES;

--
-- Table structure for table `SCOPE`
--

DROP TABLE IF EXISTS `SCOPE`;
/*!40101 SET @saved_cs_client     = @@character_set_client */;
/*!40101 SET character_set_client = utf8 */;
CREATE TABLE `SCOPE` (
  `Id_Scope` bigint(20) NOT NULL AUTO_INCREMENT,
  `Code` varchar(255) DEFAULT NULL,
  `Description` varchar(255) DEFAULT NULL,
  `Label` varchar(255) NOT NULL,
  PRIMARY KEY (`Id_Scope`)
) ENGINE=InnoDB AUTO_INCREMENT=4 DEFAULT CHARSET=utf8;
/*!40101 SET character_set_client = @saved_cs_client */;

--
-- Dumping data for table `SCOPE`
--

LOCK TABLES `SCOPE` WRITE;
/*!40000 ALTER TABLE `SCOPE` DISABLE KEYS */;
INSERT INTO `SCOPE` VALUES (1,'page','page','Page'),(2,'site','site','Site'),(3,'site&page','site and page','Site and Page');
/*!40000 ALTER TABLE `SCOPE` ENABLE KEYS */;
UNLOCK TABLES;

--
-- Table structure for table `STANDARD_MESSAGE`
--

DROP TABLE IF EXISTS `STANDARD_MESSAGE`;
/*!40101 SET @saved_cs_client     = @@character_set_client */;
/*!40101 SET character_set_client = utf8 */;
CREATE TABLE `STANDARD_MESSAGE` (
  `Id_Standard_Message` bigint(20) NOT NULL AUTO_INCREMENT,
  `Cd_Standard_Message` varchar(255) DEFAULT NULL,
  `Label` varchar(255) DEFAULT NULL,
  `Text` varchar(255) DEFAULT NULL,
  PRIMARY KEY (`Id_Standard_Message`)
) ENGINE=InnoDB DEFAULT CHARSET=utf8;
/*!40101 SET character_set_client = @saved_cs_client */;

--
-- Dumping data for table `STANDARD_MESSAGE`
--

LOCK TABLES `STANDARD_MESSAGE` WRITE;
/*!40000 ALTER TABLE `STANDARD_MESSAGE` DISABLE KEYS */;
/*!40000 ALTER TABLE `STANDARD_MESSAGE` ENABLE KEYS */;
UNLOCK TABLES;

--
-- Table structure for table `TEST`
--

DROP TABLE IF EXISTS `TEST`;
/*!40101 SET @saved_cs_client     = @@character_set_client */;
/*!40101 SET character_set_client = utf8 */;
CREATE TABLE `TEST` (
  `Id_Test` bigint(20) NOT NULL AUTO_INCREMENT,
  `Cd_Test` varchar(255) DEFAULT NULL,
  `Description` varchar(255) DEFAULT NULL,
  `Label` varchar(255) DEFAULT NULL,
  `Rank` int(11) DEFAULT NULL,
  `Weight` decimal(2,1) unsigned DEFAULT '1.0',
  `Rule_Archive_Name` varchar(255) DEFAULT NULL,
  `Rule_Class_Name` varchar(255) DEFAULT NULL,
  `Rule_Design_Url` varchar(255) DEFAULT NULL,
  `Id_Criterion` bigint(20) DEFAULT NULL,
  `Id_Decision_Level` bigint(20) DEFAULT NULL,
  `Id_Level` bigint(20) DEFAULT NULL,
  `Id_Rule` bigint(20) DEFAULT NULL,
  `Id_Scope` bigint(20) DEFAULT NULL,
  `No_Process` bit(1) DEFAULT b'1',
  PRIMARY KEY (`Id_Test`),
  UNIQUE KEY `Cd_Test_UNIQUE` (`Cd_Test`),
  KEY `FK273C92CCA757AD` (`Id_Decision_Level`),
  KEY `FK273C9250C99824` (`Id_Scope`),
  KEY `FK273C926CCA4C3E` (`Id_Criterion`),
  KEY `FK273C9272343A84` (`Id_Level`),
  CONSTRAINT `FK273C92CCA757AD` FOREIGN KEY (`Id_Decision_Level`) REFERENCES `DECISION_LEVEL` (`Id_Decision_Level`),
  CONSTRAINT `FK273C9250C99824` FOREIGN KEY (`Id_Scope`) REFERENCES `SCOPE` (`Id_Scope`),
  CONSTRAINT `FK273C926CCA4C3E` FOREIGN KEY (`Id_Criterion`) REFERENCES `CRITERION` (`Id_Criterion`),
  CONSTRAINT `FK273C9272343A84` FOREIGN KEY (`Id_Level`) REFERENCES `LEVEL` (`Id_Level`)
) ENGINE=InnoDB AUTO_INCREMENT=1173 DEFAULT CHARSET=utf8;
/*!40101 SET character_set_client = @saved_cs_client */;

--
-- Dumping data for table `TEST`
--

LOCK TABLES `TEST` WRITE;
/*!40000 ALTER TABLE `TEST` DISABLE KEYS */;
INSERT INTO `TEST` VALUES (501,'Aw22-01011','http://www.accessiweb.org/index.php/accessiweb_2.2_liste_generale.html#images','1.1.1',3010101,1.0,'accessiweb2.2','org.asqatasun.rules.accessiweb22.Aw22Rule01011','http://doc.asqatasun.org/en/90_Rules/accessiweb2.2/01.Images/Rule-1.1.1.html',201,NULL,1,NULL,1,'\0'),(502,'Aw22-01012','http://www.accessiweb.org/index.php/accessiweb_2.2_liste_generale.html#images','1.1.2',3010102,1.0,'accessiweb2.2','org.asqatasun.rules.accessiweb22.Aw22Rule01012','http://doc.asqatasun.org/en/90_Rules/accessiweb2.2/01.Images/Rule-1.1.2.html',201,NULL,1,NULL,1,'\0'),(503,'Aw22-01013','http://www.accessiweb.org/index.php/accessiweb_2.2_liste_generale.html#images','1.1.3',3010103,1.0,'accessiweb2.2','org.asqatasun.rules.accessiweb22.Aw22Rule01013','http://doc.asqatasun.org/en/90_Rules/accessiweb2.2/01.Images/Rule-1.1.3.html',201,NULL,1,NULL,1,'\0'),(504,'Aw22-01014','http://www.accessiweb.org/index.php/accessiweb_2.2_liste_generale.html#images','1.1.4',3010104,1.0,'accessiweb2.2','org.asqatasun.rules.accessiweb22.Aw22Rule01014','http://doc.asqatasun.org/en/90_Rules/accessiweb2.2/01.Images/Rule-1.1.4.html',201,NULL,1,NULL,1,'\0'),(505,'Aw22-01021','http://www.accessiweb.org/index.php/accessiweb_2.2_liste_generale.html#images','1.2.1',3010201,1.0,'accessiweb2.2','org.asqatasun.rules.accessiweb22.Aw22Rule01021','http://doc.asqatasun.org/en/90_Rules/accessiweb2.2/01.Images/Rule-1.2.1.html',202,NULL,1,NULL,1,'\0'),(506,'Aw22-01022','http://www.accessiweb.org/index.php/accessiweb_2.2_liste_generale.html#images','1.2.2',3010202,1.0,'accessiweb2.2','org.asqatasun.rules.accessiweb22.Aw22Rule01022','http://doc.asqatasun.org/en/90_Rules/accessiweb2.2/01.Images/Rule-1.2.2.html',202,NULL,1,NULL,1,'\0'),(507,'Aw22-01023','http://www.accessiweb.org/index.php/accessiweb_2.2_liste_generale.html#images','1.2.3',3010203,1.0,'accessiweb2.2','org.asqatasun.rules.accessiweb22.Aw22Rule01023','http://doc.asqatasun.org/en/90_Rules/accessiweb2.2/01.Images/Rule-1.2.3.html',202,NULL,1,NULL,1,'\0'),(508,'Aw22-01024','http://www.accessiweb.org/index.php/accessiweb_2.2_liste_generale.html#images','1.2.4',3010204,1.0,'accessiweb2.2','org.asqatasun.rules.accessiweb22.Aw22Rule01024','http://doc.asqatasun.org/en/90_Rules/accessiweb2.2/01.Images/Rule-1.2.4.html',202,NULL,1,NULL,1,'\0'),(509,'Aw22-01025','http://www.accessiweb.org/index.php/accessiweb_2.2_liste_generale.html#images','1.2.5',3010205,1.0,'accessiweb2.2','org.asqatasun.rules.accessiweb22.Aw22Rule01025','http://doc.asqatasun.org/en/90_Rules/accessiweb2.2/01.Images/Rule-1.2.5.html',202,NULL,1,NULL,1,'\0'),(510,'Aw22-01031','http://www.accessiweb.org/index.php/accessiweb_2.2_liste_generale.html#images','1.3.1',3010301,1.0,'accessiweb2.2','org.asqatasun.rules.accessiweb22.Aw22Rule01031','http://doc.asqatasun.org/en/90_Rules/accessiweb2.2/01.Images/Rule-1.3.1.html',203,NULL,1,NULL,1,'\0'),(511,'Aw22-01032','http://www.accessiweb.org/index.php/accessiweb_2.2_liste_generale.html#images','1.3.2',3010302,1.0,'accessiweb2.2','org.asqatasun.rules.accessiweb22.Aw22Rule01032','http://doc.asqatasun.org/en/90_Rules/accessiweb2.2/01.Images/Rule-1.3.2.html',203,NULL,1,NULL,1,'\0'),(512,'Aw22-01033','http://www.accessiweb.org/index.php/accessiweb_2.2_liste_generale.html#images','1.3.3',3010303,1.0,'accessiweb2.2','org.asqatasun.rules.accessiweb22.Aw22Rule01033','http://doc.asqatasun.org/en/90_Rules/accessiweb2.2/01.Images/Rule-1.3.3.html',203,NULL,1,NULL,1,'\0'),(513,'Aw22-01034','http://www.accessiweb.org/index.php/accessiweb_2.2_liste_generale.html#images','1.3.4',3010304,1.0,'accessiweb2.2','org.asqatasun.rules.accessiweb22.Aw22Rule01034','http://doc.asqatasun.org/en/90_Rules/accessiweb2.2/01.Images/Rule-1.3.4.html',203,NULL,1,NULL,1,'\0'),(514,'Aw22-01035','http://www.accessiweb.org/index.php/accessiweb_2.2_liste_generale.html#images','1.3.5',3010305,1.0,'accessiweb2.2','org.asqatasun.rules.accessiweb22.Aw22Rule01035','http://doc.asqatasun.org/en/90_Rules/accessiweb2.2/01.Images/Rule-1.3.5.html',203,NULL,1,NULL,1,'\0'),(515,'Aw22-01036','http://www.accessiweb.org/index.php/accessiweb_2.2_liste_generale.html#images','1.3.6',3010306,1.0,'accessiweb2.2','org.asqatasun.rules.accessiweb22.Aw22Rule01036','http://doc.asqatasun.org/en/90_Rules/accessiweb2.2/01.Images/Rule-1.3.6.html',203,NULL,1,NULL,1,'\0'),(516,'Aw22-01037','http://www.accessiweb.org/index.php/accessiweb_2.2_liste_generale.html#images','1.3.7',3010307,1.0,'accessiweb2.2','org.asqatasun.rules.accessiweb22.Aw22Rule01037','http://doc.asqatasun.org/en/90_Rules/accessiweb2.2/01.Images/Rule-1.3.7.html',203,NULL,1,NULL,1,''),(517,'Aw22-01041','http://www.accessiweb.org/index.php/accessiweb_2.2_liste_generale.html#images','1.4.1',3010401,1.0,'accessiweb2.2','org.asqatasun.rules.accessiweb22.Aw22Rule01041','http://doc.asqatasun.org/en/90_Rules/accessiweb2.2/01.Images/Rule-1.4.1.html',204,NULL,1,NULL,1,'\0'),(518,'Aw22-01042','http://www.accessiweb.org/index.php/accessiweb_2.2_liste_generale.html#images','1.4.2',3010402,1.0,'accessiweb2.2','org.asqatasun.rules.accessiweb22.Aw22Rule01042','http://doc.asqatasun.org/en/90_Rules/accessiweb2.2/01.Images/Rule-1.4.2.html',204,NULL,1,NULL,1,'\0'),(519,'Aw22-01043','http://www.accessiweb.org/index.php/accessiweb_2.2_liste_generale.html#images','1.4.3',3010403,1.0,'accessiweb2.2','org.asqatasun.rules.accessiweb22.Aw22Rule01043','http://doc.asqatasun.org/en/90_Rules/accessiweb2.2/01.Images/Rule-1.4.3.html',204,NULL,1,NULL,1,'\0'),(520,'Aw22-01044','http://www.accessiweb.org/index.php/accessiweb_2.2_liste_generale.html#images','1.4.4',3010404,1.0,'accessiweb2.2','org.asqatasun.rules.accessiweb22.Aw22Rule01044','http://doc.asqatasun.org/en/90_Rules/accessiweb2.2/01.Images/Rule-1.4.4.html',204,NULL,1,NULL,1,'\0'),(521,'Aw22-01045','http://www.accessiweb.org/index.php/accessiweb_2.2_liste_generale.html#images','1.4.5',3010405,1.0,'accessiweb2.2','org.asqatasun.rules.accessiweb22.Aw22Rule01045','http://doc.asqatasun.org/en/90_Rules/accessiweb2.2/01.Images/Rule-1.4.5.html',204,NULL,1,NULL,1,'\0'),(522,'Aw22-01046','http://www.accessiweb.org/index.php/accessiweb_2.2_liste_generale.html#images','1.4.6',3010406,1.0,'accessiweb2.2','org.asqatasun.rules.accessiweb22.Aw22Rule01046','http://doc.asqatasun.org/en/90_Rules/accessiweb2.2/01.Images/Rule-1.4.6.html',204,NULL,1,NULL,1,'\0'),(523,'Aw22-01051','http://www.accessiweb.org/index.php/accessiweb_2.2_liste_generale.html#images','1.5.1',3010501,1.0,'accessiweb2.2','org.asqatasun.rules.accessiweb22.Aw22Rule01051','http://doc.asqatasun.org/en/90_Rules/accessiweb2.2/01.Images/Rule-1.5.1.html',205,NULL,1,NULL,1,'\0'),(524,'Aw22-01052','http://www.accessiweb.org/index.php/accessiweb_2.2_liste_generale.html#images','1.5.2',3010502,1.0,'accessiweb2.2','org.asqatasun.rules.accessiweb22.Aw22Rule01052','http://doc.asqatasun.org/en/90_Rules/accessiweb2.2/01.Images/Rule-1.5.2.html',205,NULL,1,NULL,1,'\0'),(525,'Aw22-01061','http://www.accessiweb.org/index.php/accessiweb_2.2_liste_generale.html#images','1.6.1',3010601,1.0,'accessiweb2.2','org.asqatasun.rules.accessiweb22.Aw22Rule01061','http://doc.asqatasun.org/en/90_Rules/accessiweb2.2/01.Images/Rule-1.6.1.html',206,NULL,1,NULL,1,'\0'),(526,'Aw22-01062','http://www.accessiweb.org/index.php/accessiweb_2.2_liste_generale.html#images','1.6.2',3010602,1.0,'accessiweb2.2','org.asqatasun.rules.accessiweb22.Aw22Rule01062','http://doc.asqatasun.org/en/90_Rules/accessiweb2.2/01.Images/Rule-1.6.2.html',206,NULL,1,NULL,1,'\0'),(527,'Aw22-01063','http://www.accessiweb.org/index.php/accessiweb_2.2_liste_generale.html#images','1.6.3',3010603,1.0,'accessiweb2.2','org.asqatasun.rules.accessiweb22.Aw22Rule01063','http://doc.asqatasun.org/en/90_Rules/accessiweb2.2/01.Images/Rule-1.6.3.html',206,NULL,1,NULL,1,'\0'),(528,'Aw22-01064','http://www.accessiweb.org/index.php/accessiweb_2.2_liste_generale.html#images','1.6.4',3010604,1.0,'accessiweb2.2','org.asqatasun.rules.accessiweb22.Aw22Rule01064','http://doc.asqatasun.org/en/90_Rules/accessiweb2.2/01.Images/Rule-1.6.4.html',206,NULL,1,NULL,1,'\0'),(529,'Aw22-01065','http://www.accessiweb.org/index.php/accessiweb_2.2_liste_generale.html#images','1.6.5',3010605,1.0,'accessiweb2.2','org.asqatasun.rules.accessiweb22.Aw22Rule01065','http://doc.asqatasun.org/en/90_Rules/accessiweb2.2/01.Images/Rule-1.6.5.html',206,NULL,1,NULL,1,'\0'),(530,'Aw22-01071','http://www.accessiweb.org/index.php/accessiweb_2.2_liste_generale.html#images','1.7.1',3010701,1.0,'accessiweb2.2','org.asqatasun.rules.accessiweb22.Aw22Rule01071','http://doc.asqatasun.org/en/90_Rules/accessiweb2.2/01.Images/Rule-1.7.1.html',207,NULL,1,NULL,1,'\0'),(531,'Aw22-01072','http://www.accessiweb.org/index.php/accessiweb_2.2_liste_generale.html#images','1.7.2',3010702,1.0,'accessiweb2.2','org.asqatasun.rules.accessiweb22.Aw22Rule01072','http://doc.asqatasun.org/en/90_Rules/accessiweb2.2/01.Images/Rule-1.7.2.html',207,NULL,1,NULL,1,'\0'),(532,'Aw22-01073','http://www.accessiweb.org/index.php/accessiweb_2.2_liste_generale.html#images','1.7.3',3010703,1.0,'accessiweb2.2','org.asqatasun.rules.accessiweb22.Aw22Rule01073','http://doc.asqatasun.org/en/90_Rules/accessiweb2.2/01.Images/Rule-1.7.3.html',207,NULL,1,NULL,1,'\0'),(533,'Aw22-01074','http://www.accessiweb.org/index.php/accessiweb_2.2_liste_generale.html#images','1.7.4',3010704,1.0,'accessiweb2.2','org.asqatasun.rules.accessiweb22.Aw22Rule01074','http://doc.asqatasun.org/en/90_Rules/accessiweb2.2/01.Images/Rule-1.7.4.html',207,NULL,1,NULL,1,'\0'),(534,'Aw22-01081','http://www.accessiweb.org/index.php/accessiweb_2.2_liste_generale.html#images','1.8.1',3010801,1.0,'accessiweb2.2','org.asqatasun.rules.accessiweb22.Aw22Rule01081','http://doc.asqatasun.org/en/90_Rules/accessiweb2.2/01.Images/Rule-1.8.1.html',208,NULL,2,NULL,1,'\0'),(535,'Aw22-01082','http://www.accessiweb.org/index.php/accessiweb_2.2_liste_generale.html#images','1.8.2',3010802,1.0,'accessiweb2.2','org.asqatasun.rules.accessiweb22.Aw22Rule01082','http://doc.asqatasun.org/en/90_Rules/accessiweb2.2/01.Images/Rule-1.8.2.html',208,NULL,2,NULL,1,'\0'),(536,'Aw22-01083','http://www.accessiweb.org/index.php/accessiweb_2.2_liste_generale.html#images','1.8.3',3010803,1.0,'accessiweb2.2','org.asqatasun.rules.accessiweb22.Aw22Rule01083','http://doc.asqatasun.org/en/90_Rules/accessiweb2.2/01.Images/Rule-1.8.3.html',208,NULL,2,NULL,1,'\0'),(537,'Aw22-01084','http://www.accessiweb.org/index.php/accessiweb_2.2_liste_generale.html#images','1.8.4',3010804,1.0,'accessiweb2.2','org.asqatasun.rules.accessiweb22.Aw22Rule01084','http://doc.asqatasun.org/en/90_Rules/accessiweb2.2/01.Images/Rule-1.8.4.html',208,NULL,2,NULL,1,'\0'),(538,'Aw22-01085','http://www.accessiweb.org/index.php/accessiweb_2.2_liste_generale.html#images','1.8.5',3010805,1.0,'accessiweb2.2','org.asqatasun.rules.accessiweb22.Aw22Rule01085','http://doc.asqatasun.org/en/90_Rules/accessiweb2.2/01.Images/Rule-1.8.5.html',208,NULL,2,NULL,1,'\0'),(539,'Aw22-01086','http://www.accessiweb.org/index.php/accessiweb_2.2_liste_generale.html#images','1.8.6',3010806,1.0,'accessiweb2.2','org.asqatasun.rules.accessiweb22.Aw22Rule01086','http://doc.asqatasun.org/en/90_Rules/accessiweb2.2/01.Images/Rule-1.8.6.html',208,NULL,2,NULL,1,'\0'),(540,'Aw22-01091','http://www.accessiweb.org/index.php/accessiweb_2.2_liste_generale.html#images','1.9.1',3010901,1.0,'accessiweb2.2','org.asqatasun.rules.accessiweb22.Aw22Rule01091','http://doc.asqatasun.org/en/90_Rules/accessiweb2.2/01.Images/Rule-1.9.1.html',209,NULL,3,NULL,1,'\0'),(541,'Aw22-01092','http://www.accessiweb.org/index.php/accessiweb_2.2_liste_generale.html#images','1.9.2',3010902,1.0,'accessiweb2.2','org.asqatasun.rules.accessiweb22.Aw22Rule01092','http://doc.asqatasun.org/en/90_Rules/accessiweb2.2/01.Images/Rule-1.9.2.html',209,NULL,3,NULL,1,'\0'),(542,'Aw22-01093','http://www.accessiweb.org/index.php/accessiweb_2.2_liste_generale.html#images','1.9.3',3010903,1.0,'accessiweb2.2','org.asqatasun.rules.accessiweb22.Aw22Rule01093','http://doc.asqatasun.org/en/90_Rules/accessiweb2.2/01.Images/Rule-1.9.3.html',209,NULL,3,NULL,1,'\0'),(543,'Aw22-01094','http://www.accessiweb.org/index.php/accessiweb_2.2_liste_generale.html#images','1.9.4',3010904,1.0,'accessiweb2.2','org.asqatasun.rules.accessiweb22.Aw22Rule01094','http://doc.asqatasun.org/en/90_Rules/accessiweb2.2/01.Images/Rule-1.9.4.html',209,NULL,3,NULL,1,'\0'),(544,'Aw22-01095','http://www.accessiweb.org/index.php/accessiweb_2.2_liste_generale.html#images','1.9.5',3010905,1.0,'accessiweb2.2','org.asqatasun.rules.accessiweb22.Aw22Rule01095','http://doc.asqatasun.org/en/90_Rules/accessiweb2.2/01.Images/Rule-1.9.5.html',209,NULL,3,NULL,1,'\0'),(545,'Aw22-01096','http://www.accessiweb.org/index.php/accessiweb_2.2_liste_generale.html#images','1.9.6',3010906,1.0,'accessiweb2.2','org.asqatasun.rules.accessiweb22.Aw22Rule01096','http://doc.asqatasun.org/en/90_Rules/accessiweb2.2/01.Images/Rule-1.9.6.html',209,NULL,3,NULL,1,'\0'),(546,'Aw22-02011','http://www.accessiweb.org/index.php/accessiweb_2.2_liste_generale.html#cadres','2.1.1',3020101,1.0,'accessiweb2.2','org.asqatasun.rules.accessiweb22.Aw22Rule02011','http://doc.asqatasun.org/en/90_Rules/accessiweb2.2/02.Frames/Rule-2.1.1.html',210,NULL,1,NULL,1,'\0'),(547,'Aw22-02012','http://www.accessiweb.org/index.php/accessiweb_2.2_liste_generale.html#cadres','2.1.2',3020102,1.0,'accessiweb2.2','org.asqatasun.rules.accessiweb22.Aw22Rule02012','http://doc.asqatasun.org/en/90_Rules/accessiweb2.2/02.Frames/Rule-2.1.2.html',210,NULL,1,NULL,1,'\0'),(548,'Aw22-02021','http://www.accessiweb.org/index.php/accessiweb_2.2_liste_generale.html#cadres','2.2.1',3020201,1.0,'accessiweb2.2','org.asqatasun.rules.accessiweb22.Aw22Rule02021','http://doc.asqatasun.org/en/90_Rules/accessiweb2.2/02.Frames/Rule-2.2.1.html',211,NULL,1,NULL,1,'\0'),(549,'Aw22-02022','http://www.accessiweb.org/index.php/accessiweb_2.2_liste_generale.html#cadres','2.2.2',3020202,1.0,'accessiweb2.2','org.asqatasun.rules.accessiweb22.Aw22Rule02022','http://doc.asqatasun.org/en/90_Rules/accessiweb2.2/02.Frames/Rule-2.2.2.html',211,NULL,1,NULL,1,'\0'),(550,'Aw22-03011','http://www.accessiweb.org/index.php/accessiweb_2.2_liste_generale.html#couleurs','3.1.1',3030101,1.0,'accessiweb2.2','org.asqatasun.rules.accessiweb22.Aw22Rule03011','http://doc.asqatasun.org/en/90_Rules/accessiweb2.2/03.Colours/Rule-3.1.1.html',212,NULL,1,NULL,1,''),(551,'Aw22-03012','http://www.accessiweb.org/index.php/accessiweb_2.2_liste_generale.html#couleurs','3.1.2',3030102,1.0,'accessiweb2.2','org.asqatasun.rules.accessiweb22.Aw22Rule03012','http://doc.asqatasun.org/en/90_Rules/accessiweb2.2/03.Colours/Rule-3.1.2.html',212,NULL,1,NULL,1,''),(552,'Aw22-03013','http://www.accessiweb.org/index.php/accessiweb_2.2_liste_generale.html#couleurs','3.1.3',3030103,1.0,'accessiweb2.2','org.asqatasun.rules.accessiweb22.Aw22Rule03013','http://doc.asqatasun.org/en/90_Rules/accessiweb2.2/03.Colours/Rule-3.1.3.html',212,NULL,1,NULL,1,''),(553,'Aw22-03014','http://www.accessiweb.org/index.php/accessiweb_2.2_liste_generale.html#couleurs','3.1.4',3030104,1.0,'accessiweb2.2','org.asqatasun.rules.accessiweb22.Aw22Rule03014','http://doc.asqatasun.org/en/90_Rules/accessiweb2.2/03.Colours/Rule-3.1.4.html',212,NULL,1,NULL,1,''),(554,'Aw22-03015','http://www.accessiweb.org/index.php/accessiweb_2.2_liste_generale.html#couleurs','3.1.5',3030105,1.0,'accessiweb2.2','org.asqatasun.rules.accessiweb22.Aw22Rule03015','http://doc.asqatasun.org/en/90_Rules/accessiweb2.2/03.Colours/Rule-3.1.5.html',212,NULL,1,NULL,1,''),(555,'Aw22-03016','http://www.accessiweb.org/index.php/accessiweb_2.2_liste_generale.html#couleurs','3.1.6',3030106,1.0,'accessiweb2.2','org.asqatasun.rules.accessiweb22.Aw22Rule03016','http://doc.asqatasun.org/en/90_Rules/accessiweb2.2/03.Colours/Rule-3.1.6.html',212,NULL,1,NULL,1,''),(556,'Aw22-03021','http://www.accessiweb.org/index.php/accessiweb_2.2_liste_generale.html#couleurs','3.2.1',3030201,1.0,'accessiweb2.2','org.asqatasun.rules.accessiweb22.Aw22Rule03021','http://doc.asqatasun.org/en/90_Rules/accessiweb2.2/03.Colours/Rule-3.2.1.html',213,NULL,1,NULL,1,''),(557,'Aw22-03022','http://www.accessiweb.org/index.php/accessiweb_2.2_liste_generale.html#couleurs','3.2.2',3030202,1.0,'accessiweb2.2','org.asqatasun.rules.accessiweb22.Aw22Rule03022','http://doc.asqatasun.org/en/90_Rules/accessiweb2.2/03.Colours/Rule-3.2.2.html',213,NULL,1,NULL,1,''),(558,'Aw22-03023','http://www.accessiweb.org/index.php/accessiweb_2.2_liste_generale.html#couleurs','3.2.3',3030203,1.0,'accessiweb2.2','org.asqatasun.rules.accessiweb22.Aw22Rule03023','http://doc.asqatasun.org/en/90_Rules/accessiweb2.2/03.Colours/Rule-3.2.3.html',213,NULL,1,NULL,1,''),(559,'Aw22-03024','http://www.accessiweb.org/index.php/accessiweb_2.2_liste_generale.html#couleurs','3.2.4',3030204,1.0,'accessiweb2.2','org.asqatasun.rules.accessiweb22.Aw22Rule03024','http://doc.asqatasun.org/en/90_Rules/accessiweb2.2/03.Colours/Rule-3.2.4.html',213,NULL,1,NULL,1,''),(560,'Aw22-03025','http://www.accessiweb.org/index.php/accessiweb_2.2_liste_generale.html#couleurs','3.2.5',3030205,1.0,'accessiweb2.2','org.asqatasun.rules.accessiweb22.Aw22Rule03025','http://doc.asqatasun.org/en/90_Rules/accessiweb2.2/03.Colours/Rule-3.2.5.html',213,NULL,1,NULL,1,''),(561,'Aw22-03026','http://www.accessiweb.org/index.php/accessiweb_2.2_liste_generale.html#couleurs','3.2.6',3030206,1.0,'accessiweb2.2','org.asqatasun.rules.accessiweb22.Aw22Rule03026','http://doc.asqatasun.org/en/90_Rules/accessiweb2.2/03.Colours/Rule-3.2.6.html',213,NULL,1,NULL,1,''),(562,'Aw22-03031','http://www.accessiweb.org/index.php/accessiweb_2.2_liste_generale.html#couleurs','3.3.1',3030301,1.0,'accessiweb2.2','org.asqatasun.rules.accessiweb22.Aw22Rule03031','http://doc.asqatasun.org/en/90_Rules/accessiweb2.2/03.Colours/Rule-3.3.1.html',214,NULL,2,NULL,1,'\0'),(563,'Aw22-03032','http://www.accessiweb.org/index.php/accessiweb_2.2_liste_generale.html#couleurs','3.3.2',3030302,1.0,'accessiweb2.2','org.asqatasun.rules.accessiweb22.Aw22Rule03032','http://doc.asqatasun.org/en/90_Rules/accessiweb2.2/03.Colours/Rule-3.3.2.html',214,NULL,2,NULL,1,'\0'),(564,'Aw22-03033','http://www.accessiweb.org/index.php/accessiweb_2.2_liste_generale.html#couleurs','3.3.3',3030303,1.0,'accessiweb2.2','org.asqatasun.rules.accessiweb22.Aw22Rule03033','http://doc.asqatasun.org/en/90_Rules/accessiweb2.2/03.Colours/Rule-3.3.3.html',214,NULL,2,NULL,1,'\0'),(565,'Aw22-03034','http://www.accessiweb.org/index.php/accessiweb_2.2_liste_generale.html#couleurs','3.3.4',3030304,1.0,'accessiweb2.2','org.asqatasun.rules.accessiweb22.Aw22Rule03034','http://doc.asqatasun.org/en/90_Rules/accessiweb2.2/03.Colours/Rule-3.3.4.html',214,NULL,2,NULL,1,'\0'),(566,'Aw22-03041','http://www.accessiweb.org/index.php/accessiweb_2.2_liste_generale.html#couleurs','3.4.1',3030401,1.0,'accessiweb2.2','org.asqatasun.rules.accessiweb22.Aw22Rule03041','http://doc.asqatasun.org/en/90_Rules/accessiweb2.2/03.Colours/Rule-3.4.1.html',215,NULL,3,NULL,1,'\0'),(567,'Aw22-03042','http://www.accessiweb.org/index.php/accessiweb_2.2_liste_generale.html#couleurs','3.4.2',3030402,1.0,'accessiweb2.2','org.asqatasun.rules.accessiweb22.Aw22Rule03042','http://doc.asqatasun.org/en/90_Rules/accessiweb2.2/03.Colours/Rule-3.4.2.html',215,NULL,3,NULL,1,'\0'),(568,'Aw22-03043','http://www.accessiweb.org/index.php/accessiweb_2.2_liste_generale.html#couleurs','3.4.3',3030403,1.0,'accessiweb2.2','org.asqatasun.rules.accessiweb22.Aw22Rule03043','http://doc.asqatasun.org/en/90_Rules/accessiweb2.2/03.Colours/Rule-3.4.3.html',215,NULL,3,NULL,1,'\0'),(569,'Aw22-03044','http://www.accessiweb.org/index.php/accessiweb_2.2_liste_generale.html#couleurs','3.4.4',3030404,1.0,'accessiweb2.2','org.asqatasun.rules.accessiweb22.Aw22Rule03044','http://doc.asqatasun.org/en/90_Rules/accessiweb2.2/03.Colours/Rule-3.4.4.html',215,NULL,3,NULL,1,'\0'),(570,'Aw22-04011','http://www.accessiweb.org/index.php/accessiweb_2.2_liste_generale.html#multimedia','4.1.1',3040101,1.0,'accessiweb2.2','org.asqatasun.rules.accessiweb22.Aw22Rule04011','http://doc.asqatasun.org/en/90_Rules/accessiweb2.2/04.Multimedia/Rule-4.1.1.html',216,NULL,1,NULL,1,''),(571,'Aw22-04012','http://www.accessiweb.org/index.php/accessiweb_2.2_liste_generale.html#multimedia','4.1.2',3040102,1.0,'accessiweb2.2','org.asqatasun.rules.accessiweb22.Aw22Rule04012','http://doc.asqatasun.org/en/90_Rules/accessiweb2.2/04.Multimedia/Rule-4.1.2.html',216,NULL,1,NULL,1,''),(572,'Aw22-04013','http://www.accessiweb.org/index.php/accessiweb_2.2_liste_generale.html#multimedia','4.1.3',3040103,1.0,'accessiweb2.2','org.asqatasun.rules.accessiweb22.Aw22Rule04013','http://doc.asqatasun.org/en/90_Rules/accessiweb2.2/04.Multimedia/Rule-4.1.3.html',216,NULL,1,NULL,1,''),(573,'Aw22-04014','http://www.accessiweb.org/index.php/accessiweb_2.2_liste_generale.html#multimedia','4.1.4',3040104,1.0,'accessiweb2.2','org.asqatasun.rules.accessiweb22.Aw22Rule04014','http://doc.asqatasun.org/en/90_Rules/accessiweb2.2/04.Multimedia/Rule-4.1.4.html',216,NULL,1,NULL,1,'\0'),(574,'Aw22-04021','http://www.accessiweb.org/index.php/accessiweb_2.2_liste_generale.html#multimedia','4.2.1',3040201,1.0,'accessiweb2.2','org.asqatasun.rules.accessiweb22.Aw22Rule04021','http://doc.asqatasun.org/en/90_Rules/accessiweb2.2/04.Multimedia/Rule-4.2.1.html',217,NULL,1,NULL,1,''),(575,'Aw22-04022','http://www.accessiweb.org/index.php/accessiweb_2.2_liste_generale.html#multimedia','4.2.2',3040202,1.0,'accessiweb2.2','org.asqatasun.rules.accessiweb22.Aw22Rule04022','http://doc.asqatasun.org/en/90_Rules/accessiweb2.2/04.Multimedia/Rule-4.2.2.html',217,NULL,1,NULL,1,''),(576,'Aw22-04023','http://www.accessiweb.org/index.php/accessiweb_2.2_liste_generale.html#multimedia','4.2.3',3040203,1.0,'accessiweb2.2','org.asqatasun.rules.accessiweb22.Aw22Rule04023','http://doc.asqatasun.org/en/90_Rules/accessiweb2.2/04.Multimedia/Rule-4.2.3.html',217,NULL,1,NULL,1,''),(577,'Aw22-04031','http://www.accessiweb.org/index.php/accessiweb_2.2_liste_generale.html#multimedia','4.3.1',3040301,1.0,'accessiweb2.2','org.asqatasun.rules.accessiweb22.Aw22Rule04031','http://doc.asqatasun.org/en/90_Rules/accessiweb2.2/04.Multimedia/Rule-4.3.1.html',218,NULL,1,NULL,1,''),(578,'Aw22-04041','http://www.accessiweb.org/index.php/accessiweb_2.2_liste_generale.html#multimedia','4.4.1',3040401,1.0,'accessiweb2.2','org.asqatasun.rules.accessiweb22.Aw22Rule04041','http://doc.asqatasun.org/en/90_Rules/accessiweb2.2/04.Multimedia/Rule-4.4.1.html',219,NULL,1,NULL,1,''),(579,'Aw22-04051','http://www.accessiweb.org/index.php/accessiweb_2.2_liste_generale.html#multimedia','4.5.1',3040501,1.0,'accessiweb2.2','org.asqatasun.rules.accessiweb22.Aw22Rule04051','http://doc.asqatasun.org/en/90_Rules/accessiweb2.2/04.Multimedia/Rule-4.5.1.html',220,NULL,1,NULL,1,''),(580,'Aw22-04052','http://www.accessiweb.org/index.php/accessiweb_2.2_liste_generale.html#multimedia','4.5.2',3040502,1.0,'accessiweb2.2','org.asqatasun.rules.accessiweb22.Aw22Rule04052','http://doc.asqatasun.org/en/90_Rules/accessiweb2.2/04.Multimedia/Rule-4.5.2.html',220,NULL,1,NULL,1,''),(581,'Aw22-04053','http://www.accessiweb.org/index.php/accessiweb_2.2_liste_generale.html#multimedia','4.5.3',3040503,1.0,'accessiweb2.2','org.asqatasun.rules.accessiweb22.Aw22Rule04053','http://doc.asqatasun.org/en/90_Rules/accessiweb2.2/04.Multimedia/Rule-4.5.3.html',220,NULL,1,NULL,1,'\0'),(582,'Aw22-04061','http://www.accessiweb.org/index.php/accessiweb_2.2_liste_generale.html#multimedia','4.6.1',3040601,1.0,'accessiweb2.2','org.asqatasun.rules.accessiweb22.Aw22Rule04061','http://doc.asqatasun.org/en/90_Rules/accessiweb2.2/04.Multimedia/Rule-4.6.1.html',221,NULL,2,NULL,1,''),(583,'Aw22-04062','http://www.accessiweb.org/index.php/accessiweb_2.2_liste_generale.html#multimedia','4.6.2',3040602,1.0,'accessiweb2.2','org.asqatasun.rules.accessiweb22.Aw22Rule04062','http://doc.asqatasun.org/en/90_Rules/accessiweb2.2/04.Multimedia/Rule-4.6.2.html',221,NULL,2,NULL,1,''),(584,'Aw22-04071','http://www.accessiweb.org/index.php/accessiweb_2.2_liste_generale.html#multimedia','4.7.1',3040701,1.0,'accessiweb2.2','org.asqatasun.rules.accessiweb22.Aw22Rule04071','http://doc.asqatasun.org/en/90_Rules/accessiweb2.2/04.Multimedia/Rule-4.7.1.html',222,NULL,2,NULL,1,''),(585,'Aw22-04072','http://www.accessiweb.org/index.php/accessiweb_2.2_liste_generale.html#multimedia','4.7.2',3040702,1.0,'accessiweb2.2','org.asqatasun.rules.accessiweb22.Aw22Rule04072','http://doc.asqatasun.org/en/90_Rules/accessiweb2.2/04.Multimedia/Rule-4.7.2.html',222,NULL,2,NULL,1,''),(586,'Aw22-04081','http://www.accessiweb.org/index.php/accessiweb_2.2_liste_generale.html#multimedia','4.8.1',3040801,1.0,'accessiweb2.2','org.asqatasun.rules.accessiweb22.Aw22Rule04081','http://doc.asqatasun.org/en/90_Rules/accessiweb2.2/04.Multimedia/Rule-4.8.1.html',223,NULL,2,NULL,1,''),(587,'Aw22-04082','http://www.accessiweb.org/index.php/accessiweb_2.2_liste_generale.html#multimedia','4.8.2',3040802,1.0,'accessiweb2.2','org.asqatasun.rules.accessiweb22.Aw22Rule04082','http://doc.asqatasun.org/en/90_Rules/accessiweb2.2/04.Multimedia/Rule-4.8.2.html',223,NULL,2,NULL,1,''),(588,'Aw22-04091','http://www.accessiweb.org/index.php/accessiweb_2.2_liste_generale.html#multimedia','4.9.1',3040901,1.0,'accessiweb2.2','org.asqatasun.rules.accessiweb22.Aw22Rule04091','http://doc.asqatasun.org/en/90_Rules/accessiweb2.2/04.Multimedia/Rule-4.9.1.html',224,NULL,3,NULL,1,''),(589,'Aw22-04092','http://www.accessiweb.org/index.php/accessiweb_2.2_liste_generale.html#multimedia','4.9.2',3040902,1.0,'accessiweb2.2','org.asqatasun.rules.accessiweb22.Aw22Rule04092','http://doc.asqatasun.org/en/90_Rules/accessiweb2.2/04.Multimedia/Rule-4.9.2.html',224,NULL,3,NULL,1,''),(590,'Aw22-04101','http://www.accessiweb.org/index.php/accessiweb_2.2_liste_generale.html#multimedia','4.10.1',3041001,1.0,'accessiweb2.2','org.asqatasun.rules.accessiweb22.Aw22Rule04101','http://doc.asqatasun.org/en/90_Rules/accessiweb2.2/04.Multimedia/Rule-4.10.1.html',225,NULL,3,NULL,1,''),(591,'Aw22-04102','http://www.accessiweb.org/index.php/accessiweb_2.2_liste_generale.html#multimedia','4.10.2',3041002,1.0,'accessiweb2.2','org.asqatasun.rules.accessiweb22.Aw22Rule04102','http://doc.asqatasun.org/en/90_Rules/accessiweb2.2/04.Multimedia/Rule-4.10.2.html',225,NULL,3,NULL,1,''),(592,'Aw22-04111','http://www.accessiweb.org/index.php/accessiweb_2.2_liste_generale.html#multimedia','4.11.1',3041101,1.0,'accessiweb2.2','org.asqatasun.rules.accessiweb22.Aw22Rule04111','http://doc.asqatasun.org/en/90_Rules/accessiweb2.2/04.Multimedia/Rule-4.11.1.html',226,NULL,3,NULL,1,''),(593,'Aw22-04112','http://www.accessiweb.org/index.php/accessiweb_2.2_liste_generale.html#multimedia','4.11.2',3041102,1.0,'accessiweb2.2','org.asqatasun.rules.accessiweb22.Aw22Rule04112','http://doc.asqatasun.org/en/90_Rules/accessiweb2.2/04.Multimedia/Rule-4.11.2.html',226,NULL,3,NULL,1,''),(594,'Aw22-04121','http://www.accessiweb.org/index.php/accessiweb_2.2_liste_generale.html#multimedia','4.12.1',3041201,1.0,'accessiweb2.2','org.asqatasun.rules.accessiweb22.Aw22Rule04121','http://doc.asqatasun.org/en/90_Rules/accessiweb2.2/04.Multimedia/Rule-4.12.1.html',227,NULL,3,NULL,1,''),(595,'Aw22-04122','http://www.accessiweb.org/index.php/accessiweb_2.2_liste_generale.html#multimedia','4.12.2',3041202,1.0,'accessiweb2.2','org.asqatasun.rules.accessiweb22.Aw22Rule04122','http://doc.asqatasun.org/en/90_Rules/accessiweb2.2/04.Multimedia/Rule-4.12.2.html',227,NULL,3,NULL,1,''),(596,'Aw22-04131','http://www.accessiweb.org/index.php/accessiweb_2.2_liste_generale.html#multimedia','4.13.1',3041301,1.0,'accessiweb2.2','org.asqatasun.rules.accessiweb22.Aw22Rule04131','http://doc.asqatasun.org/en/90_Rules/accessiweb2.2/04.Multimedia/Rule-4.13.1.html',228,NULL,3,NULL,1,''),(597,'Aw22-04132','http://www.accessiweb.org/index.php/accessiweb_2.2_liste_generale.html#multimedia','4.13.2',3041302,1.0,'accessiweb2.2','org.asqatasun.rules.accessiweb22.Aw22Rule04132','http://doc.asqatasun.org/en/90_Rules/accessiweb2.2/04.Multimedia/Rule-4.13.2.html',228,NULL,3,NULL,1,''),(598,'Aw22-04133','http://www.accessiweb.org/index.php/accessiweb_2.2_liste_generale.html#multimedia','4.13.3',3041303,1.0,'accessiweb2.2','org.asqatasun.rules.accessiweb22.Aw22Rule04133','http://doc.asqatasun.org/en/90_Rules/accessiweb2.2/04.Multimedia/Rule-4.13.3.html',228,NULL,3,NULL,1,'\0'),(599,'Aw22-04141','http://www.accessiweb.org/index.php/accessiweb_2.2_liste_generale.html#multimedia','4.14.1',3041401,1.0,'accessiweb2.2','org.asqatasun.rules.accessiweb22.Aw22Rule04141','http://doc.asqatasun.org/en/90_Rules/accessiweb2.2/04.Multimedia/Rule-4.14.1.html',229,NULL,3,NULL,1,''),(600,'Aw22-04142','http://www.accessiweb.org/index.php/accessiweb_2.2_liste_generale.html#multimedia','4.14.2',3041402,1.0,'accessiweb2.2','org.asqatasun.rules.accessiweb22.Aw22Rule04142','http://doc.asqatasun.org/en/90_Rules/accessiweb2.2/04.Multimedia/Rule-4.14.2.html',229,NULL,3,NULL,1,''),(601,'Aw22-04151','http://www.accessiweb.org/index.php/accessiweb_2.2_liste_generale.html#multimedia','4.15.1',3041501,1.0,'accessiweb2.2','org.asqatasun.rules.accessiweb22.Aw22Rule04151','http://doc.asqatasun.org/en/90_Rules/accessiweb2.2/04.Multimedia/Rule-4.15.1.html',230,NULL,1,NULL,1,''),(602,'Aw22-04152','http://www.accessiweb.org/index.php/accessiweb_2.2_liste_generale.html#multimedia','4.15.2',3041502,1.0,'accessiweb2.2','org.asqatasun.rules.accessiweb22.Aw22Rule04152','http://doc.asqatasun.org/en/90_Rules/accessiweb2.2/04.Multimedia/Rule-4.15.2.html',230,NULL,1,NULL,1,''),(603,'Aw22-04161','http://www.accessiweb.org/index.php/accessiweb_2.2_liste_generale.html#multimedia','4.16.1',3041601,1.0,'accessiweb2.2','org.asqatasun.rules.accessiweb22.Aw22Rule04161','http://doc.asqatasun.org/en/90_Rules/accessiweb2.2/04.Multimedia/Rule-4.16.1.html',231,NULL,1,NULL,1,''),(604,'Aw22-04162','http://www.accessiweb.org/index.php/accessiweb_2.2_liste_generale.html#multimedia','4.16.2',3041602,1.0,'accessiweb2.2','org.asqatasun.rules.accessiweb22.Aw22Rule04162','http://doc.asqatasun.org/en/90_Rules/accessiweb2.2/04.Multimedia/Rule-4.16.2.html',231,NULL,1,NULL,1,''),(605,'Aw22-04171','http://www.accessiweb.org/index.php/accessiweb_2.2_liste_generale.html#multimedia','4.17.1',3041701,1.0,'accessiweb2.2','org.asqatasun.rules.accessiweb22.Aw22Rule04171','http://doc.asqatasun.org/en/90_Rules/accessiweb2.2/04.Multimedia/Rule-4.17.1.html',232,NULL,1,NULL,1,''),(606,'Aw22-04181','http://www.accessiweb.org/index.php/accessiweb_2.2_liste_generale.html#multimedia','4.18.1',3041801,1.0,'accessiweb2.2','org.asqatasun.rules.accessiweb22.Aw22Rule04181','http://doc.asqatasun.org/en/90_Rules/accessiweb2.2/04.Multimedia/Rule-4.18.1.html',233,NULL,1,NULL,1,'\0'),(607,'Aw22-04191','http://www.accessiweb.org/index.php/accessiweb_2.2_liste_generale.html#multimedia','4.19.1',3041901,1.0,'accessiweb2.2','org.asqatasun.rules.accessiweb22.Aw22Rule04191','http://doc.asqatasun.org/en/90_Rules/accessiweb2.2/04.Multimedia/Rule-4.19.1.html',234,NULL,3,NULL,1,'\0'),(608,'Aw22-04201','http://www.accessiweb.org/index.php/accessiweb_2.2_liste_generale.html#multimedia','4.20.1',3042001,1.0,'accessiweb2.2','org.asqatasun.rules.accessiweb22.Aw22Rule04201','http://doc.asqatasun.org/en/90_Rules/accessiweb2.2/04.Multimedia/Rule-4.20.1.html',235,NULL,1,NULL,1,''),(609,'Aw22-04202','http://www.accessiweb.org/index.php/accessiweb_2.2_liste_generale.html#multimedia','4.20.2',3042002,1.0,'accessiweb2.2','org.asqatasun.rules.accessiweb22.Aw22Rule04202','http://doc.asqatasun.org/en/90_Rules/accessiweb2.2/04.Multimedia/Rule-4.20.2.html',235,NULL,1,NULL,1,''),(610,'Aw22-04203','http://www.accessiweb.org/index.php/accessiweb_2.2_liste_generale.html#multimedia','4.20.3',3042003,1.0,'accessiweb2.2','org.asqatasun.rules.accessiweb22.Aw22Rule04203','http://doc.asqatasun.org/en/90_Rules/accessiweb2.2/04.Multimedia/Rule-4.20.3.html',235,NULL,1,NULL,1,''),(611,'Aw22-04211','http://www.accessiweb.org/index.php/accessiweb_2.2_liste_generale.html#multimedia','4.21.1',3042101,1.0,'accessiweb2.2','org.asqatasun.rules.accessiweb22.Aw22Rule04211','http://doc.asqatasun.org/en/90_Rules/accessiweb2.2/04.Multimedia/Rule-4.21.1.html',236,NULL,1,NULL,1,''),(612,'Aw22-04212','http://www.accessiweb.org/index.php/accessiweb_2.2_liste_generale.html#multimedia','4.21.2',3042102,1.0,'accessiweb2.2','org.asqatasun.rules.accessiweb22.Aw22Rule04212','http://doc.asqatasun.org/en/90_Rules/accessiweb2.2/04.Multimedia/Rule-4.21.2.html',236,NULL,1,NULL,1,''),(613,'Aw22-04221','http://www.accessiweb.org/index.php/accessiweb_2.2_liste_generale.html#multimedia','4.22.1',3042201,1.0,'accessiweb2.2','org.asqatasun.rules.accessiweb22.Aw22Rule04221','http://doc.asqatasun.org/en/90_Rules/accessiweb2.2/04.Multimedia/Rule-4.22.1.html',237,NULL,1,NULL,1,'\0'),(614,'Aw22-05011','http://www.accessiweb.org/index.php/accessiweb_2.2_liste_generale.html#tableaux','5.1.1',3050101,1.0,'accessiweb2.2','org.asqatasun.rules.accessiweb22.Aw22Rule05011','http://doc.asqatasun.org/en/90_Rules/accessiweb2.2/05.Tables/Rule-5.1.1.html',238,NULL,1,NULL,1,'\0'),(615,'Aw22-05021','http://www.accessiweb.org/index.php/accessiweb_2.2_liste_generale.html#tableaux','5.2.1',3050201,1.0,'accessiweb2.2','org.asqatasun.rules.accessiweb22.Aw22Rule05021','http://doc.asqatasun.org/en/90_Rules/accessiweb2.2/05.Tables/Rule-5.2.1.html',239,NULL,1,NULL,1,'\0'),(616,'Aw22-05022','http://www.accessiweb.org/index.php/accessiweb_2.2_liste_generale.html#tableaux','5.2.2',3050202,1.0,'accessiweb2.2','org.asqatasun.rules.accessiweb22.Aw22Rule05022','http://doc.asqatasun.org/en/90_Rules/accessiweb2.2/05.Tables/Rule-5.2.2.html',239,NULL,1,NULL,1,'\0'),(617,'Aw22-05031','http://www.accessiweb.org/index.php/accessiweb_2.2_liste_generale.html#tableaux','5.3.1',3050301,1.0,'accessiweb2.2','org.asqatasun.rules.accessiweb22.Aw22Rule05031','http://doc.asqatasun.org/en/90_Rules/accessiweb2.2/05.Tables/Rule-5.3.1.html',240,NULL,1,NULL,1,'\0'),(618,'Aw22-05041','http://www.accessiweb.org/index.php/accessiweb_2.2_liste_generale.html#tableaux','5.4.1',3050401,1.0,'accessiweb2.2','org.asqatasun.rules.accessiweb22.Aw22Rule05041','http://doc.asqatasun.org/en/90_Rules/accessiweb2.2/05.Tables/Rule-5.4.1.html',241,NULL,1,NULL,1,'\0'),(619,'Aw22-05051','http://www.accessiweb.org/index.php/accessiweb_2.2_liste_generale.html#tableaux','5.5.1',3050501,1.0,'accessiweb2.2','org.asqatasun.rules.accessiweb22.Aw22Rule05051','http://doc.asqatasun.org/en/90_Rules/accessiweb2.2/05.Tables/Rule-5.5.1.html',242,NULL,1,NULL,1,'\0'),(620,'Aw22-05061','http://www.accessiweb.org/index.php/accessiweb_2.2_liste_generale.html#tableaux','5.6.1',3050601,1.0,'accessiweb2.2','org.asqatasun.rules.accessiweb22.Aw22Rule05061','http://doc.asqatasun.org/en/90_Rules/accessiweb2.2/05.Tables/Rule-5.6.1.html',243,NULL,1,NULL,1,'\0'),(621,'Aw22-05062','http://www.accessiweb.org/index.php/accessiweb_2.2_liste_generale.html#tableaux','5.6.2',3050602,1.0,'accessiweb2.2','org.asqatasun.rules.accessiweb22.Aw22Rule05062','http://doc.asqatasun.org/en/90_Rules/accessiweb2.2/05.Tables/Rule-5.6.2.html',243,NULL,1,NULL,1,'\0'),(622,'Aw22-05071','http://www.accessiweb.org/index.php/accessiweb_2.2_liste_generale.html#tableaux','5.7.1',3050701,1.0,'accessiweb2.2','org.asqatasun.rules.accessiweb22.Aw22Rule05071','http://doc.asqatasun.org/en/90_Rules/accessiweb2.2/05.Tables/Rule-5.7.1.html',244,NULL,1,NULL,1,'\0'),(623,'Aw22-05072','http://www.accessiweb.org/index.php/accessiweb_2.2_liste_generale.html#tableaux','5.7.2',3050702,1.0,'accessiweb2.2','org.asqatasun.rules.accessiweb22.Aw22Rule05072','http://doc.asqatasun.org/en/90_Rules/accessiweb2.2/05.Tables/Rule-5.7.2.html',244,NULL,1,NULL,1,'\0'),(624,'Aw22-05073','http://www.accessiweb.org/index.php/accessiweb_2.2_liste_generale.html#tableaux','5.7.3',3050703,1.0,'accessiweb2.2','org.asqatasun.rules.accessiweb22.Aw22Rule05073','http://doc.asqatasun.org/en/90_Rules/accessiweb2.2/05.Tables/Rule-5.7.3.html',244,NULL,1,NULL,1,'\0'),(625,'Aw22-05074','http://www.accessiweb.org/index.php/accessiweb_2.2_liste_generale.html#tableaux','5.7.4',3050704,1.0,'accessiweb2.2','org.asqatasun.rules.accessiweb22.Aw22Rule05074','http://doc.asqatasun.org/en/90_Rules/accessiweb2.2/05.Tables/Rule-5.7.4.html',244,NULL,1,NULL,1,'\0'),(626,'Aw22-05081','http://www.accessiweb.org/index.php/accessiweb_2.2_liste_generale.html#tableaux','5.8.1',3050801,1.0,'accessiweb2.2','org.asqatasun.rules.accessiweb22.Aw22Rule05081','http://doc.asqatasun.org/en/90_Rules/accessiweb2.2/05.Tables/Rule-5.8.1.html',245,NULL,1,NULL,1,'\0'),(627,'Aw22-06011','http://www.accessiweb.org/index.php/accessiweb_2.2_liste_generale.html#liens','6.1.1',3060101,1.0,'accessiweb2.2','org.asqatasun.rules.accessiweb22.Aw22Rule06011','http://doc.asqatasun.org/en/90_Rules/accessiweb2.2/06.Links/Rule-6.1.1.html',246,NULL,1,NULL,1,'\0'),(628,'Aw22-06012','http://www.accessiweb.org/index.php/accessiweb_2.2_liste_generale.html#liens','6.1.2',3060102,1.0,'accessiweb2.2','org.asqatasun.rules.accessiweb22.Aw22Rule06012','http://doc.asqatasun.org/en/90_Rules/accessiweb2.2/06.Links/Rule-6.1.2.html',246,NULL,1,NULL,1,'\0'),(629,'Aw22-06013','http://www.accessiweb.org/index.php/accessiweb_2.2_liste_generale.html#liens','6.1.3',3060103,1.0,'accessiweb2.2','org.asqatasun.rules.accessiweb22.Aw22Rule06013','http://doc.asqatasun.org/en/90_Rules/accessiweb2.2/06.Links/Rule-6.1.3.html',246,NULL,1,NULL,1,'\0'),(630,'Aw22-06014','http://www.accessiweb.org/index.php/accessiweb_2.2_liste_generale.html#liens','6.1.4',3060104,1.0,'accessiweb2.2','org.asqatasun.rules.accessiweb22.Aw22Rule06014','http://doc.asqatasun.org/en/90_Rules/accessiweb2.2/06.Links/Rule-6.1.4.html',246,NULL,1,NULL,1,'\0'),(631,'Aw22-06021','http://www.accessiweb.org/index.php/accessiweb_2.2_liste_generale.html#liens','6.2.1',3060201,1.0,'accessiweb2.2','org.asqatasun.rules.accessiweb22.Aw22Rule06021','http://doc.asqatasun.org/en/90_Rules/accessiweb2.2/06.Links/Rule-6.2.1.html',247,NULL,1,NULL,1,'\0'),(632,'Aw22-06022','http://www.accessiweb.org/index.php/accessiweb_2.2_liste_generale.html#liens','6.2.2',3060202,1.0,'accessiweb2.2','org.asqatasun.rules.accessiweb22.Aw22Rule06022','http://doc.asqatasun.org/en/90_Rules/accessiweb2.2/06.Links/Rule-6.2.2.html',247,NULL,1,NULL,1,'\0'),(633,'Aw22-06023','http://www.accessiweb.org/index.php/accessiweb_2.2_liste_generale.html#liens','6.2.3',3060203,1.0,'accessiweb2.2','org.asqatasun.rules.accessiweb22.Aw22Rule06023','http://doc.asqatasun.org/en/90_Rules/accessiweb2.2/06.Links/Rule-6.2.3.html',247,NULL,1,NULL,1,'\0'),(634,'Aw22-06024','http://www.accessiweb.org/index.php/accessiweb_2.2_liste_generale.html#liens','6.2.4',3060204,1.0,'accessiweb2.2','org.asqatasun.rules.accessiweb22.Aw22Rule06024','http://doc.asqatasun.org/en/90_Rules/accessiweb2.2/06.Links/Rule-6.2.4.html',247,NULL,1,NULL,1,'\0'),(635,'Aw22-06031','http://www.accessiweb.org/index.php/accessiweb_2.2_liste_generale.html#liens','6.3.1',3060301,1.0,'accessiweb2.2','org.asqatasun.rules.accessiweb22.Aw22Rule06031','http://doc.asqatasun.org/en/90_Rules/accessiweb2.2/06.Links/Rule-6.3.1.html',248,NULL,3,NULL,1,'\0'),(636,'Aw22-06032','http://www.accessiweb.org/index.php/accessiweb_2.2_liste_generale.html#liens','6.3.2',3060302,1.0,'accessiweb2.2','org.asqatasun.rules.accessiweb22.Aw22Rule06032','http://doc.asqatasun.org/en/90_Rules/accessiweb2.2/06.Links/Rule-6.3.2.html',248,NULL,3,NULL,1,'\0'),(637,'Aw22-06033','http://www.accessiweb.org/index.php/accessiweb_2.2_liste_generale.html#liens','6.3.3',3060303,1.0,'accessiweb2.2','org.asqatasun.rules.accessiweb22.Aw22Rule06033','http://doc.asqatasun.org/en/90_Rules/accessiweb2.2/06.Links/Rule-6.3.3.html',248,NULL,3,NULL,1,'\0'),(638,'Aw22-06034','http://www.accessiweb.org/index.php/accessiweb_2.2_liste_generale.html#liens','6.3.4',3060304,1.0,'accessiweb2.2','org.asqatasun.rules.accessiweb22.Aw22Rule06034','http://doc.asqatasun.org/en/90_Rules/accessiweb2.2/06.Links/Rule-6.3.4.html',248,NULL,3,NULL,1,'\0'),(639,'Aw22-06041','http://www.accessiweb.org/index.php/accessiweb_2.2_liste_generale.html#liens','6.4.1',3060401,1.0,'accessiweb2.2','org.asqatasun.rules.accessiweb22.Aw22Rule06041','http://doc.asqatasun.org/en/90_Rules/accessiweb2.2/06.Links/Rule-6.4.1.html',249,NULL,1,NULL,1,'\0'),(640,'Aw22-06042','http://www.accessiweb.org/index.php/accessiweb_2.2_liste_generale.html#liens','6.4.2',3060403,1.0,'accessiweb2.2','org.asqatasun.rules.accessiweb22.Aw22Rule06042','http://doc.asqatasun.org/en/90_Rules/accessiweb2.2/06.Links/Rule-6.4.2.html',249,NULL,1,NULL,1,'\0'),(641,'Aw22-06043','http://www.accessiweb.org/index.php/accessiweb_2.2_liste_generale.html#liens','6.4.3',3060403,1.0,'accessiweb2.2','org.asqatasun.rules.accessiweb22.Aw22Rule06043','http://doc.asqatasun.org/en/90_Rules/accessiweb2.2/06.Links/Rule-6.4.3.html',249,NULL,1,NULL,1,'\0'),(642,'Aw22-06044','http://www.accessiweb.org/index.php/accessiweb_2.2_liste_generale.html#liens','6.4.4',3060404,1.0,'accessiweb2.2','org.asqatasun.rules.accessiweb22.Aw22Rule06044','http://doc.asqatasun.org/en/90_Rules/accessiweb2.2/06.Links/Rule-6.4.4.html',249,NULL,1,NULL,1,'\0'),(643,'Aw22-06051','http://www.accessiweb.org/index.php/accessiweb_2.2_liste_generale.html#liens','6.5.1',3060501,1.0,'accessiweb2.2','org.asqatasun.rules.accessiweb22.Aw22Rule06051','http://doc.asqatasun.org/en/90_Rules/accessiweb2.2/06.Links/Rule-6.5.1.html',250,NULL,1,NULL,1,'\0'),(644,'Aw22-06052','http://www.accessiweb.org/index.php/accessiweb_2.2_liste_generale.html#liens','6.5.2',3060502,1.0,'accessiweb2.2','org.asqatasun.rules.accessiweb22.Aw22Rule06052','http://doc.asqatasun.org/en/90_Rules/accessiweb2.2/06.Links/Rule-6.5.2.html',250,NULL,1,NULL,1,'\0'),(645,'Aw22-06053','http://www.accessiweb.org/index.php/accessiweb_2.2_liste_generale.html#liens','6.5.3',3060503,1.0,'accessiweb2.2','org.asqatasun.rules.accessiweb22.Aw22Rule06053','http://doc.asqatasun.org/en/90_Rules/accessiweb2.2/06.Links/Rule-6.5.3.html',250,NULL,1,NULL,1,'\0'),(646,'Aw22-06061','http://www.accessiweb.org/index.php/accessiweb_2.2_liste_generale.html#liens','6.6.1',3060601,1.0,'accessiweb2.2','org.asqatasun.rules.accessiweb22.Aw22Rule06061','http://doc.asqatasun.org/en/90_Rules/accessiweb2.2/06.Links/Rule-6.6.1.html',251,NULL,1,NULL,1,'\0'),(647,'Aw22-07011','http://www.accessiweb.org/index.php/accessiweb_2.2_liste_generale.html#script','7.1.1',3070101,1.0,'accessiweb2.2','org.asqatasun.rules.accessiweb22.Aw22Rule07011','http://doc.asqatasun.org/en/90_Rules/accessiweb2.2/07.Scripts/Rule-7.1.1.html',252,NULL,1,NULL,1,''),(648,'Aw22-07012','http://www.accessiweb.org/index.php/accessiweb_2.2_liste_generale.html#script','7.1.2',3070102,1.0,'accessiweb2.2','org.asqatasun.rules.accessiweb22.Aw22Rule07012','http://doc.asqatasun.org/en/90_Rules/accessiweb2.2/07.Scripts/Rule-7.1.2.html',252,NULL,1,NULL,1,''),(649,'Aw22-07021','http://www.accessiweb.org/index.php/accessiweb_2.2_liste_generale.html#script','7.2.1',3070201,1.0,'accessiweb2.2','org.asqatasun.rules.accessiweb22.Aw22Rule07021','http://doc.asqatasun.org/en/90_Rules/accessiweb2.2/07.Scripts/Rule-7.2.1.html',253,NULL,1,NULL,1,''),(650,'Aw22-07022','http://www.accessiweb.org/index.php/accessiweb_2.2_liste_generale.html#script','7.2.2',3070202,1.0,'accessiweb2.2','org.asqatasun.rules.accessiweb22.Aw22Rule07022','http://doc.asqatasun.org/en/90_Rules/accessiweb2.2/07.Scripts/Rule-7.2.2.html',253,NULL,1,NULL,1,''),(651,'Aw22-07031','http://www.accessiweb.org/index.php/accessiweb_2.2_liste_generale.html#script','7.3.1',3070301,1.0,'accessiweb2.2','org.asqatasun.rules.accessiweb22.Aw22Rule07031','http://doc.asqatasun.org/en/90_Rules/accessiweb2.2/07.Scripts/Rule-7.3.1.html',254,NULL,1,NULL,1,''),(652,'Aw22-07032','http://www.accessiweb.org/index.php/accessiweb_2.2_liste_generale.html#script','7.3.2',3070302,1.0,'accessiweb2.2','org.asqatasun.rules.accessiweb22.Aw22Rule07032','http://doc.asqatasun.org/en/90_Rules/accessiweb2.2/07.Scripts/Rule-7.3.2.html',254,NULL,1,NULL,1,''),(653,'Aw22-07033','http://www.accessiweb.org/index.php/accessiweb_2.2_liste_generale.html#script','7.3.3',3070303,1.0,'accessiweb2.2','org.asqatasun.rules.accessiweb22.Aw22Rule07033','http://doc.asqatasun.org/en/90_Rules/accessiweb2.2/07.Scripts/Rule-7.3.3.html',254,NULL,1,NULL,1,''),(654,'Aw22-07041','http://www.accessiweb.org/index.php/accessiweb_2.2_liste_generale.html#script','7.4.1',3070401,1.0,'accessiweb2.2','org.asqatasun.rules.accessiweb22.Aw22Rule07041','http://doc.asqatasun.org/en/90_Rules/accessiweb2.2/07.Scripts/Rule-7.4.1.html',255,NULL,1,NULL,1,''),(655,'Aw22-07042','http://www.accessiweb.org/index.php/accessiweb_2.2_liste_generale.html#script','7.4.2',3070402,1.0,'accessiweb2.2','org.asqatasun.rules.accessiweb22.Aw22Rule07042','http://doc.asqatasun.org/en/90_Rules/accessiweb2.2/07.Scripts/Rule-7.4.2.html',255,NULL,1,NULL,1,''),(656,'Aw22-07051','http://www.accessiweb.org/index.php/accessiweb_2.2_liste_generale.html#script','7.5.1',3070501,1.0,'accessiweb2.2','org.asqatasun.rules.accessiweb22.Aw22Rule07051','http://doc.asqatasun.org/en/90_Rules/accessiweb2.2/07.Scripts/Rule-7.5.1.html',256,NULL,1,NULL,1,'\0'),(657,'Aw22-07061','http://www.accessiweb.org/index.php/accessiweb_2.2_liste_generale.html#script','7.6.1',3070601,1.0,'accessiweb2.2','org.asqatasun.rules.accessiweb22.Aw22Rule07061','http://doc.asqatasun.org/en/90_Rules/accessiweb2.2/07.Scripts/Rule-7.6.1.html',257,NULL,3,NULL,1,''),(658,'Aw22-08011','http://www.accessiweb.org/index.php/accessiweb_2.2_liste_generale.html#presentation','8.1.1',3080101,1.0,'accessiweb2.2','org.asqatasun.rules.accessiweb22.Aw22Rule08011','http://doc.asqatasun.org/en/90_Rules/accessiweb2.2/08.Mandatory_elements/Rule-8.1.1.html',258,NULL,1,NULL,1,'\0'),(659,'Aw22-08012','http://www.accessiweb.org/index.php/accessiweb_2.2_liste_generale.html#presentation','8.1.2',3080102,1.0,'accessiweb2.2','org.asqatasun.rules.accessiweb22.Aw22Rule08012','http://doc.asqatasun.org/en/90_Rules/accessiweb2.2/08.Mandatory_elements/Rule-8.1.2.html',258,NULL,1,NULL,1,'\0'),(660,'Aw22-08013','http://www.accessiweb.org/index.php/accessiweb_2.2_liste_generale.html#elements','8.1.3',3080103,1.0,'accessiweb2.2','org.asqatasun.rules.accessiweb22.Aw22Rule08013','http://doc.asqatasun.org/en/90_Rules/accessiweb2.2/08.Mandatory_elements/Rule-8.1.3.html',258,NULL,1,NULL,1,'\0'),(661,'Aw22-08021','http://www.accessiweb.org/index.php/accessiweb_2.2_liste_generale.html#elements','8.2.1',3080201,1.0,'accessiweb2.2','org.asqatasun.rules.accessiweb22.Aw22Rule08021','http://doc.asqatasun.org/en/90_Rules/accessiweb2.2/08.Mandatory_elements/Rule-8.2.1.html',259,NULL,1,NULL,1,''),(662,'Aw22-08022','http://www.accessiweb.org/index.php/accessiweb_2.2_liste_generale.html#elements','8.2.2',3080202,1.0,'accessiweb2.2','org.asqatasun.rules.accessiweb22.Aw22Rule08022','http://doc.asqatasun.org/en/90_Rules/accessiweb2.2/08.Mandatory_elements/Rule-8.2.2.html',259,NULL,1,NULL,1,''),(663,'Aw22-08031','http://www.accessiweb.org/index.php/accessiweb_2.2_liste_generale.html#presentation','8.3.1',3080301,1.0,'accessiweb2.2','org.asqatasun.rules.accessiweb22.Aw22Rule08031','http://doc.asqatasun.org/en/90_Rules/accessiweb2.2/08.Mandatory_elements/Rule-8.3.1.html',260,NULL,1,NULL,1,'\0'),(664,'Aw22-08041','http://www.accessiweb.org/index.php/accessiweb_2.2_liste_generale.html#presentation','8.4.1',3080401,1.0,'accessiweb2.2','org.asqatasun.rules.accessiweb22.Aw22Rule08041','http://doc.asqatasun.org/en/90_Rules/accessiweb2.2/08.Mandatory_elements/Rule-8.4.1.html',261,NULL,1,NULL,1,'\0'),(665,'Aw22-08051','http://www.accessiweb.org/index.php/accessiweb_2.2_liste_generale.html#elements','8.5.1',3080501,1.0,'accessiweb2.2','org.asqatasun.rules.accessiweb22.Aw22Rule08051','http://doc.asqatasun.org/en/90_Rules/accessiweb2.2/08.Mandatory_elements/Rule-8.5.1.html',262,NULL,1,NULL,1,'\0'),(666,'Aw22-08061','http://www.accessiweb.org/index.php/accessiweb_2.2_liste_generale.html#elements','8.6.1',3080601,1.0,'accessiweb2.2','org.asqatasun.rules.accessiweb22.Aw22Rule08061','http://doc.asqatasun.org/en/90_Rules/accessiweb2.2/08.Mandatory_elements/Rule-8.6.1.html',263,NULL,1,NULL,1,'\0'),(667,'Aw22-08071','http://www.accessiweb.org/index.php/accessiweb_2.2_liste_generale.html#elements','8.7.1',3080701,1.0,'accessiweb2.2','org.asqatasun.rules.accessiweb22.Aw22Rule08071','http://doc.asqatasun.org/en/90_Rules/accessiweb2.2/08.Mandatory_elements/Rule-8.7.1.html',264,NULL,2,NULL,1,'\0'),(668,'Aw22-08081','http://www.accessiweb.org/index.php/accessiweb_2.2_liste_generale.html#elements','8.8.1',3080801,1.0,'accessiweb2.2','org.asqatasun.rules.accessiweb22.Aw22Rule08081','http://doc.asqatasun.org/en/90_Rules/accessiweb2.2/08.Mandatory_elements/Rule-8.8.1.html',265,NULL,2,NULL,1,'\0'),(669,'Aw22-08082','http://www.accessiweb.org/index.php/accessiweb_2.2_liste_generale.html#elements','8.8.2',3080802,1.0,'accessiweb2.2','org.asqatasun.rules.accessiweb22.Aw22Rule08082','http://doc.asqatasun.org/en/90_Rules/accessiweb2.2/08.Mandatory_elements/Rule-8.8.2.html',265,NULL,2,NULL,1,'\0'),(670,'Aw22-08091','http://www.accessiweb.org/index.php/accessiweb_2.2_liste_generale.html#elements','8.9.1',3080901,1.0,'accessiweb2.2','org.asqatasun.rules.accessiweb22.Aw22Rule08091','http://doc.asqatasun.org/en/90_Rules/accessiweb2.2/08.Mandatory_elements/Rule-8.9.1.html',266,NULL,1,NULL,1,'\0'),(671,'Aw22-08101','http://www.accessiweb.org/index.php/accessiweb_2.2_liste_generale.html#elements','8.10.1',3081001,1.0,'accessiweb2.2','org.asqatasun.rules.accessiweb22.Aw22Rule08101','http://doc.asqatasun.org/en/90_Rules/accessiweb2.2/08.Mandatory_elements/Rule-8.10.1.html',267,NULL,1,NULL,1,''),(672,'Aw22-09011','http://www.accessiweb.org/index.php/accessiweb_2.2_liste_generale.html#structure','9.1.1',3090101,1.0,'accessiweb2.2','org.asqatasun.rules.accessiweb22.Aw22Rule09011','http://doc.asqatasun.org/en/90_Rules/accessiweb2.2/09.Structure_of_information/Rule-9.1.1.html',268,NULL,1,NULL,1,'\0'),(673,'Aw22-09012','http://www.accessiweb.org/index.php/accessiweb_2.2_liste_generale.html#structure','9.1.2',3090102,1.0,'accessiweb2.2','org.asqatasun.rules.accessiweb22.Aw22Rule09012','http://doc.asqatasun.org/en/90_Rules/accessiweb2.2/09.Structure_of_information/Rule-9.1.2.html',268,NULL,1,NULL,1,'\0'),(674,'Aw22-09013','http://www.accessiweb.org/index.php/accessiweb_2.2_liste_generale.html#structure','9.1.3',3090103,1.0,'accessiweb2.2','org.asqatasun.rules.accessiweb22.Aw22Rule09013','http://doc.asqatasun.org/en/90_Rules/accessiweb2.2/09.Structure_of_information/Rule-9.1.3.html',268,NULL,1,NULL,1,''),(675,'Aw22-09014','http://www.accessiweb.org/index.php/accessiweb_2.2_liste_generale.html#structure','9.1.4',3090104,1.0,'accessiweb2.2','org.asqatasun.rules.accessiweb22.Aw22Rule09014','http://doc.asqatasun.org/en/90_Rules/accessiweb2.2/09.Structure_of_information/Rule-9.1.4.html',268,NULL,1,NULL,1,'\0'),(676,'Aw22-09021','http://www.accessiweb.org/index.php/accessiweb_2.2_liste_generale.html#structure','9.2.1',3090201,1.0,'accessiweb2.2','org.asqatasun.rules.accessiweb22.Aw22Rule09021','http://doc.asqatasun.org/en/90_Rules/accessiweb2.2/09.Structure_of_information/Rule-9.2.1.html',269,NULL,1,NULL,1,''),(677,'Aw22-09022','http://www.accessiweb.org/index.php/accessiweb_2.2_liste_generale.html#structure','9.2.2',3090202,1.0,'accessiweb2.2','org.asqatasun.rules.accessiweb22.Aw22Rule09022','http://doc.asqatasun.org/en/90_Rules/accessiweb2.2/09.Structure_of_information/Rule-9.2.2.html',269,NULL,1,NULL,1,''),(678,'Aw22-09023','http://www.accessiweb.org/index.php/accessiweb_2.2_liste_generale.html#structure','9.2.3',3090203,1.0,'accessiweb2.2','org.asqatasun.rules.accessiweb22.Aw22Rule09023','http://doc.asqatasun.org/en/90_Rules/accessiweb2.2/09.Structure_of_information/Rule-9.2.3.html',269,NULL,1,NULL,1,''),(679,'Aw22-09031','http://www.accessiweb.org/index.php/accessiweb_2.2_liste_generale.html#structure','9.3.1',3090301,1.0,'accessiweb2.2','org.asqatasun.rules.accessiweb22.Aw22Rule09031','http://doc.asqatasun.org/en/90_Rules/accessiweb2.2/09.Structure_of_information/Rule-9.3.1.html',270,NULL,3,NULL,1,''),(680,'Aw22-09032','http://www.accessiweb.org/index.php/accessiweb_2.2_liste_generale.html#structure','9.3.2',3090302,1.0,'accessiweb2.2','org.asqatasun.rules.accessiweb22.Aw22Rule09032','http://doc.asqatasun.org/en/90_Rules/accessiweb2.2/09.Structure_of_information/Rule-9.3.2.html',270,NULL,3,NULL,1,''),(681,'Aw22-09041','http://www.accessiweb.org/index.php/accessiweb_2.2_liste_generale.html#structure','9.4.1',3090401,1.0,'accessiweb2.2','org.asqatasun.rules.accessiweb22.Aw22Rule09041','http://doc.asqatasun.org/en/90_Rules/accessiweb2.2/09.Structure_of_information/Rule-9.4.1.html',271,NULL,3,NULL,1,''),(682,'Aw22-09042','http://www.accessiweb.org/index.php/accessiweb_2.2_liste_generale.html#structure','9.4.2',3090402,1.0,'accessiweb2.2','org.asqatasun.rules.accessiweb22.Aw22Rule09042','http://doc.asqatasun.org/en/90_Rules/accessiweb2.2/09.Structure_of_information/Rule-9.4.2.html',271,NULL,3,NULL,1,''),(683,'Aw22-09051','http://www.accessiweb.org/index.php/accessiweb_2.2_liste_generale.html#structure','9.5.1',3090501,1.0,'accessiweb2.2','org.asqatasun.rules.accessiweb22.Aw22Rule09051','http://doc.asqatasun.org/en/90_Rules/accessiweb2.2/09.Structure_of_information/Rule-9.5.1.html',272,NULL,1,NULL,1,''),(684,'Aw22-09052','http://www.accessiweb.org/index.php/accessiweb_2.2_liste_generale.html#structure','9.5.2',3090502,1.0,'accessiweb2.2','org.asqatasun.rules.accessiweb22.Aw22Rule09052','http://doc.asqatasun.org/en/90_Rules/accessiweb2.2/09.Structure_of_information/Rule-9.5.2.html',272,NULL,1,NULL,1,''),(685,'Aw22-10011','http://www.accessiweb.org/index.php/accessiweb_2.2_liste_generale.html#presentation','10.1.1',3100101,1.0,'accessiweb2.2','org.asqatasun.rules.accessiweb22.Aw22Rule10011','http://doc.asqatasun.org/en/90_Rules/accessiweb2.2/10.Presentation_of_information/Rule-10.1.1.html',273,NULL,1,NULL,1,'\0'),(686,'Aw22-10012','http://www.accessiweb.org/index.php/accessiweb_2.2_liste_generale.html#presentation','10.1.2',3100102,1.0,'accessiweb2.2','org.asqatasun.rules.accessiweb22.Aw22Rule10012','http://doc.asqatasun.org/en/90_Rules/accessiweb2.2/10.Presentation_of_information/Rule-10.1.2.html',273,NULL,1,NULL,1,'\0'),(687,'Aw22-10013','http://www.accessiweb.org/index.php/accessiweb_2.2_liste_generale.html#presentation','10.1.3',3100103,1.0,'accessiweb2.2','org.asqatasun.rules.accessiweb22.Aw22Rule10013','http://doc.asqatasun.org/en/90_Rules/accessiweb2.2/10.Presentation_of_information/Rule-10.1.3.html',273,NULL,1,NULL,1,''),(688,'Aw22-10021','http://www.accessiweb.org/index.php/accessiweb_2.2_liste_generale.html#presentation','10.2.1',3100201,1.0,'accessiweb2.2','org.asqatasun.rules.accessiweb22.Aw22Rule10021','http://doc.asqatasun.org/en/90_Rules/accessiweb2.2/10.Presentation_of_information/Rule-10.2.1.html',274,NULL,1,NULL,1,''),(689,'Aw22-10022','http://www.accessiweb.org/index.php/accessiweb_2.2_liste_generale.html#presentation','10.2.2',3100202,1.0,'accessiweb2.2','org.asqatasun.rules.accessiweb22.Aw22Rule10022','http://doc.asqatasun.org/en/90_Rules/accessiweb2.2/10.Presentation_of_information/Rule-10.2.2.html',274,NULL,1,NULL,1,''),(690,'Aw22-10023','http://www.accessiweb.org/index.php/accessiweb_2.2_liste_generale.html#presentation','10.2.3',3100203,1.0,'accessiweb2.2','org.asqatasun.rules.accessiweb22.Aw22Rule10023','http://doc.asqatasun.org/en/90_Rules/accessiweb2.2/10.Presentation_of_information/Rule-10.2.3.html',274,NULL,1,NULL,1,''),(691,'Aw22-10031','http://www.accessiweb.org/index.php/accessiweb_2.2_liste_generale.html#presentation','10.3.1',3100301,1.0,'accessiweb2.2','org.asqatasun.rules.accessiweb22.Aw22Rule10031','http://doc.asqatasun.org/en/90_Rules/accessiweb2.2/10.Presentation_of_information/Rule-10.3.1.html',275,NULL,1,NULL,1,''),(692,'Aw22-10041','http://www.accessiweb.org/index.php/accessiweb_2.2_liste_generale.html#presentation','10.4.1',3100401,1.0,'accessiweb2.2','org.asqatasun.rules.accessiweb22.Aw22Rule10041','http://doc.asqatasun.org/en/90_Rules/accessiweb2.2/10.Presentation_of_information/Rule-10.4.1.html',276,NULL,2,NULL,1,'\0'),(693,'Aw22-10042','http://www.accessiweb.org/index.php/accessiweb_2.2_liste_generale.html#presentation','10.4.2',3100402,1.0,'accessiweb2.2','org.asqatasun.rules.accessiweb22.Aw22Rule10042','http://doc.asqatasun.org/en/90_Rules/accessiweb2.2/10.Presentation_of_information/Rule-10.4.2.html',276,NULL,2,NULL,1,'\0'),(694,'Aw22-10043','http://www.accessiweb.org/index.php/accessiweb_2.2_liste_generale.html#presentation','10.4.3',3100403,1.0,'accessiweb2.2','org.asqatasun.rules.accessiweb22.Aw22Rule10043','http://doc.asqatasun.org/en/90_Rules/accessiweb2.2/10.Presentation_of_information/Rule-10.4.3.html',276,NULL,2,NULL,1,''),(695,'Aw22-10051','http://www.accessiweb.org/index.php/accessiweb_2.2_liste_generale.html#presentation','10.5.1',3100501,1.0,'accessiweb2.2','org.asqatasun.rules.accessiweb22.Aw22Rule10051','http://doc.asqatasun.org/en/90_Rules/accessiweb2.2/10.Presentation_of_information/Rule-10.5.1.html',277,NULL,2,NULL,1,''),(696,'Aw22-10052','http://www.accessiweb.org/index.php/accessiweb_2.2_liste_generale.html#presentation','10.5.2',3100502,1.0,'accessiweb2.2','org.asqatasun.rules.accessiweb22.Aw22Rule10052','http://doc.asqatasun.org/en/90_Rules/accessiweb2.2/10.Presentation_of_information/Rule-10.5.2.html',277,NULL,2,NULL,1,''),(697,'Aw22-10053','http://www.accessiweb.org/index.php/accessiweb_2.2_liste_generale.html#presentation','10.5.3',3100503,1.0,'accessiweb2.2','org.asqatasun.rules.accessiweb22.Aw22Rule10053','http://doc.asqatasun.org/en/90_Rules/accessiweb2.2/10.Presentation_of_information/Rule-10.5.3.html',277,NULL,2,NULL,1,''),(698,'Aw22-10061','http://www.accessiweb.org/index.php/accessiweb_2.2_liste_generale.html#presentation','10.6.1',3100601,1.0,'accessiweb2.2','org.asqatasun.rules.accessiweb22.Aw22Rule10061','http://doc.asqatasun.org/en/90_Rules/accessiweb2.2/10.Presentation_of_information/Rule-10.6.1.html',278,NULL,1,NULL,1,''),(699,'Aw22-10071','http://www.accessiweb.org/index.php/accessiweb_2.2_liste_generale.html#presentation','10.7.1',3100701,1.0,'accessiweb2.2','org.asqatasun.rules.accessiweb22.Aw22Rule10071','http://doc.asqatasun.org/en/90_Rules/accessiweb2.2/10.Presentation_of_information/Rule-10.7.1.html',279,NULL,1,NULL,1,'\0'),(700,'Aw22-10072','http://www.accessiweb.org/index.php/accessiweb_2.2_liste_generale.html#presentation','10.7.2',3100702,1.0,'accessiweb2.2','org.asqatasun.rules.accessiweb22.Aw22Rule10072','http://doc.asqatasun.org/en/90_Rules/accessiweb2.2/10.Presentation_of_information/Rule-10.7.2.html',279,NULL,1,NULL,1,''),(701,'Aw22-10073','http://www.accessiweb.org/index.php/accessiweb_2.2_liste_generale.html#presentation','10.7.3',3100703,1.0,'accessiweb2.2','org.asqatasun.rules.accessiweb22.Aw22Rule10073','http://doc.asqatasun.org/en/90_Rules/accessiweb2.2/10.Presentation_of_information/Rule-10.7.3.html',279,NULL,1,NULL,1,''),(702,'Aw22-10081','http://www.accessiweb.org/index.php/accessiweb_2.2_liste_generale.html#presentation','10.8.1',3100801,1.0,'accessiweb2.2','org.asqatasun.rules.accessiweb22.Aw22Rule10081','http://doc.asqatasun.org/en/90_Rules/accessiweb2.2/10.Presentation_of_information/Rule-10.8.1.html',280,NULL,3,NULL,1,''),(703,'Aw22-10082','http://www.accessiweb.org/index.php/accessiweb_2.2_liste_generale.html#presentation','10.8.2',3100802,1.0,'accessiweb2.2','org.asqatasun.rules.accessiweb22.Aw22Rule10082','http://doc.asqatasun.org/en/90_Rules/accessiweb2.2/10.Presentation_of_information/Rule-10.8.2.html',280,NULL,3,NULL,1,''),(704,'Aw22-10083','http://www.accessiweb.org/index.php/accessiweb_2.2_liste_generale.html#presentation','10.8.3',3100803,1.0,'accessiweb2.2','org.asqatasun.rules.accessiweb22.Aw22Rule10083','http://doc.asqatasun.org/en/90_Rules/accessiweb2.2/10.Presentation_of_information/Rule-10.8.3.html',280,NULL,3,NULL,1,'\0'),(705,'Aw22-10084','http://www.accessiweb.org/index.php/accessiweb_2.2_liste_generale.html#presentation','10.8.4',3100804,1.0,'accessiweb2.2','org.asqatasun.rules.accessiweb22.Aw22Rule10084','http://doc.asqatasun.org/en/90_Rules/accessiweb2.2/10.Presentation_of_information/Rule-10.8.4.html',280,NULL,3,NULL,1,'\0'),(706,'Aw22-10091','http://www.accessiweb.org/index.php/accessiweb_2.2_liste_generale.html#presentation','10.9.1',3100901,1.0,'accessiweb2.2','org.asqatasun.rules.accessiweb22.Aw22Rule10091','http://doc.asqatasun.org/en/90_Rules/accessiweb2.2/10.Presentation_of_information/Rule-10.9.1.html',281,NULL,3,NULL,1,''),(707,'Aw22-10101','http://www.accessiweb.org/index.php/accessiweb_2.2_liste_generale.html#presentation','10.10.1',3101001,1.0,'accessiweb2.2','org.asqatasun.rules.accessiweb22.Aw22Rule10101','http://doc.asqatasun.org/en/90_Rules/accessiweb2.2/10.Presentation_of_information/Rule-10.10.1.html',282,NULL,3,NULL,1,''),(708,'Aw22-10111','http://www.accessiweb.org/index.php/accessiweb_2.2_liste_generale.html#presentation','10.11.1',3101101,1.0,'accessiweb2.2','org.asqatasun.rules.accessiweb22.Aw22Rule10111','http://doc.asqatasun.org/en/90_Rules/accessiweb2.2/10.Presentation_of_information/Rule-10.11.1.html',283,NULL,3,NULL,1,''),(709,'Aw22-10121','http://www.accessiweb.org/index.php/accessiweb_2.2_liste_generale.html#presentation','10.12.1',3101201,1.0,'accessiweb2.2','org.asqatasun.rules.accessiweb22.Aw22Rule10121','http://doc.asqatasun.org/en/90_Rules/accessiweb2.2/10.Presentation_of_information/Rule-10.12.1.html',284,NULL,3,NULL,1,''),(710,'Aw22-10122','http://www.accessiweb.org/index.php/accessiweb_2.2_liste_generale.html#presentation','10.12.2',3101202,1.0,'accessiweb2.2','org.asqatasun.rules.accessiweb22.Aw22Rule10122','http://doc.asqatasun.org/en/90_Rules/accessiweb2.2/10.Presentation_of_information/Rule-10.12.2.html',284,NULL,3,NULL,1,''),(711,'Aw22-10131','http://www.accessiweb.org/index.php/accessiweb_2.2_liste_generale.html#presentation','10.13.1',3101301,1.0,'accessiweb2.2','org.asqatasun.rules.accessiweb22.Aw22Rule10131','http://doc.asqatasun.org/en/90_Rules/accessiweb2.2/10.Presentation_of_information/Rule-10.13.1.html',285,NULL,1,NULL,1,'\0'),(712,'Aw22-10141','http://www.accessiweb.org/index.php/accessiweb_2.2_liste_generale.html#presentation','10.14.1',3101401,1.0,'accessiweb2.2','org.asqatasun.rules.accessiweb22.Aw22Rule10141','http://doc.asqatasun.org/en/90_Rules/accessiweb2.2/10.Presentation_of_information/Rule-10.14.1.html',286,NULL,1,NULL,1,''),(713,'Aw22-10142','http://www.accessiweb.org/index.php/accessiweb_2.2_liste_generale.html#presentation','10.14.2',3101402,1.0,'accessiweb2.2','org.asqatasun.rules.accessiweb22.Aw22Rule10142','http://doc.asqatasun.org/en/90_Rules/accessiweb2.2/10.Presentation_of_information/Rule-10.14.2.html',286,NULL,1,NULL,1,''),(714,'Aw22-10143','http://www.accessiweb.org/index.php/accessiweb_2.2_liste_generale.html#presentation','10.14.3',3101403,1.0,'accessiweb2.2','org.asqatasun.rules.accessiweb22.Aw22Rule10143','http://doc.asqatasun.org/en/90_Rules/accessiweb2.2/10.Presentation_of_information/Rule-10.14.3.html',286,NULL,1,NULL,1,''),(715,'Aw22-10144','http://www.accessiweb.org/index.php/accessiweb_2.2_liste_generale.html#presentation','10.14.4',3101404,1.0,'accessiweb2.2','org.asqatasun.rules.accessiweb22.Aw22Rule10144','http://doc.asqatasun.org/en/90_Rules/accessiweb2.2/10.Presentation_of_information/Rule-10.14.4.html',286,NULL,1,NULL,1,''),(716,'Aw22-10151','http://www.accessiweb.org/index.php/accessiweb_2.2_liste_generale.html#presentation','10.15.1',3101501,1.0,'accessiweb2.2','org.asqatasun.rules.accessiweb22.Aw22Rule10151','http://doc.asqatasun.org/en/90_Rules/accessiweb2.2/10.Presentation_of_information/Rule-10.15.1.html',287,NULL,1,NULL,1,''),(717,'Aw22-10152','http://www.accessiweb.org/index.php/accessiweb_2.2_liste_generale.html#presentation','10.15.2',3101502,1.0,'accessiweb2.2','org.asqatasun.rules.accessiweb22.Aw22Rule10152','http://doc.asqatasun.org/en/90_Rules/accessiweb2.2/10.Presentation_of_information/Rule-10.15.2.html',287,NULL,1,NULL,1,''),(718,'Aw22-10153','http://www.accessiweb.org/index.php/accessiweb_2.2_liste_generale.html#presentation','10.15.3',3101503,1.0,'accessiweb2.2','org.asqatasun.rules.accessiweb22.Aw22Rule10153','http://doc.asqatasun.org/en/90_Rules/accessiweb2.2/10.Presentation_of_information/Rule-10.15.3.html',287,NULL,1,NULL,1,''),(719,'Aw22-10154','http://www.accessiweb.org/index.php/accessiweb_2.2_liste_generale.html#presentation','10.15.4',3101504,1.0,'accessiweb2.2','org.asqatasun.rules.accessiweb22.Aw22Rule10154','http://doc.asqatasun.org/en/90_Rules/accessiweb2.2/10.Presentation_of_information/Rule-10.15.4.html',287,NULL,1,NULL,1,''),(720,'Aw22-11011','http://www.accessiweb.org/index.php/accessiweb_2.2_liste_generale.html#formulaire','11.1.1',3110101,1.0,'accessiweb2.2','org.asqatasun.rules.accessiweb22.Aw22Rule11011','http://doc.asqatasun.org/en/90_Rules/accessiweb2.2/11.Forms/Rule-11.1.1.html',288,NULL,1,NULL,1,'\0'),(721,'Aw22-11012','http://www.accessiweb.org/index.php/accessiweb_2.2_liste_generale.html#formulaire','11.1.2',3110102,1.0,'accessiweb2.2','org.asqatasun.rules.accessiweb22.Aw22Rule11012','http://doc.asqatasun.org/en/90_Rules/accessiweb2.2/11.Forms/Rule-11.1.2.html',288,NULL,1,NULL,1,'\0'),(722,'Aw22-11013','http://www.accessiweb.org/index.php/accessiweb_2.2_liste_generale.html#formulaire','11.1.3',3110103,1.0,'accessiweb2.2','org.asqatasun.rules.accessiweb22.Aw22Rule11013','http://doc.asqatasun.org/en/90_Rules/accessiweb2.2/11.Forms/Rule-11.1.3.html',288,NULL,1,NULL,1,'\0'),(723,'Aw22-11021','http://www.accessiweb.org/index.php/accessiweb_2.2_liste_generale.html#formulaire','11.2.1',3110201,1.0,'accessiweb2.2','org.asqatasun.rules.accessiweb22.Aw22Rule11021','http://doc.asqatasun.org/en/90_Rules/accessiweb2.2/11.Forms/Rule-11.2.1.html',289,NULL,1,NULL,1,'\0'),(724,'Aw22-11022','http://www.accessiweb.org/index.php/accessiweb_2.2_liste_generale.html#formulaire','11.2.2',3110202,1.0,'accessiweb2.2','org.asqatasun.rules.accessiweb22.Aw22Rule11022','http://doc.asqatasun.org/en/90_Rules/accessiweb2.2/11.Forms/Rule-11.2.2.html',289,NULL,1,NULL,1,'\0'),(725,'Aw22-11031','http://www.accessiweb.org/index.php/accessiweb_2.2_liste_generale.html#formulaire','11.3.1',3110301,1.0,'accessiweb2.2','org.asqatasun.rules.accessiweb22.Aw22Rule11031','http://doc.asqatasun.org/en/90_Rules/accessiweb2.2/11.Forms/Rule-11.3.1.html',290,NULL,2,NULL,1,'\0'),(726,'Aw22-11032','http://www.accessiweb.org/index.php/accessiweb_2.2_liste_generale.html#formulaire','11.3.2',3110302,1.0,'accessiweb2.2','org.asqatasun.rules.accessiweb22.Aw22Rule11032','http://doc.asqatasun.org/en/90_Rules/accessiweb2.2/11.Forms/Rule-11.3.2.html',290,NULL,2,NULL,1,'\0'),(727,'Aw22-11041','http://www.accessiweb.org/index.php/accessiweb_2.2_liste_generale.html#formulaire','11.4.1',3110401,1.0,'accessiweb2.2','org.asqatasun.rules.accessiweb22.Aw22Rule11041','http://doc.asqatasun.org/en/90_Rules/accessiweb2.2/11.Forms/Rule-11.4.1.html',291,NULL,1,NULL,1,'\0'),(728,'Aw22-11051','http://www.accessiweb.org/index.php/accessiweb_2.2_liste_generale.html#formulaire','11.5.1',3110501,1.0,'accessiweb2.2','org.asqatasun.rules.accessiweb22.Aw22Rule11051','http://doc.asqatasun.org/en/90_Rules/accessiweb2.2/11.Forms/Rule-11.5.1.html',292,NULL,1,NULL,1,'\0'),(729,'Aw22-11061','http://www.accessiweb.org/index.php/accessiweb_2.2_liste_generale.html#formulaire','11.6.1',3110601,1.0,'accessiweb2.2','org.asqatasun.rules.accessiweb22.Aw22Rule11061','http://doc.asqatasun.org/en/90_Rules/accessiweb2.2/11.Forms/Rule-11.6.1.html',293,NULL,1,NULL,1,'\0'),(730,'Aw22-11071','http://www.accessiweb.org/index.php/accessiweb_2.2_liste_generale.html#formulaire','11.7.1',3110701,1.0,'accessiweb2.2','org.asqatasun.rules.accessiweb22.Aw22Rule11071','http://doc.asqatasun.org/en/90_Rules/accessiweb2.2/11.Forms/Rule-11.7.1.html',294,NULL,1,NULL,1,'\0'),(731,'Aw22-11081','http://www.accessiweb.org/index.php/accessiweb_2.2_liste_generale.html#formulaire','11.8.1',3110801,1.0,'accessiweb2.2','org.asqatasun.rules.accessiweb22.Aw22Rule11081','http://doc.asqatasun.org/en/90_Rules/accessiweb2.2/11.Forms/Rule-11.8.1.html',295,NULL,1,NULL,1,'\0'),(732,'Aw22-11082','http://www.accessiweb.org/index.php/accessiweb_2.2_liste_generale.html#formulaire','11.8.2',3110802,1.0,'accessiweb2.2','org.asqatasun.rules.accessiweb22.Aw22Rule11082','http://doc.asqatasun.org/en/90_Rules/accessiweb2.2/11.Forms/Rule-11.8.2.html',295,NULL,1,NULL,1,'\0'),(733,'Aw22-11083','http://www.accessiweb.org/index.php/accessiweb_2.2_liste_generale.html#formulaire','11.8.3',3110803,1.0,'accessiweb2.2','org.asqatasun.rules.accessiweb22.Aw22Rule11083','http://doc.asqatasun.org/en/90_Rules/accessiweb2.2/11.Forms/Rule-11.8.3.html',295,NULL,1,NULL,1,'\0'),(734,'Aw22-11091','http://www.accessiweb.org/index.php/accessiweb_2.2_liste_generale.html#formulaire','11.9.1',3110901,1.0,'accessiweb2.2','org.asqatasun.rules.accessiweb22.Aw22Rule11091','http://doc.asqatasun.org/en/90_Rules/accessiweb2.2/11.Forms/Rule-11.9.1.html',296,NULL,1,NULL,1,'\0'),(735,'Aw22-11101','http://www.accessiweb.org/index.php/accessiweb_2.2_liste_generale.html#formulaire','11.10.1',3111001,1.0,'accessiweb2.2','org.asqatasun.rules.accessiweb22.Aw22Rule11101','http://doc.asqatasun.org/en/90_Rules/accessiweb2.2/11.Forms/Rule-11.10.1.html',297,NULL,1,NULL,1,'\0'),(736,'Aw22-11102','http://www.accessiweb.org/index.php/accessiweb_2.2_liste_generale.html#formulaire','11.10.2',3111002,1.0,'accessiweb2.2','org.asqatasun.rules.accessiweb22.Aw22Rule11102','http://doc.asqatasun.org/en/90_Rules/accessiweb2.2/11.Forms/Rule-11.10.2.html',297,NULL,1,NULL,1,'\0'),(737,'Aw22-11103','http://www.accessiweb.org/index.php/accessiweb_2.2_liste_generale.html#formulaire','11.10.3',3111003,1.0,'accessiweb2.2','org.asqatasun.rules.accessiweb22.Aw22Rule11103','http://doc.asqatasun.org/en/90_Rules/accessiweb2.2/11.Forms/Rule-11.10.3.html',297,NULL,1,NULL,1,'\0'),(738,'Aw22-11111','http://www.accessiweb.org/index.php/accessiweb_2.2_liste_generale.html#formulaire','11.11.1',3111101,1.0,'accessiweb2.2','org.asqatasun.rules.accessiweb22.Aw22Rule11111','http://doc.asqatasun.org/en/90_Rules/accessiweb2.2/11.Forms/Rule-11.11.1.html',298,NULL,2,NULL,1,'\0'),(739,'Aw22-11112','http://www.accessiweb.org/index.php/accessiweb_2.2_liste_generale.html#formulaire','11.11.2',3111102,1.0,'accessiweb2.2','org.asqatasun.rules.accessiweb22.Aw22Rule11112','http://doc.asqatasun.org/en/90_Rules/accessiweb2.2/11.Forms/Rule-11.11.2.html',298,NULL,2,NULL,1,'\0'),(740,'Aw22-11121','http://www.accessiweb.org/index.php/accessiweb_2.2_liste_generale.html#formulaire','11.12.1',3111201,1.0,'accessiweb2.2','org.asqatasun.rules.accessiweb22.Aw22Rule11121','http://doc.asqatasun.org/en/90_Rules/accessiweb2.2/11.Forms/Rule-11.12.1.html',299,NULL,2,NULL,1,'\0'),(741,'Aw22-11122','http://www.accessiweb.org/index.php/accessiweb_2.2_liste_generale.html#formulaire','11.12.2',3111202,1.0,'accessiweb2.2','org.asqatasun.rules.accessiweb22.Aw22Rule11122','http://doc.asqatasun.org/en/90_Rules/accessiweb2.2/11.Forms/Rule-11.12.2.html',299,NULL,2,NULL,1,'\0'),(742,'Aw22-11131','http://www.accessiweb.org/index.php/accessiweb_2.2_liste_generale.html#formulaire','11.13.1',3111301,1.0,'accessiweb2.2','org.asqatasun.rules.accessiweb22.Aw22Rule11131','http://doc.asqatasun.org/en/90_Rules/accessiweb2.2/11.Forms/Rule-11.13.1.html',300,NULL,3,NULL,1,'\0'),(743,'Aw22-11132','http://www.accessiweb.org/index.php/accessiweb_2.2_liste_generale.html#formulaire','11.13.2',3111302,1.0,'accessiweb2.2','org.asqatasun.rules.accessiweb22.Aw22Rule11132','http://doc.asqatasun.org/en/90_Rules/accessiweb2.2/11.Forms/Rule-11.13.2.html',300,NULL,3,NULL,1,'\0'),(744,'Aw22-11141','http://www.accessiweb.org/index.php/accessiweb_2.2_liste_generale.html#formulaire','11.14.1',3111401,1.0,'accessiweb2.2','org.asqatasun.rules.accessiweb22.Aw22Rule11141','http://doc.asqatasun.org/en/90_Rules/accessiweb2.2/11.Forms/Rule-11.14.1.html',301,NULL,3,NULL,1,'\0'),(745,'Aw22-11142','http://www.accessiweb.org/index.php/accessiweb_2.2_liste_generale.html#formulaire','11.14.2',3111402,1.0,'accessiweb2.2','org.asqatasun.rules.accessiweb22.Aw22Rule11142','http://doc.asqatasun.org/en/90_Rules/accessiweb2.2/11.Forms/Rule-11.14.2.html',301,NULL,3,NULL,1,'\0'),(746,'Aw22-11151','http://www.accessiweb.org/index.php/accessiweb_2.2_liste_generale.html#formulaire','11.15.1',3111501,1.0,'accessiweb2.2','org.asqatasun.rules.accessiweb22.Aw22Rule11151','http://doc.asqatasun.org/en/90_Rules/accessiweb2.2/11.Forms/Rule-11.15.1.html',302,NULL,3,NULL,1,'\0'),(747,'Aw22-12011','http://www.accessiweb.org/index.php/accessiweb_2.2_liste_generale.html#navigation','12.1.1',3120101,1.0,'accessiweb2.2','org.asqatasun.rules.accessiweb22.Aw22Rule12011','http://doc.asqatasun.org/en/90_Rules/accessiweb2.2/12.Navigation/Rule-12.1.1.html',303,NULL,2,NULL,1,'\0'),(748,'Aw22-12021','http://www.accessiweb.org/index.php/accessiweb_2.2_liste_generale.html#navigation','12.2.1',3120201,1.0,'accessiweb2.2','org.asqatasun.rules.accessiweb22.Aw22Rule12021','http://doc.asqatasun.org/en/90_Rules/accessiweb2.2/12.Navigation/Rule-12.2.1.html',304,NULL,2,NULL,1,'\0'),(749,'Aw22-12022','http://www.accessiweb.org/index.php/accessiweb_2.2_liste_generale.html#navigation','12.2.2',3120202,1.0,'accessiweb2.2','org.asqatasun.rules.accessiweb22.Aw22Rule12022','http://doc.asqatasun.org/en/90_Rules/accessiweb2.2/12.Navigation/Rule-12.2.2.html',304,NULL,2,NULL,1,'\0'),(750,'Aw22-12031','http://www.accessiweb.org/index.php/accessiweb_2.2_liste_generale.html#navigation','12.3.1',3120301,1.0,'accessiweb2.2','org.asqatasun.rules.accessiweb22.Aw22Rule12031','http://doc.asqatasun.org/en/90_Rules/accessiweb2.2/12.Navigation/Rule-12.3.1.html',305,NULL,2,NULL,1,'\0'),(751,'Aw22-12032','http://www.accessiweb.org/index.php/accessiweb_2.2_liste_generale.html#navigation','12.3.2',3120302,1.0,'accessiweb2.2','org.asqatasun.rules.accessiweb22.Aw22Rule12032','http://doc.asqatasun.org/en/90_Rules/accessiweb2.2/12.Navigation/Rule-12.3.2.html',305,NULL,2,NULL,1,'\0'),(752,'Aw22-12041','http://www.accessiweb.org/index.php/accessiweb_2.2_liste_generale.html#navigation','12.4.1',3120401,1.0,'accessiweb2.2','org.asqatasun.rules.accessiweb22.Aw22Rule12041','http://doc.asqatasun.org/en/90_Rules/accessiweb2.2/12.Navigation/Rule-12.4.1.html',306,NULL,2,NULL,1,''),(753,'Aw22-12042','http://www.accessiweb.org/index.php/accessiweb_2.2_liste_generale.html#navigation','12.4.2',3120402,1.0,'accessiweb2.2','org.asqatasun.rules.accessiweb22.Aw22Rule12042','http://doc.asqatasun.org/en/90_Rules/accessiweb2.2/12.Navigation/Rule-12.4.2.html',306,NULL,2,NULL,1,''),(754,'Aw22-12043','http://www.accessiweb.org/index.php/accessiweb_2.2_liste_generale.html#navigation','12.4.3',3120403,1.0,'accessiweb2.2','org.asqatasun.rules.accessiweb22.Aw22Rule12043','http://doc.asqatasun.org/en/90_Rules/accessiweb2.2/12.Navigation/Rule-12.4.3.html',306,NULL,2,NULL,1,''),(755,'Aw22-12051','http://www.accessiweb.org/index.php/accessiweb_2.2_liste_generale.html#navigation','12.5.1',3120501,1.0,'accessiweb2.2','org.asqatasun.rules.accessiweb22.Aw22Rule12051','http://doc.asqatasun.org/en/90_Rules/accessiweb2.2/12.Navigation/Rule-12.5.1.html',307,NULL,2,NULL,1,'\0'),(756,'Aw22-12052','http://www.accessiweb.org/index.php/accessiweb_2.2_liste_generale.html#navigation','12.5.2',3120502,1.0,'accessiweb2.2','org.asqatasun.rules.accessiweb22.Aw22Rule12052','http://doc.asqatasun.org/en/90_Rules/accessiweb2.2/12.Navigation/Rule-12.5.2.html',307,NULL,2,NULL,1,'\0'),(757,'Aw22-12053','http://www.accessiweb.org/index.php/accessiweb_2.2_liste_generale.html#navigation','12.5.3',3120503,1.0,'accessiweb2.2','org.asqatasun.rules.accessiweb22.Aw22Rule12053','http://doc.asqatasun.org/en/90_Rules/accessiweb2.2/12.Navigation/Rule-12.5.3.html',307,NULL,2,NULL,1,'\0'),(758,'Aw22-12061','http://www.accessiweb.org/index.php/accessiweb_2.2_liste_generale.html#navigation','12.6.1',3120601,1.0,'accessiweb2.2','org.asqatasun.rules.accessiweb22.Aw22Rule12061','http://doc.asqatasun.org/en/90_Rules/accessiweb2.2/12.Navigation/Rule-12.6.1.html',308,NULL,2,NULL,1,'\0'),(759,'Aw22-12062','http://www.accessiweb.org/index.php/accessiweb_2.2_liste_generale.html#navigation','12.6.2',3120602,1.0,'accessiweb2.2','org.asqatasun.rules.accessiweb22.Aw22Rule12062','http://doc.asqatasun.org/en/90_Rules/accessiweb2.2/12.Navigation/Rule-12.6.2.html',308,NULL,2,NULL,1,'\0'),(760,'Aw22-12063','http://www.accessiweb.org/index.php/accessiweb_2.2_liste_generale.html#navigation','12.6.3',3120603,1.0,'accessiweb2.2','org.asqatasun.rules.accessiweb22.Aw22Rule12063','http://doc.asqatasun.org/en/90_Rules/accessiweb2.2/12.Navigation/Rule-12.6.3.html',308,NULL,2,NULL,1,'\0'),(761,'Aw22-12071','http://www.accessiweb.org/index.php/accessiweb_2.2_liste_generale.html#navigation','12.7.1',3120701,1.0,'accessiweb2.2','org.asqatasun.rules.accessiweb22.Aw22Rule12071','http://doc.asqatasun.org/en/90_Rules/accessiweb2.2/12.Navigation/Rule-12.7.1.html',309,NULL,2,NULL,1,'\0'),(762,'Aw22-12081','http://www.accessiweb.org/index.php/accessiweb_2.2_liste_generale.html#navigation','12.8.1',3120801,1.0,'accessiweb2.2','org.asqatasun.rules.accessiweb22.Aw22Rule12081','http://doc.asqatasun.org/en/90_Rules/accessiweb2.2/12.Navigation/Rule-12.8.1.html',310,NULL,3,NULL,1,''),(763,'Aw22-12091','http://www.accessiweb.org/index.php/accessiweb_2.2_liste_generale.html#navigation','12.9.1',3120901,1.0,'accessiweb2.2','org.asqatasun.rules.accessiweb22.Aw22Rule12091','http://doc.asqatasun.org/en/90_Rules/accessiweb2.2/12.Navigation/Rule-12.9.1.html',311,NULL,3,NULL,1,''),(764,'Aw22-12101','http://www.accessiweb.org/index.php/accessiweb_2.2_liste_generale.html#navigation','12.10.1',3121001,1.0,'accessiweb2.2','org.asqatasun.rules.accessiweb22.Aw22Rule12101','http://doc.asqatasun.org/en/90_Rules/accessiweb2.2/12.Navigation/Rule-12.10.1.html',312,NULL,1,NULL,1,''),(765,'Aw22-12102','http://www.accessiweb.org/index.php/accessiweb_2.2_liste_generale.html#navigation','12.10.2',3121002,1.0,'accessiweb2.2','org.asqatasun.rules.accessiweb22.Aw22Rule12102','http://doc.asqatasun.org/en/90_Rules/accessiweb2.2/12.Navigation/Rule-12.10.2.html',312,NULL,1,NULL,1,''),(766,'Aw22-12103','http://www.accessiweb.org/index.php/accessiweb_2.2_liste_generale.html#navigation','12.10.3',3121003,1.0,'accessiweb2.2','org.asqatasun.rules.accessiweb22.Aw22Rule12103','http://doc.asqatasun.org/en/90_Rules/accessiweb2.2/12.Navigation/Rule-12.10.3.html',312,NULL,1,NULL,1,''),(767,'Aw22-12111','http://www.accessiweb.org/index.php/accessiweb_2.2_liste_generale.html#navigation','12.11.1',3121101,1.0,'accessiweb2.2','org.asqatasun.rules.accessiweb22.Aw22Rule12111','http://doc.asqatasun.org/en/90_Rules/accessiweb2.2/12.Navigation/Rule-12.11.1.html',313,NULL,1,NULL,1,''),(768,'Aw22-12112','http://www.accessiweb.org/index.php/accessiweb_2.2_liste_generale.html#navigation','12.11.2',3121102,1.0,'accessiweb2.2','org.asqatasun.rules.accessiweb22.Aw22Rule12112','http://doc.asqatasun.org/en/90_Rules/accessiweb2.2/12.Navigation/Rule-12.11.2.html',313,NULL,1,NULL,1,''),(769,'Aw22-12113','http://www.accessiweb.org/index.php/accessiweb_2.2_liste_generale.html#navigation','12.11.3',3121103,1.0,'accessiweb2.2','org.asqatasun.rules.accessiweb22.Aw22Rule12113','http://doc.asqatasun.org/en/90_Rules/accessiweb2.2/12.Navigation/Rule-12.11.3.html',313,NULL,1,NULL,1,''),(770,'Aw22-12114','http://www.accessiweb.org/index.php/accessiweb_2.2_liste_generale.html#navigation','12.11.4',3121104,1.0,'accessiweb2.2','org.asqatasun.rules.accessiweb22.Aw22Rule12114','http://doc.asqatasun.org/en/90_Rules/accessiweb2.2/12.Navigation/Rule-12.11.4.html',313,NULL,1,NULL,1,''),(771,'Aw22-12121','http://www.accessiweb.org/index.php/accessiweb_2.2_liste_generale.html#navigation','12.12.1',3121201,1.0,'accessiweb2.2','org.asqatasun.rules.accessiweb22.Aw22Rule12121','http://doc.asqatasun.org/en/90_Rules/accessiweb2.2/12.Navigation/Rule-12.12.1.html',314,NULL,3,NULL,1,''),(772,'Aw22-12131','http://www.accessiweb.org/index.php/accessiweb_2.2_liste_generale.html#navigation','12.13.1',3121301,1.0,'accessiweb2.2','org.asqatasun.rules.accessiweb22.Aw22Rule12131','http://doc.asqatasun.org/en/90_Rules/accessiweb2.2/12.Navigation/Rule-12.13.1.html',315,NULL,1,NULL,1,''),(773,'Aw22-12132','http://www.accessiweb.org/index.php/accessiweb_2.2_liste_generale.html#navigation','12.13.2',3121302,1.0,'accessiweb2.2','org.asqatasun.rules.accessiweb22.Aw22Rule12132','http://doc.asqatasun.org/en/90_Rules/accessiweb2.2/12.Navigation/Rule-12.13.2.html',315,NULL,1,NULL,1,''),(774,'Aw22-12141','http://www.accessiweb.org/index.php/accessiweb_2.2_liste_generale.html#navigation','12.14.1',3121401,1.0,'accessiweb2.2','org.asqatasun.rules.accessiweb22.Aw22Rule12141','http://doc.asqatasun.org/en/90_Rules/accessiweb2.2/12.Navigation/Rule-12.14.1.html',316,NULL,1,NULL,1,''),(775,'Aw22-13011','http://www.accessiweb.org/index.php/accessiweb_2.2_liste_generale.html#consultation','13.1.1',3130101,1.0,'accessiweb2.2','org.asqatasun.rules.accessiweb22.Aw22Rule13011','http://doc.asqatasun.org/en/90_Rules/accessiweb2.2/13.Consultation/Rule-13.1.1.html',317,NULL,1,NULL,1,''),(776,'Aw22-13012','http://www.accessiweb.org/index.php/accessiweb_2.2_liste_generale.html#consultation','13.1.2',3130102,1.0,'accessiweb2.2','org.asqatasun.rules.accessiweb22.Aw22Rule13012','http://doc.asqatasun.org/en/90_Rules/accessiweb2.2/13.Consultation/Rule-13.1.2.html',317,NULL,1,NULL,1,'\0'),(777,'Aw22-13013','http://www.accessiweb.org/index.php/accessiweb_2.2_liste_generale.html#consultation','13.1.3',3130103,1.0,'accessiweb2.2','org.asqatasun.rules.accessiweb22.Aw22Rule13013','http://doc.asqatasun.org/en/90_Rules/accessiweb2.2/13.Consultation/Rule-13.1.3.html',317,NULL,1,NULL,1,''),(778,'Aw22-13014','http://www.accessiweb.org/index.php/accessiweb_2.2_liste_generale.html#consultation','13.1.4',3130104,1.0,'accessiweb2.2','org.asqatasun.rules.accessiweb22.Aw22Rule13014','http://doc.asqatasun.org/en/90_Rules/accessiweb2.2/13.Consultation/Rule-13.1.4.html',317,NULL,1,NULL,1,''),(779,'Aw22-13015','http://www.accessiweb.org/index.php/accessiweb_2.2_liste_generale.html#consultation','13.1.5',3130105,1.0,'accessiweb2.2','org.asqatasun.rules.accessiweb22.Aw22Rule13015','http://doc.asqatasun.org/en/90_Rules/accessiweb2.2/13.Consultation/Rule-13.1.5.html',317,NULL,1,NULL,1,''),(780,'Aw22-13021','http://www.accessiweb.org/index.php/accessiweb_2.2_liste_generale.html#consultation','13.2.1',3130201,1.0,'accessiweb2.2','org.asqatasun.rules.accessiweb22.Aw22Rule13021','http://doc.asqatasun.org/en/90_Rules/accessiweb2.2/13.Consultation/Rule-13.2.1.html',318,NULL,1,NULL,1,'\0'),(781,'Aw22-13022','http://www.accessiweb.org/index.php/accessiweb_2.2_liste_generale.html#consultation','13.2.2',3130202,1.0,'accessiweb2.2','org.asqatasun.rules.accessiweb22.Aw22Rule13022','http://doc.asqatasun.org/en/90_Rules/accessiweb2.2/13.Consultation/Rule-13.2.2.html',318,NULL,1,NULL,1,'\0'),(782,'Aw22-13023','http://www.accessiweb.org/index.php/accessiweb_2.2_liste_generale.html#consultation','13.2.3',3130203,1.0,'accessiweb2.2','org.asqatasun.rules.accessiweb22.Aw22Rule13023','http://doc.asqatasun.org/en/90_Rules/accessiweb2.2/13.Consultation/Rule-13.2.3.html',318,NULL,1,NULL,1,'\0'),(783,'Aw22-13031','http://www.accessiweb.org/index.php/accessiweb_2.2_liste_generale.html#consultation','13.3.1',3130301,1.0,'accessiweb2.2','org.asqatasun.rules.accessiweb22.Aw22Rule13031','http://doc.asqatasun.org/en/90_Rules/accessiweb2.2/13.Consultation/Rule-13.3.1.html',319,NULL,1,NULL,1,''),(784,'Aw22-13041','http://www.accessiweb.org/index.php/accessiweb_2.2_liste_generale.html#consultation','13.4.1',3130401,1.0,'accessiweb2.2','org.asqatasun.rules.accessiweb22.Aw22Rule13041','http://doc.asqatasun.org/en/90_Rules/accessiweb2.2/13.Consultation/Rule-13.4.1.html',320,NULL,3,NULL,1,''),(785,'Aw22-13051','http://www.accessiweb.org/index.php/accessiweb_2.2_liste_generale.html#consultation','13.5.1',3130501,1.0,'accessiweb2.2','org.asqatasun.rules.accessiweb22.Aw22Rule13051','http://doc.asqatasun.org/en/90_Rules/accessiweb2.2/13.Consultation/Rule-13.5.1.html',321,NULL,3,NULL,1,''),(786,'Aw22-13061','http://www.accessiweb.org/index.php/accessiweb_2.2_liste_generale.html#consultation','13.6.1',3130601,1.0,'accessiweb2.2','org.asqatasun.rules.accessiweb22.Aw22Rule13061','http://doc.asqatasun.org/en/90_Rules/accessiweb2.2/13.Consultation/Rule-13.6.1.html',322,NULL,1,NULL,1,'\0'),(787,'Aw22-13062','http://www.accessiweb.org/index.php/accessiweb_2.2_liste_generale.html#consultation','13.6.2',3130602,1.0,'accessiweb2.2','org.asqatasun.rules.accessiweb22.Aw22Rule13062','http://doc.asqatasun.org/en/90_Rules/accessiweb2.2/13.Consultation/Rule-13.6.2.html',322,NULL,1,NULL,1,'\0'),(788,'Aw22-13063','http://www.accessiweb.org/index.php/accessiweb_2.2_liste_generale.html#consultation','13.6.3',3130603,1.0,'accessiweb2.2','org.asqatasun.rules.accessiweb22.Aw22Rule13063','http://doc.asqatasun.org/en/90_Rules/accessiweb2.2/13.Consultation/Rule-13.6.3.html',322,NULL,1,NULL,1,'\0'),(789,'Aw22-13071','http://www.accessiweb.org/index.php/accessiweb_2.2_liste_generale.html#consultation','13.7.1',3130701,1.0,'accessiweb2.2','org.asqatasun.rules.accessiweb22.Aw22Rule13071','http://doc.asqatasun.org/en/90_Rules/accessiweb2.2/13.Consultation/Rule-13.7.1.html',323,NULL,1,NULL,1,'\0'),(790,'Aw22-13081','http://www.accessiweb.org/index.php/accessiweb_2.2_liste_generale.html#consultation','13.8.1',3130801,1.0,'accessiweb2.2','org.asqatasun.rules.accessiweb22.Aw22Rule13081','http://doc.asqatasun.org/en/90_Rules/accessiweb2.2/13.Consultation/Rule-13.8.1.html',324,NULL,1,NULL,1,''),(791,'Aw22-13091','http://www.accessiweb.org/index.php/accessiweb_2.2_liste_generale.html#consultation','13.9.1',3130901,1.0,'accessiweb2.2','org.asqatasun.rules.accessiweb22.Aw22Rule13091','http://doc.asqatasun.org/en/90_Rules/accessiweb2.2/13.Consultation/Rule-13.9.1.html',325,NULL,3,NULL,1,''),(792,'Aw22-13101','http://www.accessiweb.org/index.php/accessiweb_2.2_liste_generale.html#consultation','13.10.1',3131001,1.0,'accessiweb2.2','org.asqatasun.rules.accessiweb22.Aw22Rule13101','http://doc.asqatasun.org/en/90_Rules/accessiweb2.2/13.Consultation/Rule-13.10.1.html',326,NULL,3,NULL,1,''),(793,'Aw22-13111','http://www.accessiweb.org/index.php/accessiweb_2.2_liste_generale.html#consultation','13.11.1',3131101,1.0,'accessiweb2.2','org.asqatasun.rules.accessiweb22.Aw22Rule13111','http://doc.asqatasun.org/en/90_Rules/accessiweb2.2/13.Consultation/Rule-13.11.1.html',327,NULL,1,NULL,1,''),(794,'Aw22-13121','http://www.accessiweb.org/index.php/accessiweb_2.2_liste_generale.html#consultation','13.12.1',3131201,1.0,'accessiweb2.2','org.asqatasun.rules.accessiweb22.Aw22Rule13121','http://doc.asqatasun.org/en/90_Rules/accessiweb2.2/13.Consultation/Rule-13.12.1.html',328,NULL,1,NULL,1,''),(795,'Aw22-13131','http://www.accessiweb.org/index.php/accessiweb_2.2_liste_generale.html#consultation','13.13.1',3131301,1.0,'accessiweb2.2','org.asqatasun.rules.accessiweb22.Aw22Rule13131','http://doc.asqatasun.org/en/90_Rules/accessiweb2.2/13.Consultation/Rule-13.13.1.html',329,NULL,3,NULL,1,''),(796,'Aw22-13141','http://www.accessiweb.org/index.php/accessiweb_2.2_liste_generale.html#consultation','13.14.1',3131401,1.0,'accessiweb2.2','org.asqatasun.rules.accessiweb22.Aw22Rule13141','http://doc.asqatasun.org/en/90_Rules/accessiweb2.2/13.Consultation/Rule-13.14.1.html',330,NULL,3,NULL,1,''),(797,'Aw22-13151','http://www.accessiweb.org/index.php/accessiweb_2.2_liste_generale.html#consultation','13.15.1',3131501,1.0,'accessiweb2.2','org.asqatasun.rules.accessiweb22.Aw22Rule13151','http://doc.asqatasun.org/en/90_Rules/accessiweb2.2/13.Consultation/Rule-13.15.1.html',331,NULL,1,NULL,1,''),(798,'Aw22-13152','http://www.accessiweb.org/index.php/accessiweb_2.2_liste_generale.html#consultation','13.15.2',3131502,1.0,'accessiweb2.2','org.asqatasun.rules.accessiweb22.Aw22Rule13152','http://doc.asqatasun.org/en/90_Rules/accessiweb2.2/13.Consultation/Rule-13.15.2.html',331,NULL,1,NULL,1,''),(799,'Aw22-13153','http://www.accessiweb.org/index.php/accessiweb_2.2_liste_generale.html#consultation','13.15.3',3131503,1.0,'accessiweb2.2','org.asqatasun.rules.accessiweb22.Aw22Rule13153','http://doc.asqatasun.org/en/90_Rules/accessiweb2.2/13.Consultation/Rule-13.15.3.html',331,NULL,1,NULL,1,''),(800,'Aw22-13154','http://www.accessiweb.org/index.php/accessiweb_2.2_liste_generale.html#consultation','13.15.4',3131504,1.0,'accessiweb2.2','org.asqatasun.rules.accessiweb22.Aw22Rule13154','http://doc.asqatasun.org/en/90_Rules/accessiweb2.2/13.Consultation/Rule-13.15.4.html',331,NULL,1,NULL,1,'\0'),(801,'Aw22-13161','http://www.accessiweb.org/index.php/accessiweb_2.2_liste_generale.html#consultation','13.16.1',3131601,1.0,'accessiweb2.2','org.asqatasun.rules.accessiweb22.Aw22Rule13161','http://doc.asqatasun.org/en/90_Rules/accessiweb2.2/13.Consultation/Rule-13.16.1.html',332,NULL,3,NULL,1,''),(802,'Aw22-13162','http://www.accessiweb.org/index.php/accessiweb_2.2_liste_generale.html#consultation','13.16.2',3131602,1.0,'accessiweb2.2','org.asqatasun.rules.accessiweb22.Aw22Rule13162','http://doc.asqatasun.org/en/90_Rules/accessiweb2.2/13.Consultation/Rule-13.16.2.html',332,NULL,3,NULL,1,''),(803,'Aw22-13163','http://www.accessiweb.org/index.php/accessiweb_2.2_liste_generale.html#consultation','13.16.3',3131603,1.0,'accessiweb2.2','org.asqatasun.rules.accessiweb22.Aw22Rule13163','http://doc.asqatasun.org/en/90_Rules/accessiweb2.2/13.Consultation/Rule-13.16.3.html',332,NULL,3,NULL,1,''),(804,'Aw22-13164','http://www.accessiweb.org/index.php/accessiweb_2.2_liste_generale.html#consultation','13.16.4',3131604,1.0,'accessiweb2.2','org.asqatasun.rules.accessiweb22.Aw22Rule13164','http://doc.asqatasun.org/en/90_Rules/accessiweb2.2/13.Consultation/Rule-13.16.4.html',332,NULL,3,NULL,1,'\0'),(805,'Aw22-13171','http://www.accessiweb.org/index.php/accessiweb_2.2_liste_generale.html#consultation','13.17.1',3131701,1.0,'accessiweb2.2','org.asqatasun.rules.accessiweb22.Aw22Rule13171','http://doc.asqatasun.org/en/90_Rules/accessiweb2.2/13.Consultation/Rule-13.17.1.html',333,NULL,1,NULL,1,''),(806,'Aw22-13172','http://www.accessiweb.org/index.php/accessiweb_2.2_liste_generale.html#consultation','13.17.2',3131702,1.0,'accessiweb2.2','org.asqatasun.rules.accessiweb22.Aw22Rule13172','http://doc.asqatasun.org/en/90_Rules/accessiweb2.2/13.Consultation/Rule-13.17.2.html',333,NULL,1,NULL,1,''),(807,'Rgaa30-1-1-1','','1.1.1',1,1.0,'rgaa30','org.asqatasun.rules.rgaa30.Rgaa30Rule010101','http://doc.asqatasun.org/en/90_Rules/rgaa3.0/01.Images/Rule-1-1-1.html',334,NULL,1,NULL,1,'\0'),(808,'Rgaa30-1-1-2','','1.1.2',2,1.0,'rgaa30','org.asqatasun.rules.rgaa30.Rgaa30Rule010102','http://doc.asqatasun.org/en/90_Rules/rgaa3.0/01.Images/Rule-1-1-2.html',334,NULL,1,NULL,1,'\0'),(809,'Rgaa30-1-1-3','','1.1.3',3,1.0,'rgaa30','org.asqatasun.rules.rgaa30.Rgaa30Rule010103','http://doc.asqatasun.org/en/90_Rules/rgaa3.0/01.Images/Rule-1-1-3.html',334,NULL,1,NULL,1,'\0'),(810,'Rgaa30-1-1-4','','1.1.4',4,1.0,'rgaa30','org.asqatasun.rules.rgaa30.Rgaa30Rule010104','http://doc.asqatasun.org/en/90_Rules/rgaa3.0/01.Images/Rule-1-1-4.html',334,NULL,1,NULL,1,'\0'),(811,'Rgaa30-1-2-1','','1.2.1',5,1.0,'rgaa30','org.asqatasun.rules.rgaa30.Rgaa30Rule010201','http://doc.asqatasun.org/en/90_Rules/rgaa3.0/01.Images/Rule-1-2-1.html',335,NULL,1,NULL,1,'\0'),(812,'Rgaa30-1-2-2','','1.2.2',6,1.0,'rgaa30','org.asqatasun.rules.rgaa30.Rgaa30Rule010202','http://doc.asqatasun.org/en/90_Rules/rgaa3.0/01.Images/Rule-1-2-2.html',335,NULL,1,NULL,1,'\0'),(813,'Rgaa30-1-2-3','','1.2.3',7,1.0,'rgaa30','org.asqatasun.rules.rgaa30.Rgaa30Rule010203','http://doc.asqatasun.org/en/90_Rules/rgaa3.0/01.Images/Rule-1-2-3.html',335,NULL,1,NULL,1,'\0'),(814,'Rgaa30-1-2-4','','1.2.4',8,1.0,'rgaa30','org.asqatasun.rules.rgaa30.Rgaa30Rule010204','http://doc.asqatasun.org/en/90_Rules/rgaa3.0/01.Images/Rule-1-2-4.html',335,NULL,1,NULL,1,'\0'),(815,'Rgaa30-1-2-5','','1.2.5',9,1.0,'rgaa30','org.asqatasun.rules.rgaa30.Rgaa30Rule010205','http://doc.asqatasun.org/en/90_Rules/rgaa3.0/01.Images/Rule-1-2-5.html',335,NULL,1,NULL,1,'\0'),(816,'Rgaa30-1-3-1','','1.3.1',10,1.0,'rgaa30','org.asqatasun.rules.rgaa30.Rgaa30Rule010301','http://doc.asqatasun.org/en/90_Rules/rgaa3.0/01.Images/Rule-1-3-1.html',336,NULL,1,NULL,1,'\0'),(817,'Rgaa30-1-3-2','','1.3.2',11,1.0,'rgaa30','org.asqatasun.rules.rgaa30.Rgaa30Rule010302','http://doc.asqatasun.org/en/90_Rules/rgaa3.0/01.Images/Rule-1-3-2.html',336,NULL,1,NULL,1,'\0'),(818,'Rgaa30-1-3-3','','1.3.3',12,1.0,'rgaa30','org.asqatasun.rules.rgaa30.Rgaa30Rule010303','http://doc.asqatasun.org/en/90_Rules/rgaa3.0/01.Images/Rule-1-3-3.html',336,NULL,1,NULL,1,'\0'),(819,'Rgaa30-1-3-4','','1.3.4',13,1.0,'rgaa30','org.asqatasun.rules.rgaa30.Rgaa30Rule010304','http://doc.asqatasun.org/en/90_Rules/rgaa3.0/01.Images/Rule-1-3-4.html',336,NULL,1,NULL,1,'\0'),(820,'Rgaa30-1-3-5','','1.3.5',14,1.0,'rgaa30','org.asqatasun.rules.rgaa30.Rgaa30Rule010305','http://doc.asqatasun.org/en/90_Rules/rgaa3.0/01.Images/Rule-1-3-5.html',336,NULL,1,NULL,1,'\0'),(821,'Rgaa30-1-3-6','','1.3.6',15,1.0,'rgaa30','org.asqatasun.rules.rgaa30.Rgaa30Rule010306','http://doc.asqatasun.org/en/90_Rules/rgaa3.0/01.Images/Rule-1-3-6.html',336,NULL,1,NULL,1,'\0'),(822,'Rgaa30-1-3-7','','1.3.7',16,1.0,'rgaa30','org.asqatasun.rules.rgaa30.Rgaa30Rule010307','http://doc.asqatasun.org/en/90_Rules/rgaa3.0/01.Images/Rule-1-3-7.html',336,NULL,1,NULL,1,'\0'),(823,'Rgaa30-1-3-8','','1.3.8',17,1.0,'rgaa30','org.asqatasun.rules.rgaa30.Rgaa30Rule010308','http://doc.asqatasun.org/en/90_Rules/rgaa3.0/01.Images/Rule-1-3-8.html',336,NULL,1,NULL,1,'\0'),(824,'Rgaa30-1-3-9','','1.3.9',18,1.0,'rgaa30','org.asqatasun.rules.rgaa30.Rgaa30Rule010309','http://doc.asqatasun.org/en/90_Rules/rgaa3.0/01.Images/Rule-1-3-9.html',336,NULL,1,NULL,1,'\0'),(825,'Rgaa30-1-3-10','','1.3.10',19,1.0,'rgaa30','org.asqatasun.rules.rgaa30.Rgaa30Rule010310','http://doc.asqatasun.org/en/90_Rules/rgaa3.0/01.Images/Rule-1-3-10.html',336,NULL,1,NULL,1,''),(826,'Rgaa30-1-4-1','','1.4.1',20,1.0,'rgaa30','org.asqatasun.rules.rgaa30.Rgaa30Rule010401','http://doc.asqatasun.org/en/90_Rules/rgaa3.0/01.Images/Rule-1-4-1.html',337,NULL,1,NULL,1,'\0'),(827,'Rgaa30-1-4-2','','1.4.2',21,1.0,'rgaa30','org.asqatasun.rules.rgaa30.Rgaa30Rule010402','http://doc.asqatasun.org/en/90_Rules/rgaa3.0/01.Images/Rule-1-4-2.html',337,NULL,1,NULL,1,'\0'),(828,'Rgaa30-1-4-3','','1.4.3',22,1.0,'rgaa30','org.asqatasun.rules.rgaa30.Rgaa30Rule010403','http://doc.asqatasun.org/en/90_Rules/rgaa3.0/01.Images/Rule-1-4-3.html',337,NULL,1,NULL,1,'\0'),(829,'Rgaa30-1-4-4','','1.4.4',23,1.0,'rgaa30','org.asqatasun.rules.rgaa30.Rgaa30Rule010404','http://doc.asqatasun.org/en/90_Rules/rgaa3.0/01.Images/Rule-1-4-4.html',337,NULL,1,NULL,1,'\0'),(830,'Rgaa30-1-4-5','','1.4.5',24,1.0,'rgaa30','org.asqatasun.rules.rgaa30.Rgaa30Rule010405','http://doc.asqatasun.org/en/90_Rules/rgaa3.0/01.Images/Rule-1-4-5.html',337,NULL,1,NULL,1,'\0'),(831,'Rgaa30-1-4-6','','1.4.6',25,1.0,'rgaa30','org.asqatasun.rules.rgaa30.Rgaa30Rule010406','http://doc.asqatasun.org/en/90_Rules/rgaa3.0/01.Images/Rule-1-4-6.html',337,NULL,1,NULL,1,'\0'),(832,'Rgaa30-1-4-7','','1.4.7',26,1.0,'rgaa30','org.asqatasun.rules.rgaa30.Rgaa30Rule010407','http://doc.asqatasun.org/en/90_Rules/rgaa3.0/01.Images/Rule-1-4-7.html',337,NULL,1,NULL,1,'\0'),(833,'Rgaa30-1-4-8','','1.4.8',27,1.0,'rgaa30','org.asqatasun.rules.rgaa30.Rgaa30Rule010408','http://doc.asqatasun.org/en/90_Rules/rgaa3.0/01.Images/Rule-1-4-8.html',337,NULL,1,NULL,1,'\0'),(834,'Rgaa30-1-4-9','','1.4.9',28,1.0,'rgaa30','org.asqatasun.rules.rgaa30.Rgaa30Rule010409','http://doc.asqatasun.org/en/90_Rules/rgaa3.0/01.Images/Rule-1-4-9.html',337,NULL,1,NULL,1,'\0'),(835,'Rgaa30-1-5-1','','1.5.1',29,1.0,'rgaa30','org.asqatasun.rules.rgaa30.Rgaa30Rule010501','http://doc.asqatasun.org/en/90_Rules/rgaa3.0/01.Images/Rule-1-5-1.html',338,NULL,1,NULL,1,'\0'),(836,'Rgaa30-1-5-2','','1.5.2',30,1.0,'rgaa30','org.asqatasun.rules.rgaa30.Rgaa30Rule010502','http://doc.asqatasun.org/en/90_Rules/rgaa3.0/01.Images/Rule-1-5-2.html',338,NULL,1,NULL,1,'\0'),(837,'Rgaa30-1-6-1','','1.6.1',31,1.0,'rgaa30','org.asqatasun.rules.rgaa30.Rgaa30Rule010601','http://doc.asqatasun.org/en/90_Rules/rgaa3.0/01.Images/Rule-1-6-1.html',339,NULL,1,NULL,1,'\0'),(838,'Rgaa30-1-6-2','','1.6.2',32,1.0,'rgaa30','org.asqatasun.rules.rgaa30.Rgaa30Rule010602','http://doc.asqatasun.org/en/90_Rules/rgaa3.0/01.Images/Rule-1-6-2.html',339,NULL,1,NULL,1,'\0'),(839,'Rgaa30-1-6-3','','1.6.3',33,1.0,'rgaa30','org.asqatasun.rules.rgaa30.Rgaa30Rule010603','http://doc.asqatasun.org/en/90_Rules/rgaa3.0/01.Images/Rule-1-6-3.html',339,NULL,1,NULL,1,'\0'),(840,'Rgaa30-1-6-4','','1.6.4',34,1.0,'rgaa30','org.asqatasun.rules.rgaa30.Rgaa30Rule010604','http://doc.asqatasun.org/en/90_Rules/rgaa3.0/01.Images/Rule-1-6-4.html',339,NULL,1,NULL,1,'\0'),(841,'Rgaa30-1-6-5','','1.6.5',35,1.0,'rgaa30','org.asqatasun.rules.rgaa30.Rgaa30Rule010605','http://doc.asqatasun.org/en/90_Rules/rgaa3.0/01.Images/Rule-1-6-5.html',339,NULL,1,NULL,1,'\0'),(842,'Rgaa30-1-6-6','','1.6.6',36,1.0,'rgaa30','org.asqatasun.rules.rgaa30.Rgaa30Rule010606','http://doc.asqatasun.org/en/90_Rules/rgaa3.0/01.Images/Rule-1-6-6.html',339,NULL,1,NULL,1,'\0'),(843,'Rgaa30-1-6-7','','1.6.7',37,1.0,'rgaa30','org.asqatasun.rules.rgaa30.Rgaa30Rule010607','http://doc.asqatasun.org/en/90_Rules/rgaa3.0/01.Images/Rule-1-6-7.html',339,NULL,1,NULL,1,'\0'),(844,'Rgaa30-1-6-8','','1.6.8',38,1.0,'rgaa30','org.asqatasun.rules.rgaa30.Rgaa30Rule010608','http://doc.asqatasun.org/en/90_Rules/rgaa3.0/01.Images/Rule-1-6-8.html',339,NULL,1,NULL,1,'\0'),(845,'Rgaa30-1-7-1','','1.7.1',39,1.0,'rgaa30','org.asqatasun.rules.rgaa30.Rgaa30Rule010701','http://doc.asqatasun.org/en/90_Rules/rgaa3.0/01.Images/Rule-1-7-1.html',340,NULL,1,NULL,1,'\0'),(846,'Rgaa30-1-7-2','','1.7.2',40,1.0,'rgaa30','org.asqatasun.rules.rgaa30.Rgaa30Rule010702','http://doc.asqatasun.org/en/90_Rules/rgaa3.0/01.Images/Rule-1-7-2.html',340,NULL,1,NULL,1,'\0'),(847,'Rgaa30-1-7-3','','1.7.3',41,1.0,'rgaa30','org.asqatasun.rules.rgaa30.Rgaa30Rule010703','http://doc.asqatasun.org/en/90_Rules/rgaa3.0/01.Images/Rule-1-7-3.html',340,NULL,1,NULL,1,'\0'),(848,'Rgaa30-1-7-4','','1.7.4',42,1.0,'rgaa30','org.asqatasun.rules.rgaa30.Rgaa30Rule010704','http://doc.asqatasun.org/en/90_Rules/rgaa3.0/01.Images/Rule-1-7-4.html',340,NULL,1,NULL,1,'\0'),(849,'Rgaa30-1-7-5','','1.7.5',43,1.0,'rgaa30','org.asqatasun.rules.rgaa30.Rgaa30Rule010705','http://doc.asqatasun.org/en/90_Rules/rgaa3.0/01.Images/Rule-1-7-5.html',340,NULL,1,NULL,1,'\0'),(850,'Rgaa30-1-7-6','','1.7.6',44,1.0,'rgaa30','org.asqatasun.rules.rgaa30.Rgaa30Rule010706','http://doc.asqatasun.org/en/90_Rules/rgaa3.0/01.Images/Rule-1-7-6.html',340,NULL,1,NULL,1,'\0'),(851,'Rgaa30-1-7-7','','1.7.7',45,1.0,'rgaa30','org.asqatasun.rules.rgaa30.Rgaa30Rule010707','http://doc.asqatasun.org/en/90_Rules/rgaa3.0/01.Images/Rule-1-7-7.html',340,NULL,1,NULL,1,'\0'),(852,'Rgaa30-1-8-1','','1.8.1',46,1.0,'rgaa30','org.asqatasun.rules.rgaa30.Rgaa30Rule010801','http://doc.asqatasun.org/en/90_Rules/rgaa3.0/01.Images/Rule-1-8-1.html',341,NULL,2,NULL,1,'\0'),(853,'Rgaa30-1-8-2','','1.8.2',47,1.0,'rgaa30','org.asqatasun.rules.rgaa30.Rgaa30Rule010802','http://doc.asqatasun.org/en/90_Rules/rgaa3.0/01.Images/Rule-1-8-2.html',341,NULL,2,NULL,1,'\0'),(854,'Rgaa30-1-8-3','','1.8.3',48,1.0,'rgaa30','org.asqatasun.rules.rgaa30.Rgaa30Rule010803','http://doc.asqatasun.org/en/90_Rules/rgaa3.0/01.Images/Rule-1-8-3.html',341,NULL,2,NULL,1,'\0'),(855,'Rgaa30-1-8-4','','1.8.4',49,1.0,'rgaa30','org.asqatasun.rules.rgaa30.Rgaa30Rule010804','http://doc.asqatasun.org/en/90_Rules/rgaa3.0/01.Images/Rule-1-8-4.html',341,NULL,2,NULL,1,'\0'),(856,'Rgaa30-1-8-5','','1.8.5',50,1.0,'rgaa30','org.asqatasun.rules.rgaa30.Rgaa30Rule010805','http://doc.asqatasun.org/en/90_Rules/rgaa3.0/01.Images/Rule-1-8-5.html',341,NULL,2,NULL,1,'\0'),(857,'Rgaa30-1-8-6','','1.8.6',51,1.0,'rgaa30','org.asqatasun.rules.rgaa30.Rgaa30Rule010806','http://doc.asqatasun.org/en/90_Rules/rgaa3.0/01.Images/Rule-1-8-6.html',341,NULL,2,NULL,1,'\0'),(858,'Rgaa30-1-9-1','','1.9.1',52,1.0,'rgaa30','org.asqatasun.rules.rgaa30.Rgaa30Rule010901','http://doc.asqatasun.org/en/90_Rules/rgaa3.0/01.Images/Rule-1-9-1.html',342,NULL,3,NULL,1,'\0'),(859,'Rgaa30-1-9-2','','1.9.2',53,1.0,'rgaa30','org.asqatasun.rules.rgaa30.Rgaa30Rule010902','http://doc.asqatasun.org/en/90_Rules/rgaa3.0/01.Images/Rule-1-9-2.html',342,NULL,3,NULL,1,'\0'),(860,'Rgaa30-1-9-3','','1.9.3',54,1.0,'rgaa30','org.asqatasun.rules.rgaa30.Rgaa30Rule010903','http://doc.asqatasun.org/en/90_Rules/rgaa3.0/01.Images/Rule-1-9-3.html',342,NULL,3,NULL,1,'\0'),(861,'Rgaa30-1-9-4','','1.9.4',55,1.0,'rgaa30','org.asqatasun.rules.rgaa30.Rgaa30Rule010904','http://doc.asqatasun.org/en/90_Rules/rgaa3.0/01.Images/Rule-1-9-4.html',342,NULL,3,NULL,1,'\0'),(862,'Rgaa30-1-9-5','','1.9.5',56,1.0,'rgaa30','org.asqatasun.rules.rgaa30.Rgaa30Rule010905','http://doc.asqatasun.org/en/90_Rules/rgaa3.0/01.Images/Rule-1-9-5.html',342,NULL,3,NULL,1,'\0'),(863,'Rgaa30-1-9-6','','1.9.6',57,1.0,'rgaa30','org.asqatasun.rules.rgaa30.Rgaa30Rule010906','http://doc.asqatasun.org/en/90_Rules/rgaa3.0/01.Images/Rule-1-9-6.html',342,NULL,3,NULL,1,'\0'),(864,'Rgaa30-1-10-1','','1.10.1',58,1.0,'rgaa30','org.asqatasun.rules.rgaa30.Rgaa30Rule011001','http://doc.asqatasun.org/en/90_Rules/rgaa3.0/01.Images/Rule-1-10-1.html',343,NULL,1,NULL,1,''),(865,'Rgaa30-1-10-2','','1.10.2',59,1.0,'rgaa30','org.asqatasun.rules.rgaa30.Rgaa30Rule011002','http://doc.asqatasun.org/en/90_Rules/rgaa3.0/01.Images/Rule-1-10-2.html',343,NULL,1,NULL,1,''),(866,'Rgaa30-1-10-3','','1.10.3',60,1.0,'rgaa30','org.asqatasun.rules.rgaa30.Rgaa30Rule011003','http://doc.asqatasun.org/en/90_Rules/rgaa3.0/01.Images/Rule-1-10-3.html',343,NULL,1,NULL,1,''),(867,'Rgaa30-1-10-4','','1.10.4',61,1.0,'rgaa30','org.asqatasun.rules.rgaa30.Rgaa30Rule011004','http://doc.asqatasun.org/en/90_Rules/rgaa3.0/01.Images/Rule-1-10-4.html',343,NULL,1,NULL,1,''),(868,'Rgaa30-1-10-5','','1.10.5',62,1.0,'rgaa30','org.asqatasun.rules.rgaa30.Rgaa30Rule011005','http://doc.asqatasun.org/en/90_Rules/rgaa3.0/01.Images/Rule-1-10-5.html',343,NULL,1,NULL,1,''),(869,'Rgaa30-2-1-1','','2.1.1',63,1.0,'rgaa30','org.asqatasun.rules.rgaa30.Rgaa30Rule020101','http://doc.asqatasun.org/en/90_Rules/rgaa3.0/02.Frames/Rule-2-1-1.html',344,NULL,1,NULL,1,'\0'),(870,'Rgaa30-2-2-1','','2.2.1',64,1.0,'rgaa30','org.asqatasun.rules.rgaa30.Rgaa30Rule020201','http://doc.asqatasun.org/en/90_Rules/rgaa3.0/02.Frames/Rule-2-2-1.html',345,NULL,1,NULL,1,'\0'),(871,'Rgaa30-3-1-1','','3.1.1',65,1.0,'rgaa30','org.asqatasun.rules.rgaa30.Rgaa30Rule030101','http://doc.asqatasun.org/en/90_Rules/rgaa3.0/03.Colours/Rule-3-1-1.html',346,NULL,1,NULL,1,''),(872,'Rgaa30-3-1-2','','3.1.2',66,1.0,'rgaa30','org.asqatasun.rules.rgaa30.Rgaa30Rule030102','http://doc.asqatasun.org/en/90_Rules/rgaa3.0/03.Colours/Rule-3-1-2.html',346,NULL,1,NULL,1,''),(873,'Rgaa30-3-1-3','','3.1.3',67,1.0,'rgaa30','org.asqatasun.rules.rgaa30.Rgaa30Rule030103','http://doc.asqatasun.org/en/90_Rules/rgaa3.0/03.Colours/Rule-3-1-3.html',346,NULL,1,NULL,1,''),(874,'Rgaa30-3-1-4','','3.1.4',68,1.0,'rgaa30','org.asqatasun.rules.rgaa30.Rgaa30Rule030104','http://doc.asqatasun.org/en/90_Rules/rgaa3.0/03.Colours/Rule-3-1-4.html',346,NULL,1,NULL,1,''),(875,'Rgaa30-3-1-5','','3.1.5',69,1.0,'rgaa30','org.asqatasun.rules.rgaa30.Rgaa30Rule030105','http://doc.asqatasun.org/en/90_Rules/rgaa3.0/03.Colours/Rule-3-1-5.html',346,NULL,1,NULL,1,''),(876,'Rgaa30-3-1-6','','3.1.6',70,1.0,'rgaa30','org.asqatasun.rules.rgaa30.Rgaa30Rule030106','http://doc.asqatasun.org/en/90_Rules/rgaa3.0/03.Colours/Rule-3-1-6.html',346,NULL,1,NULL,1,''),(877,'Rgaa30-3-2-1','','3.2.1',71,1.0,'rgaa30','org.asqatasun.rules.rgaa30.Rgaa30Rule030201','http://doc.asqatasun.org/en/90_Rules/rgaa3.0/03.Colours/Rule-3-2-1.html',347,NULL,1,NULL,1,''),(878,'Rgaa30-3-2-2','','3.2.2',72,1.0,'rgaa30','org.asqatasun.rules.rgaa30.Rgaa30Rule030202','http://doc.asqatasun.org/en/90_Rules/rgaa3.0/03.Colours/Rule-3-2-2.html',347,NULL,1,NULL,1,''),(879,'Rgaa30-3-2-3','','3.2.3',73,1.0,'rgaa30','org.asqatasun.rules.rgaa30.Rgaa30Rule030203','http://doc.asqatasun.org/en/90_Rules/rgaa3.0/03.Colours/Rule-3-2-3.html',347,NULL,1,NULL,1,''),(880,'Rgaa30-3-2-4','','3.2.4',74,1.0,'rgaa30','org.asqatasun.rules.rgaa30.Rgaa30Rule030204','http://doc.asqatasun.org/en/90_Rules/rgaa3.0/03.Colours/Rule-3-2-4.html',347,NULL,1,NULL,1,''),(881,'Rgaa30-3-2-5','','3.2.5',75,1.0,'rgaa30','org.asqatasun.rules.rgaa30.Rgaa30Rule030205','http://doc.asqatasun.org/en/90_Rules/rgaa3.0/03.Colours/Rule-3-2-5.html',347,NULL,1,NULL,1,''),(882,'Rgaa30-3-2-6','','3.2.6',76,1.0,'rgaa30','org.asqatasun.rules.rgaa30.Rgaa30Rule030206','http://doc.asqatasun.org/en/90_Rules/rgaa3.0/03.Colours/Rule-3-2-6.html',347,NULL,1,NULL,1,''),(883,'Rgaa30-3-3-1','','3.3.1',77,1.0,'rgaa30','org.asqatasun.rules.rgaa30.Rgaa30Rule030301','http://doc.asqatasun.org/en/90_Rules/rgaa3.0/03.Colours/Rule-3-3-1.html',348,NULL,2,NULL,1,'\0'),(884,'Rgaa30-3-3-2','','3.3.2',78,1.0,'rgaa30','org.asqatasun.rules.rgaa30.Rgaa30Rule030302','http://doc.asqatasun.org/en/90_Rules/rgaa3.0/03.Colours/Rule-3-3-2.html',348,NULL,2,NULL,1,'\0'),(885,'Rgaa30-3-3-3','','3.3.3',79,1.0,'rgaa30','org.asqatasun.rules.rgaa30.Rgaa30Rule030303','http://doc.asqatasun.org/en/90_Rules/rgaa3.0/03.Colours/Rule-3-3-3.html',348,NULL,2,NULL,1,'\0'),(886,'Rgaa30-3-3-4','','3.3.4',80,1.0,'rgaa30','org.asqatasun.rules.rgaa30.Rgaa30Rule030304','http://doc.asqatasun.org/en/90_Rules/rgaa3.0/03.Colours/Rule-3-3-4.html',348,NULL,2,NULL,1,'\0'),(887,'Rgaa30-3-4-1','','3.4.1',81,1.0,'rgaa30','org.asqatasun.rules.rgaa30.Rgaa30Rule030401','http://doc.asqatasun.org/en/90_Rules/rgaa3.0/03.Colours/Rule-3-4-1.html',349,NULL,3,NULL,1,'\0'),(888,'Rgaa30-3-4-2','','3.4.2',82,1.0,'rgaa30','org.asqatasun.rules.rgaa30.Rgaa30Rule030402','http://doc.asqatasun.org/en/90_Rules/rgaa3.0/03.Colours/Rule-3-4-2.html',349,NULL,3,NULL,1,'\0'),(889,'Rgaa30-3-4-3','','3.4.3',83,1.0,'rgaa30','org.asqatasun.rules.rgaa30.Rgaa30Rule030403','http://doc.asqatasun.org/en/90_Rules/rgaa3.0/03.Colours/Rule-3-4-3.html',349,NULL,3,NULL,1,'\0'),(890,'Rgaa30-3-4-4','','3.4.4',84,1.0,'rgaa30','org.asqatasun.rules.rgaa30.Rgaa30Rule030404','http://doc.asqatasun.org/en/90_Rules/rgaa3.0/03.Colours/Rule-3-4-4.html',349,NULL,3,NULL,1,'\0'),(891,'Rgaa30-4-1-1','','4.1.1',85,1.0,'rgaa30','org.asqatasun.rules.rgaa30.Rgaa30Rule040101','http://doc.asqatasun.org/en/90_Rules/rgaa3.0/04.Multimedia/Rule-4-1-1.html',350,NULL,1,NULL,1,''),(892,'Rgaa30-4-1-2','','4.1.2',86,1.0,'rgaa30','org.asqatasun.rules.rgaa30.Rgaa30Rule040102','http://doc.asqatasun.org/en/90_Rules/rgaa3.0/04.Multimedia/Rule-4-1-2.html',350,NULL,1,NULL,1,''),(893,'Rgaa30-4-1-3','','4.1.3',87,1.0,'rgaa30','org.asqatasun.rules.rgaa30.Rgaa30Rule040103','http://doc.asqatasun.org/en/90_Rules/rgaa3.0/04.Multimedia/Rule-4-1-3.html',350,NULL,1,NULL,1,''),(894,'Rgaa30-4-2-1','','4.2.1',88,1.0,'rgaa30','org.asqatasun.rules.rgaa30.Rgaa30Rule040201','http://doc.asqatasun.org/en/90_Rules/rgaa3.0/04.Multimedia/Rule-4-2-1.html',351,NULL,1,NULL,1,''),(895,'Rgaa30-4-2-2','','4.2.2',89,1.0,'rgaa30','org.asqatasun.rules.rgaa30.Rgaa30Rule040202','http://doc.asqatasun.org/en/90_Rules/rgaa3.0/04.Multimedia/Rule-4-2-2.html',351,NULL,1,NULL,1,''),(896,'Rgaa30-4-2-3','','4.2.3',90,1.0,'rgaa30','org.asqatasun.rules.rgaa30.Rgaa30Rule040203','http://doc.asqatasun.org/en/90_Rules/rgaa3.0/04.Multimedia/Rule-4-2-3.html',351,NULL,1,NULL,1,''),(897,'Rgaa30-4-3-1','','4.3.1',91,1.0,'rgaa30','org.asqatasun.rules.rgaa30.Rgaa30Rule040301','http://doc.asqatasun.org/en/90_Rules/rgaa3.0/04.Multimedia/Rule-4-3-1.html',352,NULL,1,NULL,1,''),(898,'Rgaa30-4-3-2','','4.3.2',92,1.0,'rgaa30','org.asqatasun.rules.rgaa30.Rgaa30Rule040302','http://doc.asqatasun.org/en/90_Rules/rgaa3.0/04.Multimedia/Rule-4-3-2.html',352,NULL,1,NULL,1,''),(899,'Rgaa30-4-4-1','','4.4.1',93,1.0,'rgaa30','org.asqatasun.rules.rgaa30.Rgaa30Rule040401','http://doc.asqatasun.org/en/90_Rules/rgaa3.0/04.Multimedia/Rule-4-4-1.html',353,NULL,1,NULL,1,''),(900,'Rgaa30-4-5-1','','4.5.1',94,1.0,'rgaa30','org.asqatasun.rules.rgaa30.Rgaa30Rule040501','http://doc.asqatasun.org/en/90_Rules/rgaa3.0/04.Multimedia/Rule-4-5-1.html',354,NULL,2,NULL,1,''),(901,'Rgaa30-4-5-2','','4.5.2',95,1.0,'rgaa30','org.asqatasun.rules.rgaa30.Rgaa30Rule040502','http://doc.asqatasun.org/en/90_Rules/rgaa3.0/04.Multimedia/Rule-4-5-2.html',354,NULL,2,NULL,1,''),(902,'Rgaa30-4-6-1','','4.6.1',96,1.0,'rgaa30','org.asqatasun.rules.rgaa30.Rgaa30Rule040601','http://doc.asqatasun.org/en/90_Rules/rgaa3.0/04.Multimedia/Rule-4-6-1.html',355,NULL,2,NULL,1,''),(903,'Rgaa30-4-6-2','','4.6.2',97,1.0,'rgaa30','org.asqatasun.rules.rgaa30.Rgaa30Rule040602','http://doc.asqatasun.org/en/90_Rules/rgaa3.0/04.Multimedia/Rule-4-6-2.html',355,NULL,2,NULL,1,''),(904,'Rgaa30-4-7-1','','4.7.1',98,1.0,'rgaa30','org.asqatasun.rules.rgaa30.Rgaa30Rule040701','http://doc.asqatasun.org/en/90_Rules/rgaa3.0/04.Multimedia/Rule-4-7-1.html',356,NULL,2,NULL,1,''),(905,'Rgaa30-4-7-2','','4.7.2',99,1.0,'rgaa30','org.asqatasun.rules.rgaa30.Rgaa30Rule040702','http://doc.asqatasun.org/en/90_Rules/rgaa3.0/04.Multimedia/Rule-4-7-2.html',356,NULL,2,NULL,1,''),(906,'Rgaa30-4-8-1','','4.8.1',100,1.0,'rgaa30','org.asqatasun.rules.rgaa30.Rgaa30Rule040801','http://doc.asqatasun.org/en/90_Rules/rgaa3.0/04.Multimedia/Rule-4-8-1.html',357,NULL,2,NULL,1,''),(907,'Rgaa30-4-8-2','','4.8.2',101,1.0,'rgaa30','org.asqatasun.rules.rgaa30.Rgaa30Rule040802','http://doc.asqatasun.org/en/90_Rules/rgaa3.0/04.Multimedia/Rule-4-8-2.html',357,NULL,2,NULL,1,''),(908,'Rgaa30-4-9-1','','4.9.1',102,1.0,'rgaa30','org.asqatasun.rules.rgaa30.Rgaa30Rule040901','http://doc.asqatasun.org/en/90_Rules/rgaa3.0/04.Multimedia/Rule-4-9-1.html',358,NULL,3,NULL,1,''),(909,'Rgaa30-4-9-2','','4.9.2',103,1.0,'rgaa30','org.asqatasun.rules.rgaa30.Rgaa30Rule040902','http://doc.asqatasun.org/en/90_Rules/rgaa3.0/04.Multimedia/Rule-4-9-2.html',358,NULL,3,NULL,1,''),(910,'Rgaa30-4-10-1','','4.10.1',104,1.0,'rgaa30','org.asqatasun.rules.rgaa30.Rgaa30Rule041001','http://doc.asqatasun.org/en/90_Rules/rgaa3.0/04.Multimedia/Rule-4-10-1.html',359,NULL,3,NULL,1,''),(911,'Rgaa30-4-10-2','','4.10.2',105,1.0,'rgaa30','org.asqatasun.rules.rgaa30.Rgaa30Rule041002','http://doc.asqatasun.org/en/90_Rules/rgaa3.0/04.Multimedia/Rule-4-10-2.html',359,NULL,3,NULL,1,''),(912,'Rgaa30-4-11-1','','4.11.1',106,1.0,'rgaa30','org.asqatasun.rules.rgaa30.Rgaa30Rule041101','http://doc.asqatasun.org/en/90_Rules/rgaa3.0/04.Multimedia/Rule-4-11-1.html',360,NULL,3,NULL,1,''),(913,'Rgaa30-4-11-2','','4.11.2',107,1.0,'rgaa30','org.asqatasun.rules.rgaa30.Rgaa30Rule041102','http://doc.asqatasun.org/en/90_Rules/rgaa3.0/04.Multimedia/Rule-4-11-2.html',360,NULL,3,NULL,1,''),(914,'Rgaa30-4-12-1','','4.12.1',108,1.0,'rgaa30','org.asqatasun.rules.rgaa30.Rgaa30Rule041201','http://doc.asqatasun.org/en/90_Rules/rgaa3.0/04.Multimedia/Rule-4-12-1.html',361,NULL,3,NULL,1,''),(915,'Rgaa30-4-12-2','','4.12.2',109,1.0,'rgaa30','org.asqatasun.rules.rgaa30.Rgaa30Rule041202','http://doc.asqatasun.org/en/90_Rules/rgaa3.0/04.Multimedia/Rule-4-12-2.html',361,NULL,3,NULL,1,''),(916,'Rgaa30-4-13-1','','4.13.1',110,1.0,'rgaa30','org.asqatasun.rules.rgaa30.Rgaa30Rule041301','http://doc.asqatasun.org/en/90_Rules/rgaa3.0/04.Multimedia/Rule-4-13-1.html',362,NULL,3,NULL,1,''),(917,'Rgaa30-4-13-2','','4.13.2',111,1.0,'rgaa30','org.asqatasun.rules.rgaa30.Rgaa30Rule041302','http://doc.asqatasun.org/en/90_Rules/rgaa3.0/04.Multimedia/Rule-4-13-2.html',362,NULL,3,NULL,1,''),(918,'Rgaa30-4-14-1','','4.14.1',112,1.0,'rgaa30','org.asqatasun.rules.rgaa30.Rgaa30Rule041401','http://doc.asqatasun.org/en/90_Rules/rgaa3.0/04.Multimedia/Rule-4-14-1.html',363,NULL,3,NULL,1,''),(919,'Rgaa30-4-14-2','','4.14.2',113,1.0,'rgaa30','org.asqatasun.rules.rgaa30.Rgaa30Rule041402','http://doc.asqatasun.org/en/90_Rules/rgaa3.0/04.Multimedia/Rule-4-14-2.html',363,NULL,3,NULL,1,''),(920,'Rgaa30-4-15-1','','4.15.1',114,1.0,'rgaa30','org.asqatasun.rules.rgaa30.Rgaa30Rule041501','http://doc.asqatasun.org/en/90_Rules/rgaa3.0/04.Multimedia/Rule-4-15-1.html',364,NULL,1,NULL,1,''),(921,'Rgaa30-4-15-2','','4.15.2',115,1.0,'rgaa30','org.asqatasun.rules.rgaa30.Rgaa30Rule041502','http://doc.asqatasun.org/en/90_Rules/rgaa3.0/04.Multimedia/Rule-4-15-2.html',364,NULL,1,NULL,1,''),(922,'Rgaa30-4-16-1','','4.16.1',116,1.0,'rgaa30','org.asqatasun.rules.rgaa30.Rgaa30Rule041601','http://doc.asqatasun.org/en/90_Rules/rgaa3.0/04.Multimedia/Rule-4-16-1.html',365,NULL,1,NULL,1,''),(923,'Rgaa30-4-16-2','','4.16.2',117,1.0,'rgaa30','org.asqatasun.rules.rgaa30.Rgaa30Rule041602','http://doc.asqatasun.org/en/90_Rules/rgaa3.0/04.Multimedia/Rule-4-16-2.html',365,NULL,1,NULL,1,''),(924,'Rgaa30-4-17-1','','4.17.1',118,1.0,'rgaa30','org.asqatasun.rules.rgaa30.Rgaa30Rule041701','http://doc.asqatasun.org/en/90_Rules/rgaa3.0/04.Multimedia/Rule-4-17-1.html',366,NULL,1,NULL,1,''),(925,'Rgaa30-4-18-1','','4.18.1',119,1.0,'rgaa30','org.asqatasun.rules.rgaa30.Rgaa30Rule041801','http://doc.asqatasun.org/en/90_Rules/rgaa3.0/04.Multimedia/Rule-4-18-1.html',367,NULL,1,NULL,1,''),(926,'Rgaa30-4-19-1','','4.19.1',120,1.0,'rgaa30','org.asqatasun.rules.rgaa30.Rgaa30Rule041901','http://doc.asqatasun.org/en/90_Rules/rgaa3.0/04.Multimedia/Rule-4-19-1.html',368,NULL,3,NULL,1,''),(927,'Rgaa30-4-20-1','','4.20.1',121,1.0,'rgaa30','org.asqatasun.rules.rgaa30.Rgaa30Rule042001','http://doc.asqatasun.org/en/90_Rules/rgaa3.0/04.Multimedia/Rule-4-20-1.html',369,NULL,1,NULL,1,''),(928,'Rgaa30-4-20-2','','4.20.2',122,1.0,'rgaa30','org.asqatasun.rules.rgaa30.Rgaa30Rule042002','http://doc.asqatasun.org/en/90_Rules/rgaa3.0/04.Multimedia/Rule-4-20-2.html',369,NULL,1,NULL,1,''),(929,'Rgaa30-4-20-3','','4.20.3',123,1.0,'rgaa30','org.asqatasun.rules.rgaa30.Rgaa30Rule042003','http://doc.asqatasun.org/en/90_Rules/rgaa3.0/04.Multimedia/Rule-4-20-3.html',369,NULL,1,NULL,1,''),(930,'Rgaa30-4-21-1','','4.21.1',124,1.0,'rgaa30','org.asqatasun.rules.rgaa30.Rgaa30Rule042101','http://doc.asqatasun.org/en/90_Rules/rgaa3.0/04.Multimedia/Rule-4-21-1.html',370,NULL,1,NULL,1,''),(931,'Rgaa30-4-21-2','','4.21.2',125,1.0,'rgaa30','org.asqatasun.rules.rgaa30.Rgaa30Rule042102','http://doc.asqatasun.org/en/90_Rules/rgaa3.0/04.Multimedia/Rule-4-21-2.html',370,NULL,1,NULL,1,''),(932,'Rgaa30-4-22-1','','4.22.1',126,1.0,'rgaa30','org.asqatasun.rules.rgaa30.Rgaa30Rule042201','http://doc.asqatasun.org/en/90_Rules/rgaa3.0/04.Multimedia/Rule-4-22-1.html',371,NULL,1,NULL,1,'\0'),(933,'Rgaa30-4-22-2','','4.22.2',127,1.0,'rgaa30','org.asqatasun.rules.rgaa30.Rgaa30Rule042202','http://doc.asqatasun.org/en/90_Rules/rgaa3.0/04.Multimedia/Rule-4-22-2.html',371,NULL,1,NULL,1,'\0'),(934,'Rgaa30-5-1-1','','5.1.1',128,1.0,'rgaa30','org.asqatasun.rules.rgaa30.Rgaa30Rule050101','http://doc.asqatasun.org/en/90_Rules/rgaa3.0/05.Tables/Rule-5-1-1.html',372,NULL,1,NULL,1,'\0'),(935,'Rgaa30-5-2-1','','5.2.1',129,1.0,'rgaa30','org.asqatasun.rules.rgaa30.Rgaa30Rule050201','http://doc.asqatasun.org/en/90_Rules/rgaa3.0/05.Tables/Rule-5-2-1.html',373,NULL,1,NULL,1,'\0'),(936,'Rgaa30-5-3-1','','5.3.1',130,1.0,'rgaa30','org.asqatasun.rules.rgaa30.Rgaa30Rule050301','http://doc.asqatasun.org/en/90_Rules/rgaa3.0/05.Tables/Rule-5-3-1.html',374,NULL,1,NULL,1,'\0'),(937,'Rgaa30-5-4-1','','5.4.1',131,1.0,'rgaa30','org.asqatasun.rules.rgaa30.Rgaa30Rule050401','http://doc.asqatasun.org/en/90_Rules/rgaa3.0/05.Tables/Rule-5-4-1.html',375,NULL,1,NULL,1,'\0'),(938,'Rgaa30-5-5-1','','5.5.1',132,1.0,'rgaa30','org.asqatasun.rules.rgaa30.Rgaa30Rule050501','http://doc.asqatasun.org/en/90_Rules/rgaa3.0/05.Tables/Rule-5-5-1.html',376,NULL,1,NULL,1,'\0'),(939,'Rgaa30-5-6-1','','5.6.1',133,1.0,'rgaa30','org.asqatasun.rules.rgaa30.Rgaa30Rule050601','http://doc.asqatasun.org/en/90_Rules/rgaa3.0/05.Tables/Rule-5-6-1.html',377,NULL,1,NULL,1,'\0'),(940,'Rgaa30-5-6-2','','5.6.2',134,1.0,'rgaa30','org.asqatasun.rules.rgaa30.Rgaa30Rule050602','http://doc.asqatasun.org/en/90_Rules/rgaa3.0/05.Tables/Rule-5-6-2.html',377,NULL,1,NULL,1,'\0'),(941,'Rgaa30-5-7-1','','5.7.1',135,1.0,'rgaa30','org.asqatasun.rules.rgaa30.Rgaa30Rule050701','http://doc.asqatasun.org/en/90_Rules/rgaa3.0/05.Tables/Rule-5-7-1.html',378,NULL,1,NULL,1,'\0'),(942,'Rgaa30-5-7-2','','5.7.2',136,1.0,'rgaa30','org.asqatasun.rules.rgaa30.Rgaa30Rule050702','http://doc.asqatasun.org/en/90_Rules/rgaa3.0/05.Tables/Rule-5-7-2.html',378,NULL,1,NULL,1,'\0'),(943,'Rgaa30-5-7-3','','5.7.3',137,1.0,'rgaa30','org.asqatasun.rules.rgaa30.Rgaa30Rule050703','http://doc.asqatasun.org/en/90_Rules/rgaa3.0/05.Tables/Rule-5-7-3.html',378,NULL,1,NULL,1,'\0'),(944,'Rgaa30-5-7-4','','5.7.4',138,1.0,'rgaa30','org.asqatasun.rules.rgaa30.Rgaa30Rule050704','http://doc.asqatasun.org/en/90_Rules/rgaa3.0/05.Tables/Rule-5-7-4.html',378,NULL,1,NULL,1,'\0'),(945,'Rgaa30-5-8-1','','5.8.1',139,1.0,'rgaa30','org.asqatasun.rules.rgaa30.Rgaa30Rule050801','http://doc.asqatasun.org/en/90_Rules/rgaa3.0/05.Tables/Rule-5-8-1.html',379,NULL,1,NULL,1,'\0'),(946,'Rgaa30-6-1-1','','6.1.1',140,1.0,'rgaa30','org.asqatasun.rules.rgaa30.Rgaa30Rule060101','http://doc.asqatasun.org/en/90_Rules/rgaa3.0/06.Links/Rule-6-1-1.html',380,NULL,1,NULL,1,'\0'),(947,'Rgaa30-6-1-2','','6.1.2',141,1.0,'rgaa30','org.asqatasun.rules.rgaa30.Rgaa30Rule060102','http://doc.asqatasun.org/en/90_Rules/rgaa3.0/06.Links/Rule-6-1-2.html',380,NULL,1,NULL,1,'\0'),(948,'Rgaa30-6-1-3','','6.1.3',142,1.0,'rgaa30','org.asqatasun.rules.rgaa30.Rgaa30Rule060103','http://doc.asqatasun.org/en/90_Rules/rgaa3.0/06.Links/Rule-6-1-3.html',380,NULL,1,NULL,1,'\0'),(949,'Rgaa30-6-1-4','','6.1.4',143,1.0,'rgaa30','org.asqatasun.rules.rgaa30.Rgaa30Rule060104','http://doc.asqatasun.org/en/90_Rules/rgaa3.0/06.Links/Rule-6-1-4.html',380,NULL,1,NULL,1,'\0'),(950,'Rgaa30-6-1-5','','6.1.5',144,1.0,'rgaa30','org.asqatasun.rules.rgaa30.Rgaa30Rule060105','http://doc.asqatasun.org/en/90_Rules/rgaa3.0/06.Links/Rule-6-1-5.html',380,NULL,1,NULL,1,'\0'),(951,'Rgaa30-6-2-1','','6.2.1',145,1.0,'rgaa30','org.asqatasun.rules.rgaa30.Rgaa30Rule060201','http://doc.asqatasun.org/en/90_Rules/rgaa3.0/06.Links/Rule-6-2-1.html',381,NULL,1,NULL,1,'\0'),(952,'Rgaa30-6-2-2','','6.2.2',146,1.0,'rgaa30','org.asqatasun.rules.rgaa30.Rgaa30Rule060202','http://doc.asqatasun.org/en/90_Rules/rgaa3.0/06.Links/Rule-6-2-2.html',381,NULL,1,NULL,1,'\0'),(953,'Rgaa30-6-2-3','','6.2.3',147,1.0,'rgaa30','org.asqatasun.rules.rgaa30.Rgaa30Rule060203','http://doc.asqatasun.org/en/90_Rules/rgaa3.0/06.Links/Rule-6-2-3.html',381,NULL,1,NULL,1,'\0'),(954,'Rgaa30-6-2-4','','6.2.4',148,1.0,'rgaa30','org.asqatasun.rules.rgaa30.Rgaa30Rule060204','http://doc.asqatasun.org/en/90_Rules/rgaa3.0/06.Links/Rule-6-2-4.html',381,NULL,1,NULL,1,'\0'),(955,'Rgaa30-6-2-5','','6.2.5',149,1.0,'rgaa30','org.asqatasun.rules.rgaa30.Rgaa30Rule060205','http://doc.asqatasun.org/en/90_Rules/rgaa3.0/06.Links/Rule-6-2-5.html',381,NULL,1,NULL,1,'\0'),(956,'Rgaa30-6-3-1','','6.3.1',150,1.0,'rgaa30','org.asqatasun.rules.rgaa30.Rgaa30Rule060301','http://doc.asqatasun.org/en/90_Rules/rgaa3.0/06.Links/Rule-6-3-1.html',382,NULL,3,NULL,1,'\0'),(957,'Rgaa30-6-3-2','','6.3.2',151,1.0,'rgaa30','org.asqatasun.rules.rgaa30.Rgaa30Rule060302','http://doc.asqatasun.org/en/90_Rules/rgaa3.0/06.Links/Rule-6-3-2.html',382,NULL,3,NULL,1,'\0'),(958,'Rgaa30-6-3-3','','6.3.3',152,1.0,'rgaa30','org.asqatasun.rules.rgaa30.Rgaa30Rule060303','http://doc.asqatasun.org/en/90_Rules/rgaa3.0/06.Links/Rule-6-3-3.html',382,NULL,3,NULL,1,'\0'),(959,'Rgaa30-6-3-4','','6.3.4',153,1.0,'rgaa30','org.asqatasun.rules.rgaa30.Rgaa30Rule060304','http://doc.asqatasun.org/en/90_Rules/rgaa3.0/06.Links/Rule-6-3-4.html',382,NULL,3,NULL,1,'\0'),(960,'Rgaa30-6-3-5','','6.3.5',154,1.0,'rgaa30','org.asqatasun.rules.rgaa30.Rgaa30Rule060305','http://doc.asqatasun.org/en/90_Rules/rgaa3.0/06.Links/Rule-6-3-5.html',382,NULL,3,NULL,1,'\0'),(961,'Rgaa30-6-4-1','','6.4.1',155,1.0,'rgaa30','org.asqatasun.rules.rgaa30.Rgaa30Rule060401','http://doc.asqatasun.org/en/90_Rules/rgaa3.0/06.Links/Rule-6-4-1.html',383,NULL,1,NULL,1,'\0'),(962,'Rgaa30-6-4-2','','6.4.2',156,1.0,'rgaa30','org.asqatasun.rules.rgaa30.Rgaa30Rule060402','http://doc.asqatasun.org/en/90_Rules/rgaa3.0/06.Links/Rule-6-4-2.html',383,NULL,1,NULL,1,'\0'),(963,'Rgaa30-6-4-3','','6.4.3',157,1.0,'rgaa30','org.asqatasun.rules.rgaa30.Rgaa30Rule060403','http://doc.asqatasun.org/en/90_Rules/rgaa3.0/06.Links/Rule-6-4-3.html',383,NULL,1,NULL,1,'\0'),(964,'Rgaa30-6-4-4','','6.4.4',158,1.0,'rgaa30','org.asqatasun.rules.rgaa30.Rgaa30Rule060404','http://doc.asqatasun.org/en/90_Rules/rgaa3.0/06.Links/Rule-6-4-4.html',383,NULL,1,NULL,1,'\0'),(965,'Rgaa30-6-4-5','','6.4.5',159,1.0,'rgaa30','org.asqatasun.rules.rgaa30.Rgaa30Rule060405','http://doc.asqatasun.org/en/90_Rules/rgaa3.0/06.Links/Rule-6-4-5.html',383,NULL,1,NULL,1,'\0'),(966,'Rgaa30-6-5-1','','6.5.1',160,1.0,'rgaa30','org.asqatasun.rules.rgaa30.Rgaa30Rule060501','http://doc.asqatasun.org/en/90_Rules/rgaa3.0/06.Links/Rule-6-5-1.html',384,NULL,1,NULL,1,'\0'),(967,'Rgaa30-7-1-1','','7.1.1',161,1.0,'rgaa30','org.asqatasun.rules.rgaa30.Rgaa30Rule070101','http://doc.asqatasun.org/en/90_Rules/rgaa3.0/07.Scripts/Rule-7-1-1.html',385,NULL,1,NULL,1,''),(968,'Rgaa30-7-1-2','','7.1.2',162,1.0,'rgaa30','org.asqatasun.rules.rgaa30.Rgaa30Rule070102','http://doc.asqatasun.org/en/90_Rules/rgaa3.0/07.Scripts/Rule-7-1-2.html',385,NULL,1,NULL,1,''),(969,'Rgaa30-7-1-3','','7.1.3',163,1.0,'rgaa30','org.asqatasun.rules.rgaa30.Rgaa30Rule070103','http://doc.asqatasun.org/en/90_Rules/rgaa3.0/07.Scripts/Rule-7-1-3.html',385,NULL,1,NULL,1,''),(970,'Rgaa30-7-1-4','','7.1.4',164,1.0,'rgaa30','org.asqatasun.rules.rgaa30.Rgaa30Rule070104','http://doc.asqatasun.org/en/90_Rules/rgaa3.0/07.Scripts/Rule-7-1-4.html',385,NULL,1,NULL,1,''),(971,'Rgaa30-7-1-5','','7.1.5',165,1.0,'rgaa30','org.asqatasun.rules.rgaa30.Rgaa30Rule070105','http://doc.asqatasun.org/en/90_Rules/rgaa3.0/07.Scripts/Rule-7-1-5.html',385,NULL,1,NULL,1,''),(972,'Rgaa30-7-1-6','','7.1.6',166,1.0,'rgaa30','org.asqatasun.rules.rgaa30.Rgaa30Rule070106','http://doc.asqatasun.org/en/90_Rules/rgaa3.0/07.Scripts/Rule-7-1-6.html',385,NULL,1,NULL,1,''),(973,'Rgaa30-7-2-1','','7.2.1',167,1.0,'rgaa30','org.asqatasun.rules.rgaa30.Rgaa30Rule070201','http://doc.asqatasun.org/en/90_Rules/rgaa3.0/07.Scripts/Rule-7-2-1.html',386,NULL,1,NULL,1,''),(974,'Rgaa30-7-2-2','','7.2.2',168,1.0,'rgaa30','org.asqatasun.rules.rgaa30.Rgaa30Rule070202','http://doc.asqatasun.org/en/90_Rules/rgaa3.0/07.Scripts/Rule-7-2-2.html',386,NULL,1,NULL,1,''),(975,'Rgaa30-7-3-1','','7.3.1',169,1.0,'rgaa30','org.asqatasun.rules.rgaa30.Rgaa30Rule070301','http://doc.asqatasun.org/en/90_Rules/rgaa3.0/07.Scripts/Rule-7-3-1.html',387,NULL,1,NULL,1,''),(976,'Rgaa30-7-3-2','','7.3.2',170,1.0,'rgaa30','org.asqatasun.rules.rgaa30.Rgaa30Rule070302','http://doc.asqatasun.org/en/90_Rules/rgaa3.0/07.Scripts/Rule-7-3-2.html',387,NULL,1,NULL,1,''),(977,'Rgaa30-7-3-3','','7.3.3',171,1.0,'rgaa30','org.asqatasun.rules.rgaa30.Rgaa30Rule070303','http://doc.asqatasun.org/en/90_Rules/rgaa3.0/07.Scripts/Rule-7-3-3.html',387,NULL,1,NULL,1,''),(978,'Rgaa30-7-3-4','','7.3.4',172,1.0,'rgaa30','org.asqatasun.rules.rgaa30.Rgaa30Rule070304','http://doc.asqatasun.org/en/90_Rules/rgaa3.0/07.Scripts/Rule-7-3-4.html',387,NULL,1,NULL,1,''),(979,'Rgaa30-7-4-1','','7.4.1',173,1.0,'rgaa30','org.asqatasun.rules.rgaa30.Rgaa30Rule070401','http://doc.asqatasun.org/en/90_Rules/rgaa3.0/07.Scripts/Rule-7-4-1.html',388,NULL,1,NULL,1,'\0'),(980,'Rgaa30-7-5-1','','7.5.1',174,1.0,'rgaa30','org.asqatasun.rules.rgaa30.Rgaa30Rule070501','http://doc.asqatasun.org/en/90_Rules/rgaa3.0/07.Scripts/Rule-7-5-1.html',389,NULL,3,NULL,1,''),(981,'Rgaa30-8-1-1','','8.1.1',175,1.0,'rgaa30','org.asqatasun.rules.rgaa30.Rgaa30Rule080101','http://doc.asqatasun.org/en/90_Rules/rgaa3.0/08.Mandatory_elements/Rule-8-1-1.html',390,NULL,1,NULL,1,'\0'),(982,'Rgaa30-8-1-2','','8.1.2',176,1.0,'rgaa30','org.asqatasun.rules.rgaa30.Rgaa30Rule080102','http://doc.asqatasun.org/en/90_Rules/rgaa3.0/08.Mandatory_elements/Rule-8-1-2.html',390,NULL,1,NULL,1,'\0'),(983,'Rgaa30-8-1-3','','8.1.3',177,1.0,'rgaa30','org.asqatasun.rules.rgaa30.Rgaa30Rule080103','http://doc.asqatasun.org/en/90_Rules/rgaa3.0/08.Mandatory_elements/Rule-8-1-3.html',390,NULL,1,NULL,1,'\0'),(984,'Rgaa30-8-2-1','','8.2.1',178,1.0,'rgaa30','org.asqatasun.rules.rgaa30.Rgaa30Rule080201','http://doc.asqatasun.org/en/90_Rules/rgaa3.0/08.Mandatory_elements/Rule-8-2-1.html',391,NULL,1,NULL,1,''),(985,'Rgaa30-8-2-2','','8.2.2',179,1.0,'rgaa30','org.asqatasun.rules.rgaa30.Rgaa30Rule080202','http://doc.asqatasun.org/en/90_Rules/rgaa3.0/08.Mandatory_elements/Rule-8-2-2.html',391,NULL,1,NULL,1,''),(986,'Rgaa30-8-3-1','','8.3.1',180,1.0,'rgaa30','org.asqatasun.rules.rgaa30.Rgaa30Rule080301','http://doc.asqatasun.org/en/90_Rules/rgaa3.0/08.Mandatory_elements/Rule-8-3-1.html',392,NULL,1,NULL,1,'\0'),(987,'Rgaa30-8-4-1','','8.4.1',181,1.0,'rgaa30','org.asqatasun.rules.rgaa30.Rgaa30Rule080401','http://doc.asqatasun.org/en/90_Rules/rgaa3.0/08.Mandatory_elements/Rule-8-4-1.html',393,NULL,1,NULL,1,'\0'),(988,'Rgaa30-8-5-1','','8.5.1',182,1.0,'rgaa30','org.asqatasun.rules.rgaa30.Rgaa30Rule080501','http://doc.asqatasun.org/en/90_Rules/rgaa3.0/08.Mandatory_elements/Rule-8-5-1.html',394,NULL,1,NULL,1,'\0'),(989,'Rgaa30-8-6-1','','8.6.1',183,1.0,'rgaa30','org.asqatasun.rules.rgaa30.Rgaa30Rule080601','http://doc.asqatasun.org/en/90_Rules/rgaa3.0/08.Mandatory_elements/Rule-8-6-1.html',395,NULL,1,NULL,1,'\0'),(990,'Rgaa30-8-7-1','','8.7.1',184,1.0,'rgaa30','org.asqatasun.rules.rgaa30.Rgaa30Rule080701','http://doc.asqatasun.org/en/90_Rules/rgaa3.0/08.Mandatory_elements/Rule-8-7-1.html',396,NULL,2,NULL,1,'\0'),(991,'Rgaa30-8-8-1','','8.8.1',185,1.0,'rgaa30','org.asqatasun.rules.rgaa30.Rgaa30Rule080801','http://doc.asqatasun.org/en/90_Rules/rgaa3.0/08.Mandatory_elements/Rule-8-8-1.html',397,NULL,2,NULL,1,'\0'),(992,'Rgaa30-8-8-2','','8.8.2',186,1.0,'rgaa30','org.asqatasun.rules.rgaa30.Rgaa30Rule080802','http://doc.asqatasun.org/en/90_Rules/rgaa3.0/08.Mandatory_elements/Rule-8-8-2.html',397,NULL,2,NULL,1,'\0'),(993,'Rgaa30-8-9-1','','8.9.1',187,1.0,'rgaa30','org.asqatasun.rules.rgaa30.Rgaa30Rule080901','http://doc.asqatasun.org/en/90_Rules/rgaa3.0/08.Mandatory_elements/Rule-8-9-1.html',398,NULL,1,NULL,1,'\0'),(994,'Rgaa30-8-10-1','','8.10.1',188,1.0,'rgaa30','org.asqatasun.rules.rgaa30.Rgaa30Rule081001','http://doc.asqatasun.org/en/90_Rules/rgaa3.0/08.Mandatory_elements/Rule-8-10-1.html',399,NULL,1,NULL,1,''),(995,'Rgaa30-9-1-1','','9.1.1',189,1.0,'rgaa30','org.asqatasun.rules.rgaa30.Rgaa30Rule090101','http://doc.asqatasun.org/en/90_Rules/rgaa3.0/09.Structure_of_information/Rule-9-1-1.html',400,NULL,1,NULL,1,'\0'),(996,'Rgaa30-9-1-2','','9.1.2',190,1.0,'rgaa30','org.asqatasun.rules.rgaa30.Rgaa30Rule090102','http://doc.asqatasun.org/en/90_Rules/rgaa3.0/09.Structure_of_information/Rule-9-1-2.html',400,NULL,1,NULL,1,'\0'),(997,'Rgaa30-9-1-3','','9.1.3',191,1.0,'rgaa30','org.asqatasun.rules.rgaa30.Rgaa30Rule090103','http://doc.asqatasun.org/en/90_Rules/rgaa3.0/09.Structure_of_information/Rule-9-1-3.html',400,NULL,1,NULL,1,''),(998,'Rgaa30-9-1-4','','9.1.4',192,1.0,'rgaa30','org.asqatasun.rules.rgaa30.Rgaa30Rule090104','http://doc.asqatasun.org/en/90_Rules/rgaa3.0/09.Structure_of_information/Rule-9-1-4.html',400,NULL,1,NULL,1,'\0'),(999,'Rgaa30-9-2-1','','9.2.1',193,1.0,'rgaa30','org.asqatasun.rules.rgaa30.Rgaa30Rule090201','http://doc.asqatasun.org/en/90_Rules/rgaa3.0/09.Structure_of_information/Rule-9-2-1.html',401,NULL,1,NULL,1,''),(1000,'Rgaa30-9-2-2','','9.2.2',194,1.0,'rgaa30','org.asqatasun.rules.rgaa30.Rgaa30Rule090202','http://doc.asqatasun.org/en/90_Rules/rgaa3.0/09.Structure_of_information/Rule-9-2-2.html',401,NULL,1,NULL,1,''),(1001,'Rgaa30-9-3-1','','9.3.1',195,1.0,'rgaa30','org.asqatasun.rules.rgaa30.Rgaa30Rule090301','http://doc.asqatasun.org/en/90_Rules/rgaa3.0/09.Structure_of_information/Rule-9-3-1.html',402,NULL,1,NULL,1,''),(1002,'Rgaa30-9-3-2','','9.3.2',196,1.0,'rgaa30','org.asqatasun.rules.rgaa30.Rgaa30Rule090302','http://doc.asqatasun.org/en/90_Rules/rgaa3.0/09.Structure_of_information/Rule-9-3-2.html',402,NULL,1,NULL,1,''),(1003,'Rgaa30-9-3-3','','9.3.3',197,1.0,'rgaa30','org.asqatasun.rules.rgaa30.Rgaa30Rule090303','http://doc.asqatasun.org/en/90_Rules/rgaa3.0/09.Structure_of_information/Rule-9-3-3.html',402,NULL,1,NULL,1,''),(1004,'Rgaa30-9-4-1','','9.4.1',198,1.0,'rgaa30','org.asqatasun.rules.rgaa30.Rgaa30Rule090401','http://doc.asqatasun.org/en/90_Rules/rgaa3.0/09.Structure_of_information/Rule-9-4-1.html',403,NULL,3,NULL,1,''),(1005,'Rgaa30-9-5-1','','9.5.1',199,1.0,'rgaa30','org.asqatasun.rules.rgaa30.Rgaa30Rule090501','http://doc.asqatasun.org/en/90_Rules/rgaa3.0/09.Structure_of_information/Rule-9-5-1.html',404,NULL,3,NULL,1,''),(1006,'Rgaa30-9-6-1','','9.6.1',200,1.0,'rgaa30','org.asqatasun.rules.rgaa30.Rgaa30Rule090601','http://doc.asqatasun.org/en/90_Rules/rgaa3.0/09.Structure_of_information/Rule-9-6-1.html',405,NULL,1,NULL,1,''),(1007,'Rgaa30-9-6-2','','9.6.2',201,1.0,'rgaa30','org.asqatasun.rules.rgaa30.Rgaa30Rule090602','http://doc.asqatasun.org/en/90_Rules/rgaa3.0/09.Structure_of_information/Rule-9-6-2.html',405,NULL,1,NULL,1,''),(1008,'Rgaa30-10-1-1','','10.1.1',202,1.0,'rgaa30','org.asqatasun.rules.rgaa30.Rgaa30Rule100101','http://doc.asqatasun.org/en/90_Rules/rgaa3.0/10.Presentation_of_information/Rule-10-1-1.html',406,NULL,1,NULL,1,'\0'),(1009,'Rgaa30-10-1-2','','10.1.2',203,1.0,'rgaa30','org.asqatasun.rules.rgaa30.Rgaa30Rule100102','http://doc.asqatasun.org/en/90_Rules/rgaa3.0/10.Presentation_of_information/Rule-10-1-2.html',406,NULL,1,NULL,1,'\0'),(1010,'Rgaa30-10-1-3','','10.1.3',204,1.0,'rgaa30','org.asqatasun.rules.rgaa30.Rgaa30Rule100103','http://doc.asqatasun.org/en/90_Rules/rgaa3.0/10.Presentation_of_information/Rule-10-1-3.html',406,NULL,1,NULL,1,''),(1011,'Rgaa30-10-2-1','','10.2.1',205,1.0,'rgaa30','org.asqatasun.rules.rgaa30.Rgaa30Rule100201','http://doc.asqatasun.org/en/90_Rules/rgaa3.0/10.Presentation_of_information/Rule-10-2-1.html',407,NULL,1,NULL,1,''),(1012,'Rgaa30-10-3-1','','10.3.1',206,1.0,'rgaa30','org.asqatasun.rules.rgaa30.Rgaa30Rule100301','http://doc.asqatasun.org/en/90_Rules/rgaa3.0/10.Presentation_of_information/Rule-10-3-1.html',408,NULL,1,NULL,1,''),(1013,'Rgaa30-10-4-1','','10.4.1',207,1.0,'rgaa30','org.asqatasun.rules.rgaa30.Rgaa30Rule100401','http://doc.asqatasun.org/en/90_Rules/rgaa3.0/10.Presentation_of_information/Rule-10-4-1.html',409,NULL,2,NULL,1,'\0'),(1014,'Rgaa30-10-4-2','','10.4.2',208,1.0,'rgaa30','org.asqatasun.rules.rgaa30.Rgaa30Rule100402','http://doc.asqatasun.org/en/90_Rules/rgaa3.0/10.Presentation_of_information/Rule-10-4-2.html',409,NULL,2,NULL,1,'\0'),(1015,'Rgaa30-10-4-3','','10.4.3',209,1.0,'rgaa30','org.asqatasun.rules.rgaa30.Rgaa30Rule100403','http://doc.asqatasun.org/en/90_Rules/rgaa3.0/10.Presentation_of_information/Rule-10-4-3.html',409,NULL,2,NULL,1,''),(1016,'Rgaa30-10-5-1','','10.5.1',210,1.0,'rgaa30','org.asqatasun.rules.rgaa30.Rgaa30Rule100501','http://doc.asqatasun.org/en/90_Rules/rgaa3.0/10.Presentation_of_information/Rule-10-5-1.html',410,NULL,2,NULL,1,''),(1017,'Rgaa30-10-5-2','','10.5.2',211,1.0,'rgaa30','org.asqatasun.rules.rgaa30.Rgaa30Rule100502','http://doc.asqatasun.org/en/90_Rules/rgaa3.0/10.Presentation_of_information/Rule-10-5-2.html',410,NULL,2,NULL,1,''),(1018,'Rgaa30-10-5-3','','10.5.3',212,1.0,'rgaa30','org.asqatasun.rules.rgaa30.Rgaa30Rule100503','http://doc.asqatasun.org/en/90_Rules/rgaa3.0/10.Presentation_of_information/Rule-10-5-3.html',410,NULL,2,NULL,1,''),(1019,'Rgaa30-10-6-1','','10.6.1',213,1.0,'rgaa30','org.asqatasun.rules.rgaa30.Rgaa30Rule100601','http://doc.asqatasun.org/en/90_Rules/rgaa3.0/10.Presentation_of_information/Rule-10-6-1.html',411,NULL,1,NULL,1,''),(1020,'Rgaa30-10-7-1','','10.7.1',214,1.0,'rgaa30','org.asqatasun.rules.rgaa30.Rgaa30Rule100701','http://doc.asqatasun.org/en/90_Rules/rgaa3.0/10.Presentation_of_information/Rule-10-7-1.html',412,NULL,1,NULL,1,'\0'),(1021,'Rgaa30-10-7-2','','10.7.2',215,1.0,'rgaa30','org.asqatasun.rules.rgaa30.Rgaa30Rule100702','http://doc.asqatasun.org/en/90_Rules/rgaa3.0/10.Presentation_of_information/Rule-10-7-2.html',412,NULL,1,NULL,1,''),(1022,'Rgaa30-10-7-3','','10.7.3',216,1.0,'rgaa30','org.asqatasun.rules.rgaa30.Rgaa30Rule100703','http://doc.asqatasun.org/en/90_Rules/rgaa3.0/10.Presentation_of_information/Rule-10-7-3.html',412,NULL,1,NULL,1,''),(1023,'Rgaa30-10-8-1','','10.8.1',217,1.0,'rgaa30','org.asqatasun.rules.rgaa30.Rgaa30Rule100801','http://doc.asqatasun.org/en/90_Rules/rgaa3.0/10.Presentation_of_information/Rule-10-8-1.html',413,NULL,3,NULL,1,''),(1024,'Rgaa30-10-8-2','','10.8.2',218,1.0,'rgaa30','org.asqatasun.rules.rgaa30.Rgaa30Rule100802','http://doc.asqatasun.org/en/90_Rules/rgaa3.0/10.Presentation_of_information/Rule-10-8-2.html',413,NULL,3,NULL,1,''),(1025,'Rgaa30-10-8-3','','10.8.3',219,1.0,'rgaa30','org.asqatasun.rules.rgaa30.Rgaa30Rule100803','http://doc.asqatasun.org/en/90_Rules/rgaa3.0/10.Presentation_of_information/Rule-10-8-3.html',413,NULL,3,NULL,1,'\0'),(1026,'Rgaa30-10-8-4','','10.8.4',220,1.0,'rgaa30','org.asqatasun.rules.rgaa30.Rgaa30Rule100804','http://doc.asqatasun.org/en/90_Rules/rgaa3.0/10.Presentation_of_information/Rule-10-8-4.html',413,NULL,3,NULL,1,'\0'),(1027,'Rgaa30-10-9-1','','10.9.1',221,1.0,'rgaa30','org.asqatasun.rules.rgaa30.Rgaa30Rule100901','http://doc.asqatasun.org/en/90_Rules/rgaa3.0/10.Presentation_of_information/Rule-10-9-1.html',414,NULL,3,NULL,1,''),(1028,'Rgaa30-10-10-1','','10.10.1',222,1.0,'rgaa30','org.asqatasun.rules.rgaa30.Rgaa30Rule101001','http://doc.asqatasun.org/en/90_Rules/rgaa3.0/10.Presentation_of_information/Rule-10-10-1.html',415,NULL,3,NULL,1,''),(1029,'Rgaa30-10-11-1','','10.11.1',223,1.0,'rgaa30','org.asqatasun.rules.rgaa30.Rgaa30Rule101101','http://doc.asqatasun.org/en/90_Rules/rgaa3.0/10.Presentation_of_information/Rule-10-11-1.html',416,NULL,3,NULL,1,''),(1030,'Rgaa30-10-12-1','','10.12.1',224,1.0,'rgaa30','org.asqatasun.rules.rgaa30.Rgaa30Rule101201','http://doc.asqatasun.org/en/90_Rules/rgaa3.0/10.Presentation_of_information/Rule-10-12-1.html',417,NULL,3,NULL,1,''),(1031,'Rgaa30-10-12-2','','10.12.2',225,1.0,'rgaa30','org.asqatasun.rules.rgaa30.Rgaa30Rule101202','http://doc.asqatasun.org/en/90_Rules/rgaa3.0/10.Presentation_of_information/Rule-10-12-2.html',417,NULL,3,NULL,1,''),(1032,'Rgaa30-10-13-1','','10.13.1',226,1.0,'rgaa30','org.asqatasun.rules.rgaa30.Rgaa30Rule101301','http://doc.asqatasun.org/en/90_Rules/rgaa3.0/10.Presentation_of_information/Rule-10-13-1.html',418,NULL,1,NULL,1,'\0'),(1033,'Rgaa30-10-13-2','','10.13.2',227,1.0,'rgaa30','org.asqatasun.rules.rgaa30.Rgaa30Rule101302','http://doc.asqatasun.org/en/90_Rules/rgaa3.0/10.Presentation_of_information/Rule-10-13-2.html',418,NULL,1,NULL,1,''),(1034,'Rgaa30-10-13-3','','10.13.3',228,1.0,'rgaa30','org.asqatasun.rules.rgaa30.Rgaa30Rule101303','http://doc.asqatasun.org/en/90_Rules/rgaa3.0/10.Presentation_of_information/Rule-10-13-3.html',418,NULL,1,NULL,1,''),(1035,'Rgaa30-10-14-1','','10.14.1',229,1.0,'rgaa30','org.asqatasun.rules.rgaa30.Rgaa30Rule101401','http://doc.asqatasun.org/en/90_Rules/rgaa3.0/10.Presentation_of_information/Rule-10-14-1.html',419,NULL,1,NULL,1,''),(1036,'Rgaa30-10-14-2','','10.14.2',230,1.0,'rgaa30','org.asqatasun.rules.rgaa30.Rgaa30Rule101402','http://doc.asqatasun.org/en/90_Rules/rgaa3.0/10.Presentation_of_information/Rule-10-14-2.html',419,NULL,1,NULL,1,''),(1037,'Rgaa30-10-14-3','','10.14.3',231,1.0,'rgaa30','org.asqatasun.rules.rgaa30.Rgaa30Rule101403','http://doc.asqatasun.org/en/90_Rules/rgaa3.0/10.Presentation_of_information/Rule-10-14-3.html',419,NULL,1,NULL,1,''),(1038,'Rgaa30-10-14-4','','10.14.4',232,1.0,'rgaa30','org.asqatasun.rules.rgaa30.Rgaa30Rule101404','http://doc.asqatasun.org/en/90_Rules/rgaa3.0/10.Presentation_of_information/Rule-10-14-4.html',419,NULL,1,NULL,1,''),(1039,'Rgaa30-10-15-1','','10.15.1',233,1.0,'rgaa30','org.asqatasun.rules.rgaa30.Rgaa30Rule101501','http://doc.asqatasun.org/en/90_Rules/rgaa3.0/10.Presentation_of_information/Rule-10-15-1.html',420,NULL,1,NULL,1,''),(1040,'Rgaa30-10-15-2','','10.15.2',234,1.0,'rgaa30','org.asqatasun.rules.rgaa30.Rgaa30Rule101502','http://doc.asqatasun.org/en/90_Rules/rgaa3.0/10.Presentation_of_information/Rule-10-15-2.html',420,NULL,1,NULL,1,''),(1041,'Rgaa30-10-15-3','','10.15.3',235,1.0,'rgaa30','org.asqatasun.rules.rgaa30.Rgaa30Rule101503','http://doc.asqatasun.org/en/90_Rules/rgaa3.0/10.Presentation_of_information/Rule-10-15-3.html',420,NULL,1,NULL,1,''),(1042,'Rgaa30-10-15-4','','10.15.4',236,1.0,'rgaa30','org.asqatasun.rules.rgaa30.Rgaa30Rule101504','http://doc.asqatasun.org/en/90_Rules/rgaa3.0/10.Presentation_of_information/Rule-10-15-4.html',420,NULL,1,NULL,1,''),(1043,'Rgaa30-11-1-1','','11.1.1',237,1.0,'rgaa30','org.asqatasun.rules.rgaa30.Rgaa30Rule110101','http://doc.asqatasun.org/en/90_Rules/rgaa3.0/11.Forms/Rule-11-1-1.html',421,NULL,1,NULL,1,'\0'),(1044,'Rgaa30-11-1-2','','11.1.2',238,1.0,'rgaa30','org.asqatasun.rules.rgaa30.Rgaa30Rule110102','http://doc.asqatasun.org/en/90_Rules/rgaa3.0/11.Forms/Rule-11-1-2.html',421,NULL,1,NULL,1,'\0'),(1045,'Rgaa30-11-1-3','','11.1.3',239,1.0,'rgaa30','org.asqatasun.rules.rgaa30.Rgaa30Rule110103','http://doc.asqatasun.org/en/90_Rules/rgaa3.0/11.Forms/Rule-11-1-3.html',421,NULL,1,NULL,1,'\0'),(1046,'Rgaa30-11-2-1','','11.2.1',240,1.0,'rgaa30','org.asqatasun.rules.rgaa30.Rgaa30Rule110201','http://doc.asqatasun.org/en/90_Rules/rgaa3.0/11.Forms/Rule-11-2-1.html',422,NULL,1,NULL,1,'\0'),(1047,'Rgaa30-11-2-2','','11.2.2',241,1.0,'rgaa30','org.asqatasun.rules.rgaa30.Rgaa30Rule110202','http://doc.asqatasun.org/en/90_Rules/rgaa3.0/11.Forms/Rule-11-2-2.html',422,NULL,1,NULL,1,'\0'),(1048,'Rgaa30-11-2-3','','11.2.3',242,1.0,'rgaa30','org.asqatasun.rules.rgaa30.Rgaa30Rule110203','http://doc.asqatasun.org/en/90_Rules/rgaa3.0/11.Forms/Rule-11-2-3.html',422,NULL,1,NULL,1,''),(1049,'Rgaa30-11-2-4','','11.2.4',243,1.0,'rgaa30','org.asqatasun.rules.rgaa30.Rgaa30Rule110204','http://doc.asqatasun.org/en/90_Rules/rgaa3.0/11.Forms/Rule-11-2-4.html',422,NULL,1,NULL,1,''),(1050,'Rgaa30-11-3-1','','11.3.1',244,1.0,'rgaa30','org.asqatasun.rules.rgaa30.Rgaa30Rule110301','http://doc.asqatasun.org/en/90_Rules/rgaa3.0/11.Forms/Rule-11-3-1.html',423,NULL,2,NULL,1,'\0'),(1051,'Rgaa30-11-3-2','','11.3.2',245,1.0,'rgaa30','org.asqatasun.rules.rgaa30.Rgaa30Rule110302','http://doc.asqatasun.org/en/90_Rules/rgaa3.0/11.Forms/Rule-11-3-2.html',423,NULL,2,NULL,1,'\0'),(1052,'Rgaa30-11-4-1','','11.4.1',246,1.0,'rgaa30','org.asqatasun.rules.rgaa30.Rgaa30Rule110401','http://doc.asqatasun.org/en/90_Rules/rgaa3.0/11.Forms/Rule-11-4-1.html',424,NULL,1,NULL,1,'\0'),(1053,'Rgaa30-11-5-1','','11.5.1',247,1.0,'rgaa30','org.asqatasun.rules.rgaa30.Rgaa30Rule110501','http://doc.asqatasun.org/en/90_Rules/rgaa3.0/11.Forms/Rule-11-5-1.html',425,NULL,1,NULL,1,'\0'),(1054,'Rgaa30-11-6-1','','11.6.1',248,1.0,'rgaa30','org.asqatasun.rules.rgaa30.Rgaa30Rule110601','http://doc.asqatasun.org/en/90_Rules/rgaa3.0/11.Forms/Rule-11-6-1.html',426,NULL,1,NULL,1,'\0'),(1055,'Rgaa30-11-7-1','','11.7.1',249,1.0,'rgaa30','org.asqatasun.rules.rgaa30.Rgaa30Rule110701','http://doc.asqatasun.org/en/90_Rules/rgaa3.0/11.Forms/Rule-11-7-1.html',427,NULL,1,NULL,1,'\0'),(1056,'Rgaa30-11-8-1','','11.8.1',250,1.0,'rgaa30','org.asqatasun.rules.rgaa30.Rgaa30Rule110801','http://doc.asqatasun.org/en/90_Rules/rgaa3.0/11.Forms/Rule-11-8-1.html',428,NULL,1,NULL,1,'\0'),(1057,'Rgaa30-11-8-2','','11.8.2',251,1.0,'rgaa30','org.asqatasun.rules.rgaa30.Rgaa30Rule110802','http://doc.asqatasun.org/en/90_Rules/rgaa3.0/11.Forms/Rule-11-8-2.html',428,NULL,1,NULL,1,'\0'),(1058,'Rgaa30-11-8-3','','11.8.3',252,1.0,'rgaa30','org.asqatasun.rules.rgaa30.Rgaa30Rule110803','http://doc.asqatasun.org/en/90_Rules/rgaa3.0/11.Forms/Rule-11-8-3.html',428,NULL,1,NULL,1,'\0'),(1059,'Rgaa30-11-9-1','','11.9.1',253,1.0,'rgaa30','org.asqatasun.rules.rgaa30.Rgaa30Rule110901','http://doc.asqatasun.org/en/90_Rules/rgaa3.0/11.Forms/Rule-11-9-1.html',429,NULL,1,NULL,1,'\0'),(1060,'Rgaa30-11-9-2','','11.9.2',254,1.0,'rgaa30','org.asqatasun.rules.rgaa30.Rgaa30Rule110902','http://doc.asqatasun.org/en/90_Rules/rgaa3.0/11.Forms/Rule-11-9-2.html',429,NULL,1,NULL,1,'\0'),(1061,'Rgaa30-11-10-1','','11.10.1',255,1.0,'rgaa30','org.asqatasun.rules.rgaa30.Rgaa30Rule111001','http://doc.asqatasun.org/en/90_Rules/rgaa3.0/11.Forms/Rule-11-10-1.html',430,NULL,1,NULL,1,'\0'),(1062,'Rgaa30-11-10-2','','11.10.2',256,1.0,'rgaa30','org.asqatasun.rules.rgaa30.Rgaa30Rule111002','http://doc.asqatasun.org/en/90_Rules/rgaa3.0/11.Forms/Rule-11-10-2.html',430,NULL,1,NULL,1,''),(1063,'Rgaa30-11-10-3','','11.10.3',257,1.0,'rgaa30','org.asqatasun.rules.rgaa30.Rgaa30Rule111003','http://doc.asqatasun.org/en/90_Rules/rgaa3.0/11.Forms/Rule-11-10-3.html',430,NULL,1,NULL,1,''),(1064,'Rgaa30-11-10-4','','11.10.4',258,1.0,'rgaa30','org.asqatasun.rules.rgaa30.Rgaa30Rule111004','http://doc.asqatasun.org/en/90_Rules/rgaa3.0/11.Forms/Rule-11-10-4.html',430,NULL,1,NULL,1,'\0'),(1065,'Rgaa30-11-10-5','','11.10.5',259,1.0,'rgaa30','org.asqatasun.rules.rgaa30.Rgaa30Rule111005','http://doc.asqatasun.org/en/90_Rules/rgaa3.0/11.Forms/Rule-11-10-5.html',430,NULL,1,NULL,1,''),(1066,'Rgaa30-11-10-6','','11.10.6',260,1.0,'rgaa30','org.asqatasun.rules.rgaa30.Rgaa30Rule111006','http://doc.asqatasun.org/en/90_Rules/rgaa3.0/11.Forms/Rule-11-10-6.html',430,NULL,1,NULL,1,''),(1067,'Rgaa30-11-10-7','','11.10.7',261,1.0,'rgaa30','org.asqatasun.rules.rgaa30.Rgaa30Rule111007','http://doc.asqatasun.org/en/90_Rules/rgaa3.0/11.Forms/Rule-11-10-7.html',430,NULL,1,NULL,1,'\0'),(1068,'Rgaa30-11-10-8','','11.10.8',262,1.0,'rgaa30','org.asqatasun.rules.rgaa30.Rgaa30Rule111008','http://doc.asqatasun.org/en/90_Rules/rgaa3.0/11.Forms/Rule-11-10-8.html',430,NULL,1,NULL,1,''),(1069,'Rgaa30-11-10-9','','11.10.9',263,1.0,'rgaa30','org.asqatasun.rules.rgaa30.Rgaa30Rule111009','http://doc.asqatasun.org/en/90_Rules/rgaa3.0/11.Forms/Rule-11-10-9.html',430,NULL,1,NULL,1,''),(1070,'Rgaa30-11-11-1','','11.11.1',264,1.0,'rgaa30','org.asqatasun.rules.rgaa30.Rgaa30Rule111101','http://doc.asqatasun.org/en/90_Rules/rgaa3.0/11.Forms/Rule-11-11-1.html',431,NULL,2,NULL,1,'\0'),(1071,'Rgaa30-11-11-2','','11.11.2',265,1.0,'rgaa30','org.asqatasun.rules.rgaa30.Rgaa30Rule111102','http://doc.asqatasun.org/en/90_Rules/rgaa3.0/11.Forms/Rule-11-11-2.html',431,NULL,2,NULL,1,'\0'),(1072,'Rgaa30-11-12-1','','11.12.1',266,1.0,'rgaa30','org.asqatasun.rules.rgaa30.Rgaa30Rule111201','http://doc.asqatasun.org/en/90_Rules/rgaa3.0/11.Forms/Rule-11-12-1.html',432,NULL,2,NULL,1,'\0'),(1073,'Rgaa30-11-12-2','','11.12.2',267,1.0,'rgaa30','org.asqatasun.rules.rgaa30.Rgaa30Rule111202','http://doc.asqatasun.org/en/90_Rules/rgaa3.0/11.Forms/Rule-11-12-2.html',432,NULL,2,NULL,1,'\0'),(1074,'Rgaa30-11-13-1','','11.13.1',268,1.0,'rgaa30','org.asqatasun.rules.rgaa30.Rgaa30Rule111301','http://doc.asqatasun.org/en/90_Rules/rgaa3.0/11.Forms/Rule-11-13-1.html',433,NULL,3,NULL,1,'\0'),(1075,'Rgaa30-11-13-2','','11.13.2',269,1.0,'rgaa30','org.asqatasun.rules.rgaa30.Rgaa30Rule111302','http://doc.asqatasun.org/en/90_Rules/rgaa3.0/11.Forms/Rule-11-13-2.html',433,NULL,3,NULL,1,'\0'),(1076,'Rgaa30-11-14-1','','11.14.1',270,1.0,'rgaa30','org.asqatasun.rules.rgaa30.Rgaa30Rule111401','http://doc.asqatasun.org/en/90_Rules/rgaa3.0/11.Forms/Rule-11-14-1.html',434,NULL,3,NULL,1,'\0'),(1077,'Rgaa30-11-14-2','','11.14.2',271,1.0,'rgaa30','org.asqatasun.rules.rgaa30.Rgaa30Rule111402','http://doc.asqatasun.org/en/90_Rules/rgaa3.0/11.Forms/Rule-11-14-2.html',434,NULL,3,NULL,1,''),(1078,'Rgaa30-11-14-3','','11.14.3',272,1.0,'rgaa30','org.asqatasun.rules.rgaa30.Rgaa30Rule111403','http://doc.asqatasun.org/en/90_Rules/rgaa3.0/11.Forms/Rule-11-14-3.html',434,NULL,3,NULL,1,''),(1079,'Rgaa30-11-14-4','','11.14.4',273,1.0,'rgaa30','org.asqatasun.rules.rgaa30.Rgaa30Rule111404','http://doc.asqatasun.org/en/90_Rules/rgaa3.0/11.Forms/Rule-11-14-4.html',434,NULL,3,NULL,1,'\0'),(1080,'Rgaa30-11-14-5','','11.14.5',274,1.0,'rgaa30','org.asqatasun.rules.rgaa30.Rgaa30Rule111405','http://doc.asqatasun.org/en/90_Rules/rgaa3.0/11.Forms/Rule-11-14-5.html',434,NULL,3,NULL,1,''),(1081,'Rgaa30-11-14-6','','11.14.6',275,1.0,'rgaa30','org.asqatasun.rules.rgaa30.Rgaa30Rule111406','http://doc.asqatasun.org/en/90_Rules/rgaa3.0/11.Forms/Rule-11-14-6.html',434,NULL,3,NULL,1,''),(1082,'Rgaa30-11-15-1','','11.15.1',276,1.0,'rgaa30','org.asqatasun.rules.rgaa30.Rgaa30Rule111501','http://doc.asqatasun.org/en/90_Rules/rgaa3.0/11.Forms/Rule-11-15-1.html',435,NULL,3,NULL,1,'\0'),(1083,'Rgaa30-12-1-1','','12.1.1',277,1.0,'rgaa30','org.asqatasun.rules.rgaa30.Rgaa30Rule120101','http://doc.asqatasun.org/en/90_Rules/rgaa3.0/12.Navigation/Rule-12-1-1.html',436,NULL,2,NULL,1,'\0'),(1084,'Rgaa30-12-2-1','','12.2.1',278,1.0,'rgaa30','org.asqatasun.rules.rgaa30.Rgaa30Rule120201','http://doc.asqatasun.org/en/90_Rules/rgaa3.0/12.Navigation/Rule-12-2-1.html',437,NULL,2,NULL,1,'\0'),(1085,'Rgaa30-12-2-2','','12.2.2',279,1.0,'rgaa30','org.asqatasun.rules.rgaa30.Rgaa30Rule120202','http://doc.asqatasun.org/en/90_Rules/rgaa3.0/12.Navigation/Rule-12-2-2.html',437,NULL,2,NULL,1,'\0'),(1086,'Rgaa30-12-3-1','','12.3.1',280,1.0,'rgaa30','org.asqatasun.rules.rgaa30.Rgaa30Rule120301','http://doc.asqatasun.org/en/90_Rules/rgaa3.0/12.Navigation/Rule-12-3-1.html',438,NULL,2,NULL,1,'\0'),(1087,'Rgaa30-12-3-2','','12.3.2',281,1.0,'rgaa30','org.asqatasun.rules.rgaa30.Rgaa30Rule120302','http://doc.asqatasun.org/en/90_Rules/rgaa3.0/12.Navigation/Rule-12-3-2.html',438,NULL,2,NULL,1,'\0'),(1088,'Rgaa30-12-4-1','','12.4.1',282,1.0,'rgaa30','org.asqatasun.rules.rgaa30.Rgaa30Rule120401','http://doc.asqatasun.org/en/90_Rules/rgaa3.0/12.Navigation/Rule-12-4-1.html',439,NULL,2,NULL,1,''),(1089,'Rgaa30-12-4-2','','12.4.2',283,1.0,'rgaa30','org.asqatasun.rules.rgaa30.Rgaa30Rule120402','http://doc.asqatasun.org/en/90_Rules/rgaa3.0/12.Navigation/Rule-12-4-2.html',439,NULL,2,NULL,1,''),(1090,'Rgaa30-12-4-3','','12.4.3',284,1.0,'rgaa30','org.asqatasun.rules.rgaa30.Rgaa30Rule120403','http://doc.asqatasun.org/en/90_Rules/rgaa3.0/12.Navigation/Rule-12-4-3.html',439,NULL,2,NULL,1,''),(1091,'Rgaa30-12-5-1','','12.5.1',285,1.0,'rgaa30','org.asqatasun.rules.rgaa30.Rgaa30Rule120501','http://doc.asqatasun.org/en/90_Rules/rgaa3.0/12.Navigation/Rule-12-5-1.html',440,NULL,2,NULL,1,'\0'),(1092,'Rgaa30-12-5-2','','12.5.2',286,1.0,'rgaa30','org.asqatasun.rules.rgaa30.Rgaa30Rule120502','http://doc.asqatasun.org/en/90_Rules/rgaa3.0/12.Navigation/Rule-12-5-2.html',440,NULL,2,NULL,1,'\0'),(1093,'Rgaa30-12-5-3','','12.5.3',287,1.0,'rgaa30','org.asqatasun.rules.rgaa30.Rgaa30Rule120503','http://doc.asqatasun.org/en/90_Rules/rgaa3.0/12.Navigation/Rule-12-5-3.html',440,NULL,2,NULL,1,'\0'),(1094,'Rgaa30-12-6-1','','12.6.1',288,1.0,'rgaa30','org.asqatasun.rules.rgaa30.Rgaa30Rule120601','http://doc.asqatasun.org/en/90_Rules/rgaa3.0/12.Navigation/Rule-12-6-1.html',441,NULL,2,NULL,1,'\0'),(1095,'Rgaa30-12-6-2','','12.6.2',289,1.0,'rgaa30','org.asqatasun.rules.rgaa30.Rgaa30Rule120602','http://doc.asqatasun.org/en/90_Rules/rgaa3.0/12.Navigation/Rule-12-6-2.html',441,NULL,2,NULL,1,'\0'),(1096,'Rgaa30-12-6-3','','12.6.3',290,1.0,'rgaa30','org.asqatasun.rules.rgaa30.Rgaa30Rule120603','http://doc.asqatasun.org/en/90_Rules/rgaa3.0/12.Navigation/Rule-12-6-3.html',441,NULL,2,NULL,1,'\0'),(1097,'Rgaa30-12-7-1','','12.7.1',291,1.0,'rgaa30','org.asqatasun.rules.rgaa30.Rgaa30Rule120701','http://doc.asqatasun.org/en/90_Rules/rgaa3.0/12.Navigation/Rule-12-7-1.html',442,NULL,2,NULL,1,'\0'),(1098,'Rgaa30-12-8-1','','12.8.1',292,1.0,'rgaa30','org.asqatasun.rules.rgaa30.Rgaa30Rule120801','http://doc.asqatasun.org/en/90_Rules/rgaa3.0/12.Navigation/Rule-12-8-1.html',443,NULL,3,NULL,1,''),(1099,'Rgaa30-12-9-1','','12.9.1',293,1.0,'rgaa30','org.asqatasun.rules.rgaa30.Rgaa30Rule120901','http://doc.asqatasun.org/en/90_Rules/rgaa3.0/12.Navigation/Rule-12-9-1.html',444,NULL,3,NULL,1,''),(1100,'Rgaa30-12-10-1','','12.10.1',294,1.0,'rgaa30','org.asqatasun.rules.rgaa30.Rgaa30Rule121001','http://doc.asqatasun.org/en/90_Rules/rgaa3.0/12.Navigation/Rule-12-10-1.html',445,NULL,1,NULL,1,''),(1101,'Rgaa30-12-10-2','','12.10.2',295,1.0,'rgaa30','org.asqatasun.rules.rgaa30.Rgaa30Rule121002','http://doc.asqatasun.org/en/90_Rules/rgaa3.0/12.Navigation/Rule-12-10-2.html',445,NULL,1,NULL,1,''),(1102,'Rgaa30-12-10-3','','12.10.3',296,1.0,'rgaa30','org.asqatasun.rules.rgaa30.Rgaa30Rule121003','http://doc.asqatasun.org/en/90_Rules/rgaa3.0/12.Navigation/Rule-12-10-3.html',445,NULL,1,NULL,1,''),(1103,'Rgaa30-12-10-4','','12.10.4',297,1.0,'rgaa30','org.asqatasun.rules.rgaa30.Rgaa30Rule121004','http://doc.asqatasun.org/en/90_Rules/rgaa3.0/12.Navigation/Rule-12-10-4.html',445,NULL,1,NULL,1,''),(1104,'Rgaa30-12-11-1','','12.11.1',298,1.0,'rgaa30','org.asqatasun.rules.rgaa30.Rgaa30Rule121101','http://doc.asqatasun.org/en/90_Rules/rgaa3.0/12.Navigation/Rule-12-11-1.html',446,NULL,1,NULL,1,''),(1105,'Rgaa30-12-11-2','','12.11.2',299,1.0,'rgaa30','org.asqatasun.rules.rgaa30.Rgaa30Rule121102','http://doc.asqatasun.org/en/90_Rules/rgaa3.0/12.Navigation/Rule-12-11-2.html',446,NULL,1,NULL,1,''),(1106,'Rgaa30-12-11-3','','12.11.3',300,1.0,'rgaa30','org.asqatasun.rules.rgaa30.Rgaa30Rule121103','http://doc.asqatasun.org/en/90_Rules/rgaa3.0/12.Navigation/Rule-12-11-3.html',446,NULL,1,NULL,1,''),(1107,'Rgaa30-12-11-4','','12.11.4',301,1.0,'rgaa30','org.asqatasun.rules.rgaa30.Rgaa30Rule121104','http://doc.asqatasun.org/en/90_Rules/rgaa3.0/12.Navigation/Rule-12-11-4.html',446,NULL,1,NULL,1,'\0'),(1108,'Rgaa30-12-12-1','','12.12.1',302,1.0,'rgaa30','org.asqatasun.rules.rgaa30.Rgaa30Rule121201','http://doc.asqatasun.org/en/90_Rules/rgaa3.0/12.Navigation/Rule-12-12-1.html',447,NULL,3,NULL,1,''),(1109,'Rgaa30-12-13-1','','12.13.1',303,1.0,'rgaa30','org.asqatasun.rules.rgaa30.Rgaa30Rule121301','http://doc.asqatasun.org/en/90_Rules/rgaa3.0/12.Navigation/Rule-12-13-1.html',448,NULL,1,NULL,1,''),(1110,'Rgaa30-12-13-2','','12.13.2',304,1.0,'rgaa30','org.asqatasun.rules.rgaa30.Rgaa30Rule121302','http://doc.asqatasun.org/en/90_Rules/rgaa3.0/12.Navigation/Rule-12-13-2.html',448,NULL,1,NULL,1,''),(1111,'Rgaa30-12-14-1','','12.14.1',305,1.0,'rgaa30','org.asqatasun.rules.rgaa30.Rgaa30Rule121401','http://doc.asqatasun.org/en/90_Rules/rgaa3.0/12.Navigation/Rule-12-14-1.html',449,NULL,1,NULL,1,''),(1112,'Rgaa30-13-1-1','','13.1.1',306,1.0,'rgaa30','org.asqatasun.rules.rgaa30.Rgaa30Rule130101','http://doc.asqatasun.org/en/90_Rules/rgaa3.0/13.Consultation/Rule-13-1-1.html',450,NULL,1,NULL,1,''),(1113,'Rgaa30-13-1-2','','13.1.2',307,1.0,'rgaa30','org.asqatasun.rules.rgaa30.Rgaa30Rule130102','http://doc.asqatasun.org/en/90_Rules/rgaa3.0/13.Consultation/Rule-13-1-2.html',450,NULL,1,NULL,1,'\0'),(1114,'Rgaa30-13-1-3','','13.1.3',308,1.0,'rgaa30','org.asqatasun.rules.rgaa30.Rgaa30Rule130103','http://doc.asqatasun.org/en/90_Rules/rgaa3.0/13.Consultation/Rule-13-1-3.html',450,NULL,1,NULL,1,''),(1115,'Rgaa30-13-1-4','','13.1.4',309,1.0,'rgaa30','org.asqatasun.rules.rgaa30.Rgaa30Rule130104','http://doc.asqatasun.org/en/90_Rules/rgaa3.0/13.Consultation/Rule-13-1-4.html',450,NULL,1,NULL,1,''),(1116,'Rgaa30-13-1-5','','13.1.5',310,1.0,'rgaa30','org.asqatasun.rules.rgaa30.Rgaa30Rule130105','http://doc.asqatasun.org/en/90_Rules/rgaa3.0/13.Consultation/Rule-13-1-5.html',450,NULL,1,NULL,1,''),(1117,'Rgaa30-13-2-1','','13.2.1',311,1.0,'rgaa30','org.asqatasun.rules.rgaa30.Rgaa30Rule130201','http://doc.asqatasun.org/en/90_Rules/rgaa3.0/13.Consultation/Rule-13-2-1.html',451,NULL,1,NULL,1,'\0'),(1118,'Rgaa30-13-2-2','','13.2.2',312,1.0,'rgaa30','org.asqatasun.rules.rgaa30.Rgaa30Rule130202','http://doc.asqatasun.org/en/90_Rules/rgaa3.0/13.Consultation/Rule-13-2-2.html',451,NULL,1,NULL,1,'\0'),(1119,'Rgaa30-13-2-3','','13.2.3',313,1.0,'rgaa30','org.asqatasun.rules.rgaa30.Rgaa30Rule130203','http://doc.asqatasun.org/en/90_Rules/rgaa3.0/13.Consultation/Rule-13-2-3.html',451,NULL,1,NULL,1,'\0'),(1120,'Rgaa30-13-3-1','','13.3.1',314,1.0,'rgaa30','org.asqatasun.rules.rgaa30.Rgaa30Rule130301','http://doc.asqatasun.org/en/90_Rules/rgaa3.0/13.Consultation/Rule-13-3-1.html',452,NULL,1,NULL,1,''),(1121,'Rgaa30-13-4-1','','13.4.1',315,1.0,'rgaa30','org.asqatasun.rules.rgaa30.Rgaa30Rule130401','http://doc.asqatasun.org/en/90_Rules/rgaa3.0/13.Consultation/Rule-13-4-1.html',453,NULL,3,NULL,1,''),(1122,'Rgaa30-13-5-1','','13.5.1',316,1.0,'rgaa30','org.asqatasun.rules.rgaa30.Rgaa30Rule130501','http://doc.asqatasun.org/en/90_Rules/rgaa3.0/13.Consultation/Rule-13-5-1.html',454,NULL,3,NULL,1,''),(1123,'Rgaa30-13-6-1','','13.6.1',317,1.0,'rgaa30','org.asqatasun.rules.rgaa30.Rgaa30Rule130601','http://doc.asqatasun.org/en/90_Rules/rgaa3.0/13.Consultation/Rule-13-6-1.html',455,NULL,1,NULL,1,'\0'),(1124,'Rgaa30-13-6-2','','13.6.2',318,1.0,'rgaa30','org.asqatasun.rules.rgaa30.Rgaa30Rule130602','http://doc.asqatasun.org/en/90_Rules/rgaa3.0/13.Consultation/Rule-13-6-2.html',455,NULL,1,NULL,1,'\0'),(1125,'Rgaa30-13-6-3','','13.6.3',319,1.0,'rgaa30','org.asqatasun.rules.rgaa30.Rgaa30Rule130603','http://doc.asqatasun.org/en/90_Rules/rgaa3.0/13.Consultation/Rule-13-6-3.html',455,NULL,1,NULL,1,'\0'),(1126,'Rgaa30-13-7-1','','13.7.1',320,1.0,'rgaa30','org.asqatasun.rules.rgaa30.Rgaa30Rule130701','http://doc.asqatasun.org/en/90_Rules/rgaa3.0/13.Consultation/Rule-13-7-1.html',456,NULL,1,NULL,1,'\0'),(1127,'Rgaa30-13-8-1','','13.8.1',321,1.0,'rgaa30','org.asqatasun.rules.rgaa30.Rgaa30Rule130801','http://doc.asqatasun.org/en/90_Rules/rgaa3.0/13.Consultation/Rule-13-8-1.html',457,NULL,1,NULL,1,''),(1128,'Rgaa30-13-9-1','','13.9.1',322,1.0,'rgaa30','org.asqatasun.rules.rgaa30.Rgaa30Rule130901','http://doc.asqatasun.org/en/90_Rules/rgaa3.0/13.Consultation/Rule-13-9-1.html',458,NULL,3,NULL,1,''),(1129,'Rgaa30-13-10-1','','13.10.1',322,1.0,'rgaa30','org.asqatasun.rules.rgaa30.Rgaa30Rule131001','http://doc.asqatasun.org/en/90_Rules/rgaa3.0/13.Consultation/Rule-13-10-1.html',459,NULL,3,NULL,1,''),(1130,'Rgaa30-13-11-1','','13.11.1',324,1.0,'rgaa30','org.asqatasun.rules.rgaa30.Rgaa30Rule131101','http://doc.asqatasun.org/en/90_Rules/rgaa3.0/13.Consultation/Rule-13-11-1.html',460,NULL,1,NULL,1,''),(1131,'Rgaa30-13-12-1','','13.12.1',325,1.0,'rgaa30','org.asqatasun.rules.rgaa30.Rgaa30Rule131201','http://doc.asqatasun.org/en/90_Rules/rgaa3.0/13.Consultation/Rule-13-12-1.html',461,NULL,1,NULL,1,''),(1132,'Rgaa30-13-13-1','','13.13.1',326,1.0,'rgaa30','org.asqatasun.rules.rgaa30.Rgaa30Rule131301','http://doc.asqatasun.org/en/90_Rules/rgaa3.0/13.Consultation/Rule-13-13-1.html',462,NULL,3,NULL,1,''),(1133,'Rgaa30-13-14-1','','13.14.1',327,1.0,'rgaa30','org.asqatasun.rules.rgaa30.Rgaa30Rule131401','http://doc.asqatasun.org/en/90_Rules/rgaa3.0/13.Consultation/Rule-13-14-1.html',463,NULL,3,NULL,1,''),(1134,'Rgaa30-13-15-1','','13.15.1',328,1.0,'rgaa30','org.asqatasun.rules.rgaa30.Rgaa30Rule131501','http://doc.asqatasun.org/en/90_Rules/rgaa3.0/13.Consultation/Rule-13-15-1.html',464,NULL,1,NULL,1,''),(1135,'Rgaa30-13-15-2','','13.15.2',329,1.0,'rgaa30','org.asqatasun.rules.rgaa30.Rgaa30Rule131502','http://doc.asqatasun.org/en/90_Rules/rgaa3.0/13.Consultation/Rule-13-15-2.html',464,NULL,1,NULL,1,''),(1136,'Rgaa30-13-15-3','','13.15.3',330,1.0,'rgaa30','org.asqatasun.rules.rgaa30.Rgaa30Rule131503','http://doc.asqatasun.org/en/90_Rules/rgaa3.0/13.Consultation/Rule-13-15-3.html',464,NULL,1,NULL,1,''),(1137,'Rgaa30-13-16-1','','13.16.1',331,1.0,'rgaa30','org.asqatasun.rules.rgaa30.Rgaa30Rule131601','http://doc.asqatasun.org/en/90_Rules/rgaa3.0/13.Consultation/Rule-13-16-1.html',465,NULL,3,NULL,1,''),(1138,'Rgaa30-13-16-2','','13.16.2',332,1.0,'rgaa30','org.asqatasun.rules.rgaa30.Rgaa30Rule131602','http://doc.asqatasun.org/en/90_Rules/rgaa3.0/13.Consultation/Rule-13-16-2.html',465,NULL,3,NULL,1,''),(1139,'Rgaa30-13-16-3','','13.16.3',333,1.0,'rgaa30','org.asqatasun.rules.rgaa30.Rgaa30Rule131603','http://doc.asqatasun.org/en/90_Rules/rgaa3.0/13.Consultation/Rule-13-16-3.html',465,NULL,3,NULL,1,''),(1140,'Rgaa30-13-17-1','','13.17.1',334,1.0,'rgaa30','org.asqatasun.rules.rgaa30.Rgaa30Rule131701','http://doc.asqatasun.org/en/90_Rules/rgaa3.0/13.Consultation/Rule-13-17-1.html',466,NULL,1,NULL,1,''),(1141,'Rgaa30-13-17-2','','13.17.2',335,1.0,'rgaa30','org.asqatasun.rules.rgaa30.Rgaa30Rule131702','http://doc.asqatasun.org/en/90_Rules/rgaa3.0/13.Consultation/Rule-13-17-2.html',466,NULL,1,NULL,1,''),(1142,'Seo-01011','','1.1.1',10001011,1.0,'seo','org.asqatasun.rules.seo.SeoRule01011',NULL,467,NULL,1,NULL,1,'\0'),(1143,'Seo-01012','','1.1.2',10001012,1.0,'seo','org.asqatasun.rules.seo.SeoRule01012',NULL,467,NULL,1,NULL,1,'\0'),(1144,'Seo-01013','','1.1.3',10001013,1.0,'seo','org.asqatasun.rules.seo.SeoRule01013',NULL,467,NULL,1,NULL,1,'\0'),(1145,'Seo-01021','','1.2.1',10001021,1.0,'seo','org.asqatasun.rules.seo.SeoRule01021',NULL,468,NULL,1,NULL,3,'\0'),(1146,'Seo-01031','','1.3.1',10001031,1.0,'seo','org.asqatasun.rules.seo.SeoRule01031',NULL,469,NULL,2,NULL,1,'\0'),(1147,'Seo-01041','','1.4.1',10001041,1.0,'seo','org.asqatasun.rules.seo.SeoRule01041',NULL,470,NULL,1,NULL,3,'\0'),(1148,'Seo-01051','','1.5.1',10001051,1.0,'seo','org.asqatasun.rules.seo.SeoRule01051',NULL,471,NULL,3,NULL,2,'\0'),(1149,'Seo-01061','','1.6.1',10001061,1.0,'seo','org.asqatasun.rules.seo.SeoRule01061',NULL,484,NULL,3,NULL,2,'\0'),(1150,'Seo-02011','','2.1.1',10002011,1.0,'seo','org.asqatasun.rules.seo.SeoRule02011',NULL,472,NULL,2,NULL,1,'\0'),(1151,'Seo-02012','','2.1.2',10002012,1.0,'seo','org.asqatasun.rules.seo.SeoRule02012',NULL,472,NULL,2,NULL,1,'\0'),(1152,'Seo-02013','','2.1.3',10002013,1.0,'seo','org.asqatasun.rules.seo.SeoRule02013',NULL,472,NULL,2,NULL,1,'\0'),(1153,'Seo-03011','','3.1.1',10003011,1.0,'seo','org.asqatasun.rules.seo.SeoRule03011',NULL,473,NULL,3,NULL,1,'\0'),(1154,'Seo-03012','','3.1.2',10003012,1.0,'seo','org.asqatasun.rules.seo.SeoRule03012',NULL,473,NULL,3,NULL,1,'\0'),(1155,'Seo-05011','','4.1.1',10005011,1.0,'seo','org.asqatasun.rules.seo.SeoRule05011',NULL,474,NULL,1,NULL,1,'\0'),(1156,'Seo-05012','','4.1.2',10005012,1.0,'seo','org.asqatasun.rules.seo.SeoRule05012',NULL,474,NULL,1,NULL,1,'\0'),(1157,'Seo-05013','','4.1.3',10005013,1.0,'seo','org.asqatasun.rules.seo.SeoRule05013',NULL,474,NULL,1,NULL,1,'\0'),(1158,'Seo-06011','','5.1.1',10006011,1.0,'seo','org.asqatasun.rules.seo.SeoRule06011',NULL,475,NULL,1,NULL,1,'\0'),(1159,'Seo-06021','','5.2.1',10006021,1.0,'seo','org.asqatasun.rules.seo.SeoRule06021',NULL,476,NULL,1,NULL,1,'\0'),(1160,'Seo-06031','','5.3.1',10006031,1.0,'seo','org.asqatasun.rules.seo.SeoRule06031',NULL,477,NULL,2,NULL,1,'\0'),(1161,'Seo-06041','','5.4.1',10006041,1.0,'seo','org.asqatasun.rules.seo.SeoRule06041',NULL,478,NULL,1,NULL,3,'\0'),(1162,'Seo-06051','','5.5.1',10006051,1.0,'seo','org.asqatasun.rules.seo.SeoRule06051',NULL,479,NULL,3,NULL,1,'\0'),(1163,'Seo-06052','','5.5.2',10006052,1.0,'seo','org.asqatasun.rules.seo.SeoRule06052',NULL,479,NULL,3,NULL,1,'\0'),(1164,'Seo-07011','','6.1.1',10007011,1.0,'seo','org.asqatasun.rules.seo.SeoRule07011',NULL,480,NULL,1,NULL,1,'\0'),(1165,'Seo-07012','','6.1.2',10007012,1.0,'seo','org.asqatasun.rules.seo.SeoRule07012',NULL,480,NULL,1,NULL,1,'\0'),(1166,'Seo-07021','','6.2.1',10007021,1.0,'seo','org.asqatasun.rules.seo.SeoRule07021',NULL,481,NULL,2,NULL,1,'\0'),(1167,'Seo-07051','','6.5.1',10007051,1.0,'seo','org.asqatasun.rules.seo.SeoRule07051',NULL,482,NULL,2,NULL,1,'\0'),(1168,'Seo-07061','','6.6.1',10007061,1.0,'seo','org.asqatasun.rules.seo.SeoRule07061',NULL,483,NULL,1,NULL,3,'\0'),(1169,'Seo-08011','','7.1.1',10008011,1.0,'seo','org.asqatasun.rules.seo.SeoRule08011',NULL,485,NULL,3,NULL,1,'\0'),(1170,'Seo-07013','','6.1.3',10007013,1.0,'seo','org.asqatasun.rules.seo.SeoRule07013',NULL,480,NULL,1,NULL,1,'\0'),(1171,'Seo-01071','','1.7.1',10001071,1.0,'seo','org.asqatasun.rules.seo.SeoRule01071',NULL,486,NULL,2,NULL,1,'\0'),(1172,'Seo-01081','','1.8.1',10001081,1.0,'seo','org.asqatasun.rules.seo.SeoRule01081',NULL,487,NULL,3,NULL,1,'\0');
/*!40000 ALTER TABLE `TEST` ENABLE KEYS */;
UNLOCK TABLES;

--
-- Table structure for table `TEST_STATISTICS`
--

DROP TABLE IF EXISTS `TEST_STATISTICS`;
/*!40101 SET @saved_cs_client     = @@character_set_client */;
/*!40101 SET character_set_client = utf8 */;
CREATE TABLE `TEST_STATISTICS` (
  `Id_Test_Statistics` bigint(20) NOT NULL AUTO_INCREMENT,
  `Nb_Passed` int(11) DEFAULT NULL,
  `Nb_Failed` int(11) DEFAULT NULL,
  `Nb_Nmi` int(11) DEFAULT NULL,
  `Nb_Na` int(11) DEFAULT NULL,
  `Nb_Suspected` int(11) DEFAULT NULL,
  `Nb_Detected` int(11) DEFAULT NULL,
  `Nb_Not_Tested` int(11) DEFAULT NULL,
  `Id_Test` bigint(20) DEFAULT NULL,
  `Id_Web_Resource_Statistics` bigint(20) DEFAULT NULL,
  PRIMARY KEY (`Id_Test_Statistics`),
  KEY `fk_THEME_STATISTICS_THEME` (`Id_Test`),
  KEY `fk_THEME_STATISTICS_WEB_RESOURCE_STATISTICS` (`Id_Web_Resource_Statistics`),
  CONSTRAINT `fk_TEST_STATISTICS_TEST` FOREIGN KEY (`Id_Test`) REFERENCES `TEST` (`Id_Test`) ON DELETE CASCADE ON UPDATE NO ACTION,
  CONSTRAINT `fk_TEST_STATISTICS_WEB_RESOURCE_STATISTICS` FOREIGN KEY (`Id_Web_Resource_Statistics`) REFERENCES `WEB_RESOURCE_STATISTICS` (`Id_Web_Resource_Statistics`) ON DELETE CASCADE ON UPDATE NO ACTION
) ENGINE=InnoDB DEFAULT CHARSET=utf8;
/*!40101 SET character_set_client = @saved_cs_client */;

--
-- Dumping data for table `TEST_STATISTICS`
--

LOCK TABLES `TEST_STATISTICS` WRITE;
/*!40000 ALTER TABLE `TEST_STATISTICS` DISABLE KEYS */;
/*!40000 ALTER TABLE `TEST_STATISTICS` ENABLE KEYS */;
UNLOCK TABLES;

--
-- Table structure for table `TGSI_ACT`
--

DROP TABLE IF EXISTS `TGSI_ACT`;
/*!40101 SET @saved_cs_client     = @@character_set_client */;
/*!40101 SET character_set_client = utf8 */;
CREATE TABLE `TGSI_ACT` (
  `Id_Act` bigint(20) NOT NULL AUTO_INCREMENT,
  `Begin_Date` datetime NOT NULL,
  `End_Date` datetime DEFAULT NULL,
  `Status` varchar(255) NOT NULL,
  `CONTRACT_Id_Contract` bigint(20) NOT NULL,
  `SCOPE_Id_Scope` bigint(20) NOT NULL,
  `Client_Ip` varchar(16) NOT NULL DEFAULT '0.0.0.0',
  PRIMARY KEY (`Id_Act`),
  KEY `INDEX_TGSI_ACT_SCOPE_Id_Scope` (`SCOPE_Id_Scope`),
  KEY `INDEX_TGSI_ACT_CONTRACT_Id_Contract` (`CONTRACT_Id_Contract`),
  CONSTRAINT `FK_TGSI_ACT_TGSI_CONTRACT` FOREIGN KEY (`CONTRACT_Id_Contract`) REFERENCES `TGSI_CONTRACT` (`Id_Contract`) ON DELETE CASCADE ON UPDATE NO ACTION,
  CONSTRAINT `FK_TGSI_ACT_TGSI_SCOPE` FOREIGN KEY (`SCOPE_Id_Scope`) REFERENCES `TGSI_SCOPE` (`Id_Scope`) ON DELETE NO ACTION ON UPDATE NO ACTION
) ENGINE=InnoDB DEFAULT CHARSET=utf8;
/*!40101 SET character_set_client = @saved_cs_client */;

--
-- Dumping data for table `TGSI_ACT`
--

LOCK TABLES `TGSI_ACT` WRITE;
/*!40000 ALTER TABLE `TGSI_ACT` DISABLE KEYS */;
/*!40000 ALTER TABLE `TGSI_ACT` ENABLE KEYS */;
UNLOCK TABLES;

--
-- Table structure for table `TGSI_ACT_AUDIT`
--

DROP TABLE IF EXISTS `TGSI_ACT_AUDIT`;
/*!40101 SET @saved_cs_client     = @@character_set_client */;
/*!40101 SET character_set_client = utf8 */;
CREATE TABLE `TGSI_ACT_AUDIT` (
  `ACT_Id_Act` bigint(20) NOT NULL,
  `AUDIT_Id_Audit` bigint(20) NOT NULL,
  UNIQUE KEY `INDEX_UNIQUE_PAIR` (`ACT_Id_Act`,`AUDIT_Id_Audit`),
  KEY `INDEX_TGSI_ACT_AUDIT_ACT_Id_Act` (`ACT_Id_Act`),
  KEY `INDEX_TGSI_ACT_AUDIT_AUDIT_Id_Audit` (`AUDIT_Id_Audit`),
  CONSTRAINT `FK_TGSI_ACT_AUDIT_TGSI_ACT` FOREIGN KEY (`ACT_Id_Act`) REFERENCES `TGSI_ACT` (`Id_Act`) ON DELETE CASCADE ON UPDATE NO ACTION,
  CONSTRAINT `FK_TGSI_ACT_AUDIT_AUDIT` FOREIGN KEY (`AUDIT_Id_Audit`) REFERENCES `AUDIT` (`Id_Audit`) ON DELETE CASCADE ON UPDATE NO ACTION
) ENGINE=InnoDB DEFAULT CHARSET=utf8;
/*!40101 SET character_set_client = @saved_cs_client */;

--
-- Dumping data for table `TGSI_ACT_AUDIT`
--

LOCK TABLES `TGSI_ACT_AUDIT` WRITE;
/*!40000 ALTER TABLE `TGSI_ACT_AUDIT` DISABLE KEYS */;
/*!40000 ALTER TABLE `TGSI_ACT_AUDIT` ENABLE KEYS */;
UNLOCK TABLES;

--
-- Table structure for table `TGSI_CONTRACT`
--

DROP TABLE IF EXISTS `TGSI_CONTRACT`;
/*!40101 SET @saved_cs_client     = @@character_set_client */;
/*!40101 SET character_set_client = utf8 */;
CREATE TABLE `TGSI_CONTRACT` (
  `Id_Contract` bigint(20) NOT NULL AUTO_INCREMENT,
  `Label` varchar(255) NOT NULL,
  `Begin_Date` datetime NOT NULL,
  `End_Date` datetime NOT NULL,
  `Renewal_Date` datetime DEFAULT NULL,
  `Price` float unsigned zerofill DEFAULT NULL,
  `USER_Id_User` bigint(20) NOT NULL,
  PRIMARY KEY (`Id_Contract`),
  KEY `FK_TGSI_CONTRACT_TGSI_USER` (`USER_Id_User`),
  CONSTRAINT `FK_TGSI_CONTRACT_TGSI_USER` FOREIGN KEY (`USER_Id_User`) REFERENCES `TGSI_USER` (`Id_User`) ON DELETE CASCADE ON UPDATE NO ACTION
) ENGINE=InnoDB AUTO_INCREMENT=4 DEFAULT CHARSET=utf8;
/*!40101 SET character_set_client = @saved_cs_client */;

--
-- Dumping data for table `TGSI_CONTRACT`
--

LOCK TABLES `TGSI_CONTRACT` WRITE;
/*!40000 ALTER TABLE `TGSI_CONTRACT` DISABLE KEYS */;
INSERT INTO `TGSI_CONTRACT` VALUES (1,'Wikipedia A11Y RGAA-3','2019-01-26 00:00:00','2020-01-26 00:00:00',NULL,NULL,1),(2,'Wikipedia SEO','2019-01-26 00:00:00','2020-01-26 00:00:00',NULL,NULL,1),(3,'Openbar A11Y RGAA-3','2019-01-26 00:00:00','2020-01-26 00:00:00',NULL,NULL,1);
/*!40000 ALTER TABLE `TGSI_CONTRACT` ENABLE KEYS */;
UNLOCK TABLES;

--
-- Table structure for table `TGSI_CONTRACT_FUNCTIONALITY`
--

DROP TABLE IF EXISTS `TGSI_CONTRACT_FUNCTIONALITY`;
/*!40101 SET @saved_cs_client     = @@character_set_client */;
/*!40101 SET character_set_client = utf8 */;
CREATE TABLE `TGSI_CONTRACT_FUNCTIONALITY` (
  `CONTRACT_Id_Contract` bigint(20) NOT NULL,
  `FUNCTIONALITY_Id_Functionality` bigint(20) NOT NULL,
  UNIQUE KEY `INDEX_UNIQUE_PAIR` (`FUNCTIONALITY_Id_Functionality`,`CONTRACT_Id_Contract`),
  KEY `INDEX_TGSI_CONTRACT_FUNCTIONALITY_CONTRACT_Id_Contract` (`CONTRACT_Id_Contract`),
  KEY `INDEX_TGSI_CONTRACT_FUNCTIONALITY_FUNCTIONALITY_Id_Functionality` (`FUNCTIONALITY_Id_Functionality`),
  CONSTRAINT `FK_TGSI_CONTRACT_FUNCTIONALITY_TGSI_CONTRACT` FOREIGN KEY (`CONTRACT_Id_Contract`) REFERENCES `TGSI_CONTRACT` (`Id_Contract`) ON DELETE CASCADE ON UPDATE CASCADE,
  CONSTRAINT `FK_TGSI_CONTRACT_FUNCTIONALITY_TGSI_FUNCTIONALITY` FOREIGN KEY (`FUNCTIONALITY_Id_Functionality`) REFERENCES `TGSI_FUNCTIONALITY` (`Id_Functionality`) ON DELETE NO ACTION ON UPDATE NO ACTION
) ENGINE=InnoDB DEFAULT CHARSET=utf8;
/*!40101 SET character_set_client = @saved_cs_client */;

--
-- Dumping data for table `TGSI_CONTRACT_FUNCTIONALITY`
--

LOCK TABLES `TGSI_CONTRACT_FUNCTIONALITY` WRITE;
/*!40000 ALTER TABLE `TGSI_CONTRACT_FUNCTIONALITY` DISABLE KEYS */;
INSERT INTO `TGSI_CONTRACT_FUNCTIONALITY` VALUES (1,1),(1,2),(1,3),(1,4),(1,5),(2,2),(3,1),(3,3),(3,4),(3,5);
/*!40000 ALTER TABLE `TGSI_CONTRACT_FUNCTIONALITY` ENABLE KEYS */;
UNLOCK TABLES;

--
-- Table structure for table `TGSI_CONTRACT_OPTION_ELEMENT`
--

DROP TABLE IF EXISTS `TGSI_CONTRACT_OPTION_ELEMENT`;
/*!40101 SET @saved_cs_client     = @@character_set_client */;
/*!40101 SET character_set_client = utf8 */;
CREATE TABLE `TGSI_CONTRACT_OPTION_ELEMENT` (
  `OPTION_ELEMENT_Id_Option_Element` bigint(20) NOT NULL,
  `CONTRACT_Id_Contract` bigint(20) NOT NULL,
  UNIQUE KEY `INDEX_UNIQUE_PAIR` (`OPTION_ELEMENT_Id_Option_Element`,`CONTRACT_Id_Contract`),
  KEY `FK_TGSI_CONTRACT_OPTION_ELEMENT_TGSI_CONTRACT` (`CONTRACT_Id_Contract`),
  CONSTRAINT `FK_TGSI_CONTRACT_OPTION_ELEMENT_TGSI_CONTRACT` FOREIGN KEY (`CONTRACT_Id_Contract`) REFERENCES `TGSI_CONTRACT` (`Id_Contract`) ON DELETE CASCADE ON UPDATE CASCADE,
  CONSTRAINT `FK_TGSI_CONTRACT_OPTION_ELEMENT_TGSI_OPTION_ELEMENT` FOREIGN KEY (`OPTION_ELEMENT_Id_Option_Element`) REFERENCES `TGSI_OPTION_ELEMENT` (`Id_Option_Element`) ON DELETE CASCADE ON UPDATE CASCADE
) ENGINE=InnoDB DEFAULT CHARSET=utf8;
/*!40101 SET character_set_client = @saved_cs_client */;

--
-- Dumping data for table `TGSI_CONTRACT_OPTION_ELEMENT`
--

LOCK TABLES `TGSI_CONTRACT_OPTION_ELEMENT` WRITE;
/*!40000 ALTER TABLE `TGSI_CONTRACT_OPTION_ELEMENT` DISABLE KEYS */;
INSERT INTO `TGSI_CONTRACT_OPTION_ELEMENT` VALUES (15,1),(16,1),(15,2),(16,2),(16,3);
/*!40000 ALTER TABLE `TGSI_CONTRACT_OPTION_ELEMENT` ENABLE KEYS */;
UNLOCK TABLES;

--
-- Table structure for table `TGSI_CONTRACT_REFERENTIAL`
--

DROP TABLE IF EXISTS `TGSI_CONTRACT_REFERENTIAL`;
/*!40101 SET @saved_cs_client     = @@character_set_client */;
/*!40101 SET character_set_client = utf8 */;
CREATE TABLE `TGSI_CONTRACT_REFERENTIAL` (
  `CONTRACT_Id_Contract` bigint(20) NOT NULL,
  `REFERENTIAL_Id_Referential` bigint(20) NOT NULL,
  UNIQUE KEY `INDEX_UNIQUE_PAIR` (`REFERENTIAL_Id_Referential`,`CONTRACT_Id_Contract`),
  KEY `INDEX_TGSI_CONTRACT_REFERENTIAL_CONTRACT_Id_Contract` (`CONTRACT_Id_Contract`),
  KEY `INDEX_TGSI_CONTRACT_REFERENTIAL_REFERENTIAL_Id_Referential` (`REFERENTIAL_Id_Referential`),
  CONSTRAINT `FK_TGSI_CONTRACT_REFERENTIAL_TGSI_CONTRACT` FOREIGN KEY (`CONTRACT_Id_Contract`) REFERENCES `TGSI_CONTRACT` (`Id_Contract`) ON DELETE CASCADE ON UPDATE CASCADE,
  CONSTRAINT `FK_TGSI_CONTRACT_REFERENTIAL_TGSI_REFERENTIAL` FOREIGN KEY (`REFERENTIAL_Id_Referential`) REFERENCES `TGSI_REFERENTIAL` (`Id_Referential`) ON DELETE NO ACTION ON UPDATE NO ACTION
) ENGINE=InnoDB DEFAULT CHARSET=utf8;
/*!40101 SET character_set_client = @saved_cs_client */;

--
-- Dumping data for table `TGSI_CONTRACT_REFERENTIAL`
--

LOCK TABLES `TGSI_CONTRACT_REFERENTIAL` WRITE;
/*!40000 ALTER TABLE `TGSI_CONTRACT_REFERENTIAL` DISABLE KEYS */;
INSERT INTO `TGSI_CONTRACT_REFERENTIAL` VALUES (1,2),(2,3),(3,2);
/*!40000 ALTER TABLE `TGSI_CONTRACT_REFERENTIAL` ENABLE KEYS */;
UNLOCK TABLES;

--
-- Table structure for table `TGSI_FUNCTIONALITY`
--

DROP TABLE IF EXISTS `TGSI_FUNCTIONALITY`;
/*!40101 SET @saved_cs_client     = @@character_set_client */;
/*!40101 SET character_set_client = utf8 */;
CREATE TABLE `TGSI_FUNCTIONALITY` (
  `Id_Functionality` bigint(20) NOT NULL AUTO_INCREMENT,
  `Code` varchar(45) NOT NULL,
  `Label` varchar(255) DEFAULT NULL,
  `Description` varchar(2048) DEFAULT NULL,
  PRIMARY KEY (`Id_Functionality`),
  UNIQUE KEY `UNIQUE_INDEX_TGSI_FUNCTIONALITY_Code` (`Code`)
) ENGINE=InnoDB AUTO_INCREMENT=6 DEFAULT CHARSET=utf8;
/*!40101 SET character_set_client = @saved_cs_client */;

--
-- Dumping data for table `TGSI_FUNCTIONALITY`
--

LOCK TABLES `TGSI_FUNCTIONALITY` WRITE;
/*!40000 ALTER TABLE `TGSI_FUNCTIONALITY` DISABLE KEYS */;
INSERT INTO `TGSI_FUNCTIONALITY` VALUES (1,'PAGES','Audit Pages (Up to 10)',''),(2,'DOMAIN','Audit Domain ',''),(3,'UPLOAD','Audit Upload',''),(4,'SCENARIO','Audit Scenario',''),(5,'MANUAL','Audit manuel','');
/*!40000 ALTER TABLE `TGSI_FUNCTIONALITY` ENABLE KEYS */;
UNLOCK TABLES;

--
-- Table structure for table `TGSI_OPTION`
--

DROP TABLE IF EXISTS `TGSI_OPTION`;
/*!40101 SET @saved_cs_client     = @@character_set_client */;
/*!40101 SET character_set_client = utf8 */;
CREATE TABLE `TGSI_OPTION` (
  `Id_Option` bigint(20) NOT NULL AUTO_INCREMENT,
  `Code` varchar(45) NOT NULL,
  `Label` varchar(255) DEFAULT NULL,
  `Description` varchar(2048) DEFAULT NULL,
  `Is_Restriction` bit(1) DEFAULT b'1',
  `OPTION_FAMILY_Id_Option_Family` bigint(20) NOT NULL,
  PRIMARY KEY (`Id_Option`),
  UNIQUE KEY `UNIQUE_INDEX_TGSI_OPTION_Code` (`Code`),
  KEY `FK_TGSI_OPTION_TGSI_OPTION_FAMILY` (`OPTION_FAMILY_Id_Option_Family`),
  CONSTRAINT `FK_TGSI_OPTION_TGSI_OPTION_FAMILY` FOREIGN KEY (`OPTION_FAMILY_Id_Option_Family`) REFERENCES `TGSI_OPTION_FAMILY` (`Id_Option_Family`) ON DELETE NO ACTION ON UPDATE NO ACTION
) ENGINE=InnoDB AUTO_INCREMENT=47 DEFAULT CHARSET=utf8;
/*!40101 SET character_set_client = @saved_cs_client */;

--
-- Dumping data for table `TGSI_OPTION`
--

LOCK TABLES `TGSI_OPTION` WRITE;
/*!40000 ALTER TABLE `TGSI_OPTION` DISABLE KEYS */;
INSERT INTO `TGSI_OPTION` VALUES (1,'ACT_LIMITATION',NULL,'The act limitation unit is the number of acts','',2),(2,'ACT_BY_IP_LIMITATION',NULL,'The act by ip limitation unit is the number of acts in a period for a given ip.\nThe period is expressed in seconds and the format is \"nb_of_acts/period\"','',2),(3,'MAX_DOCUMENTS',NULL,'This restriction limits the max number of crawled documents','',1),(4,'FORDIDDEN_REFERENTIAL',NULL,'This restriction forbids the access to a referential','',1),(5,'DEPTH',NULL,'This restriction limits the depth of the crawl','',1),(6,'MAX_DURATION',NULL,'This restriction limits the duration of the crawl','',1),(7,'EXCLUSION_REGEXP',NULL,'This restriction applies an exclusion rule on crawled Urls','',1),(8,'ACT_LIFETIME',NULL,'This restriction determines the lifetime of each associated with the contract','',3),(9,'NB_OF_AUDIT_TO_DISPLAY',NULL,'This restriction determines the number of audit results that can be displayed on the contract page','',4),(10,'DOMAIN',NULL,'Domain associated with a contract','',4),(11,'PAGES_ACT_LIMITATION',NULL,'The number of authorized acts of pages scope','',2),(12,'DOMAIN_ACT_LIMITATION',NULL,'The number of authorized acts of domain scope','',2),(13,'UPLOAD_ACT_LIMITATION',NULL,'The number of authorized acts of upload scope','',2),(14,'SCENARIO_ACT_LIMITATION',NULL,'The number of authorized acts of scenario scope','',2),(15,'PRESET_CONTRACT',NULL,'A preset contract','\0',4),(16,'Seo-01011',NULL,'Weight of rule Seo-01011 overriden by user','\0',5),(17,'Seo-01012',NULL,'Weight of rule Seo-01012 overriden by user','\0',5),(18,'Seo-01013',NULL,'Weight of rule Seo-01013 overriden by user','\0',5),(19,'Seo-01021',NULL,'Weight of rule Seo-01021 overriden by user','\0',5),(20,'Seo-01031',NULL,'Weight of rule Seo-01031 overriden by user','\0',5),(21,'Seo-01041',NULL,'Weight of rule Seo-01041 overriden by user','\0',5),(22,'Seo-01051',NULL,'Weight of rule Seo-01051 overriden by user','\0',5),(23,'Seo-01061',NULL,'Weight of rule Seo-01061 overriden by user','\0',5),(24,'Seo-01071',NULL,'Weight of rule Seo-01071 overriden by user','\0',5),(25,'Seo-01081',NULL,'Weight of rule Seo-01081 overriden by user','\0',5),(26,'Seo-02011',NULL,'Weight of rule Seo-02011 overriden by user','\0',5),(27,'Seo-02012',NULL,'Weight of rule Seo-02012 overriden by user','\0',5),(28,'Seo-02013',NULL,'Weight of rule Seo-02013 overriden by user','\0',5),(29,'Seo-03011',NULL,'Weight of rule Seo-03011 overriden by user','\0',5),(30,'Seo-03012',NULL,'Weight of rule Seo-03012 overriden by user','\0',5),(31,'Seo-05011',NULL,'Weight of rule Seo-05011 overriden by user','\0',5),(32,'Seo-05012',NULL,'Weight of rule Seo-05012 overriden by user','\0',5),(33,'Seo-05013',NULL,'Weight of rule Seo-05013 overriden by user','\0',5),(34,'Seo-06011',NULL,'Weight of rule Seo-06011 overriden by user','\0',5),(35,'Seo-06021',NULL,'Weight of rule Seo-06021 overriden by user','\0',5),(36,'Seo-06031',NULL,'Weight of rule Seo-06031 overriden by user','\0',5),(37,'Seo-06041',NULL,'Weight of rule Seo-06041 overriden by user','\0',5),(38,'Seo-06051',NULL,'Weight of rule Seo-06051 overriden by user','\0',5),(39,'Seo-06052',NULL,'Weight of rule Seo-06052 overriden by user','\0',5),(40,'Seo-07011',NULL,'Weight of rule Seo-07011 overriden by user','\0',5),(41,'Seo-07012',NULL,'Weight of rule Seo-07012 overriden by user','\0',5),(42,'Seo-07013',NULL,'Weight of rule Seo-07013 overriden by user','\0',5),(43,'Seo-07021',NULL,'Weight of rule Seo-07021 overriden by user','\0',5),(44,'Seo-07051',NULL,'Weight of rule Seo-07051 overriden by user','\0',5),(45,'Seo-07061',NULL,'Weight of rule Seo-07061 overriden by user','\0',5),(46,'Seo-08011',NULL,'Weight of rule Seo-08011 overriden by user','\0',5);
/*!40000 ALTER TABLE `TGSI_OPTION` ENABLE KEYS */;
UNLOCK TABLES;

--
-- Table structure for table `TGSI_OPTION_ELEMENT`
--

DROP TABLE IF EXISTS `TGSI_OPTION_ELEMENT`;
/*!40101 SET @saved_cs_client     = @@character_set_client */;
/*!40101 SET character_set_client = utf8 */;
CREATE TABLE `TGSI_OPTION_ELEMENT` (
  `Id_Option_Element` bigint(20) NOT NULL AUTO_INCREMENT,
  `OPTION_Id_Option` bigint(20) NOT NULL,
  `Value` varchar(255) DEFAULT NULL,
  PRIMARY KEY (`Id_Option_Element`),
  UNIQUE KEY `INDEX_UNIQUE_PAIR` (`OPTION_Id_Option`,`Value`),
  CONSTRAINT `FK_TGSI_OPTION_ELEMENT_TGSI_OPTION` FOREIGN KEY (`OPTION_Id_Option`) REFERENCES `TGSI_OPTION` (`Id_Option`) ON DELETE NO ACTION ON UPDATE NO ACTION
) ENGINE=InnoDB AUTO_INCREMENT=20 DEFAULT CHARSET=utf8;
/*!40101 SET character_set_client = @saved_cs_client */;

--
-- Dumping data for table `TGSI_OPTION_ELEMENT`
--

LOCK TABLES `TGSI_OPTION_ELEMENT` WRITE;
/*!40000 ALTER TABLE `TGSI_OPTION_ELEMENT` DISABLE KEYS */;
INSERT INTO `TGSI_OPTION_ELEMENT` VALUES (1,1,'5'),(2,2,'5/3600'),(3,3,'100'),(16,3,'1000'),(4,3,'10000'),(5,3,'20000'),(7,8,'-1'),(9,8,'30'),(10,8,'365'),(8,8,'5'),(12,9,'10'),(14,9,'100'),(11,9,'5'),(13,9,'50'),(15,10,'http://en.wikipedia.org/');
/*!40000 ALTER TABLE `TGSI_OPTION_ELEMENT` ENABLE KEYS */;
UNLOCK TABLES;

--
-- Table structure for table `TGSI_OPTION_FAMILY`
--

DROP TABLE IF EXISTS `TGSI_OPTION_FAMILY`;
/*!40101 SET @saved_cs_client     = @@character_set_client */;
/*!40101 SET character_set_client = utf8 */;
CREATE TABLE `TGSI_OPTION_FAMILY` (
  `Id_Option_Family` bigint(20) NOT NULL AUTO_INCREMENT,
  `Code` varchar(45) NOT NULL,
  `Label` varchar(255) DEFAULT NULL,
  `Description` varchar(2048) DEFAULT NULL,
  PRIMARY KEY (`Id_Option_Family`),
  UNIQUE KEY `UNIQUE_INDEX_TGSI_OPTION_FAMILY_Code` (`Code`)
) ENGINE=InnoDB AUTO_INCREMENT=6 DEFAULT CHARSET=utf8;
/*!40101 SET character_set_client = @saved_cs_client */;

--
-- Dumping data for table `TGSI_OPTION_FAMILY`
--

LOCK TABLES `TGSI_OPTION_FAMILY` WRITE;
/*!40000 ALTER TABLE `TGSI_OPTION_FAMILY` DISABLE KEYS */;
INSERT INTO `TGSI_OPTION_FAMILY` VALUES (1,'CRAWL','',NULL),(2,'ACT_RESTRICTION','',NULL),(3,'ACT_MANAGEMENT','',NULL),(4,'CONTRACT_MANAGEMENT','',NULL),(5,'Seo_TEST_WEIGHT_MANAGEMENT','',NULL);
/*!40000 ALTER TABLE `TGSI_OPTION_FAMILY` ENABLE KEYS */;
UNLOCK TABLES;

--
-- Table structure for table `TGSI_REFERENTIAL`
--

DROP TABLE IF EXISTS `TGSI_REFERENTIAL`;
/*!40101 SET @saved_cs_client     = @@character_set_client */;
/*!40101 SET character_set_client = utf8 */;
CREATE TABLE `TGSI_REFERENTIAL` (
  `Id_Referential` bigint(20) NOT NULL AUTO_INCREMENT,
  `Code` varchar(45) NOT NULL,
  `Label` varchar(255) DEFAULT NULL,
  `Description` varchar(2048) DEFAULT NULL,
  PRIMARY KEY (`Id_Referential`),
  UNIQUE KEY `UNIQUE_INDEX_TGSI_REFERENTIAL_Code` (`Code`)
) ENGINE=InnoDB AUTO_INCREMENT=4 DEFAULT CHARSET=utf8;
/*!40101 SET character_set_client = @saved_cs_client */;

--
-- Dumping data for table `TGSI_REFERENTIAL`
--

LOCK TABLES `TGSI_REFERENTIAL` WRITE;
/*!40000 ALTER TABLE `TGSI_REFERENTIAL` DISABLE KEYS */;
INSERT INTO `TGSI_REFERENTIAL` VALUES (1,'Aw22','Accessiweb 2.2',NULL),(2,'Rgaa30','Rgaa 3.0',NULL),(3,'Seo','Seo referential',NULL);
/*!40000 ALTER TABLE `TGSI_REFERENTIAL` ENABLE KEYS */;
UNLOCK TABLES;

--
-- Table structure for table `TGSI_ROLE`
--

DROP TABLE IF EXISTS `TGSI_ROLE`;
/*!40101 SET @saved_cs_client     = @@character_set_client */;
/*!40101 SET character_set_client = utf8 */;
CREATE TABLE `TGSI_ROLE` (
  `Id_Role` bigint(20) NOT NULL AUTO_INCREMENT,
  `Role_Name` varchar(255) NOT NULL,
  `ROLE_Id_Role` bigint(20) DEFAULT NULL,
  PRIMARY KEY (`Id_Role`),
  KEY `INDEX_TGSI_ROLE_ROLE_Id_Role` (`ROLE_Id_Role`),
  CONSTRAINT `FK_TGSI_ROLE_TGSI_ROLE` FOREIGN KEY (`ROLE_Id_Role`) REFERENCES `TGSI_ROLE` (`Id_Role`) ON DELETE CASCADE ON UPDATE CASCADE
) ENGINE=InnoDB AUTO_INCREMENT=4 DEFAULT CHARSET=utf8;
/*!40101 SET character_set_client = @saved_cs_client */;

--
-- Dumping data for table `TGSI_ROLE`
--

LOCK TABLES `TGSI_ROLE` WRITE;
/*!40000 ALTER TABLE `TGSI_ROLE` DISABLE KEYS */;
INSERT INTO `TGSI_ROLE` VALUES (1,'ROLE_GUEST',NULL),(2,'ROLE_USER',NULL),(3,'ROLE_ADMIN',2);
/*!40000 ALTER TABLE `TGSI_ROLE` ENABLE KEYS */;
UNLOCK TABLES;

--
-- Table structure for table `TGSI_SCENARIO`
--

DROP TABLE IF EXISTS `TGSI_SCENARIO`;
/*!40101 SET @saved_cs_client     = @@character_set_client */;
/*!40101 SET character_set_client = utf8 */;
CREATE TABLE `TGSI_SCENARIO` (
  `Id_Scenario` bigint(20) NOT NULL AUTO_INCREMENT,
  `Date_Of_Creation` datetime NOT NULL,
  `Label` varchar(255) NOT NULL,
  `Content` mediumtext NOT NULL,
  `Description` varchar(255) DEFAULT NULL,
  `CONTRACT_Id_Contract` bigint(20) NOT NULL,
  PRIMARY KEY (`Id_Scenario`),
  KEY `INDEX_TGSI_SCENARIO_CONTRACT_Id_Contract` (`CONTRACT_Id_Contract`),
  CONSTRAINT `FK_TGSI_SCENARIO_TGSI_CONTRACT` FOREIGN KEY (`CONTRACT_Id_Contract`) REFERENCES `TGSI_CONTRACT` (`Id_Contract`) ON DELETE CASCADE ON UPDATE CASCADE
) ENGINE=InnoDB DEFAULT CHARSET=utf8;
/*!40101 SET character_set_client = @saved_cs_client */;

--
-- Dumping data for table `TGSI_SCENARIO`
--

LOCK TABLES `TGSI_SCENARIO` WRITE;
/*!40000 ALTER TABLE `TGSI_SCENARIO` DISABLE KEYS */;
/*!40000 ALTER TABLE `TGSI_SCENARIO` ENABLE KEYS */;
UNLOCK TABLES;

--
-- Table structure for table `TGSI_SCOPE`
--

DROP TABLE IF EXISTS `TGSI_SCOPE`;
/*!40101 SET @saved_cs_client     = @@character_set_client */;
/*!40101 SET character_set_client = utf8 */;
CREATE TABLE `TGSI_SCOPE` (
  `Id_Scope` bigint(20) NOT NULL AUTO_INCREMENT,
  `Code` varchar(255) NOT NULL DEFAULT 'PAGE',
  `Label` varchar(255) NOT NULL DEFAULT 'Page',
  PRIMARY KEY (`Id_Scope`),
  UNIQUE KEY `UNIQUE_INDEX_TGSI_SCOPE_Code` (`Code`)
) ENGINE=InnoDB AUTO_INCREMENT=7 DEFAULT CHARSET=utf8;
/*!40101 SET character_set_client = @saved_cs_client */;

--
-- Dumping data for table `TGSI_SCOPE`
--

LOCK TABLES `TGSI_SCOPE` WRITE;
/*!40000 ALTER TABLE `TGSI_SCOPE` DISABLE KEYS */;
INSERT INTO `TGSI_SCOPE` VALUES (1,'GROUPOFPAGES','Group of pages'),(2,'DOMAIN','Domain'),(3,'PAGE','Page'),(4,'FILE','File'),(5,'GROUPOFFILES','Group of files'),(6,'SCENARIO','Scenario');
/*!40000 ALTER TABLE `TGSI_SCOPE` ENABLE KEYS */;
UNLOCK TABLES;

--
-- Table structure for table `TGSI_USER`
--

DROP TABLE IF EXISTS `TGSI_USER`;
/*!40101 SET @saved_cs_client     = @@character_set_client */;
/*!40101 SET character_set_client = utf8 */;
CREATE TABLE `TGSI_USER` (
  `Id_User` bigint(20) NOT NULL AUTO_INCREMENT,
  `Email1` varchar(255) NOT NULL,
  `Password` varchar(255) NOT NULL,
  `Name` varchar(255) NOT NULL DEFAULT '',
  `First_Name` varchar(255) NOT NULL DEFAULT '',
  `Address` varchar(255) DEFAULT NULL,
  `Phone_Number` varchar(255) DEFAULT NULL,
  `Email2` varchar(255) DEFAULT NULL,
  `Web1` varchar(2048) DEFAULT NULL,
  `Web2` varchar(2048) DEFAULT NULL,
  `Identica_Id` varchar(255) DEFAULT NULL,
  `Twitter_Id` varchar(255) DEFAULT NULL,
  `ROLE_Id_Role` bigint(20) NOT NULL,
  `Activated` bit(1) DEFAULT b'1',
  PRIMARY KEY (`Id_User`),
  UNIQUE KEY `UNIQUE_INDEX_TGSI_USER_Email1` (`Email1`),
  KEY `INDEX_TGSI_USER_ROLE_Id_Role` (`ROLE_Id_Role`),
  CONSTRAINT `FK_TGSI_USER_TGSI_ROLE` FOREIGN KEY (`ROLE_Id_Role`) REFERENCES `TGSI_ROLE` (`Id_Role`) ON DELETE NO ACTION ON UPDATE NO ACTION
) ENGINE=InnoDB AUTO_INCREMENT=2 DEFAULT CHARSET=utf8;
/*!40101 SET character_set_client = @saved_cs_client */;

--
-- Dumping data for table `TGSI_USER`
--

LOCK TABLES `TGSI_USER` WRITE;
/*!40000 ALTER TABLE `TGSI_USER` DISABLE KEYS */;
INSERT INTO `TGSI_USER` VALUES (1,'me@my-email.org','7f940a93b40507f8ef641f86bca97e00',' ',' ',NULL,NULL,NULL,NULL,NULL,NULL,NULL,3,'');
/*!40000 ALTER TABLE `TGSI_USER` ENABLE KEYS */;
UNLOCK TABLES;

--
-- Table structure for table `TGSI_USER_OPTION_ELEMENT`
--

DROP TABLE IF EXISTS `TGSI_USER_OPTION_ELEMENT`;
/*!40101 SET @saved_cs_client     = @@character_set_client */;
/*!40101 SET character_set_client = utf8 */;
CREATE TABLE `TGSI_USER_OPTION_ELEMENT` (
  `OPTION_ELEMENT_Id_Option_Element` bigint(20) NOT NULL,
  `USER_Id_User` bigint(20) NOT NULL,
  UNIQUE KEY `INDEX_UNIQUE_PAIR` (`OPTION_ELEMENT_Id_Option_Element`,`USER_Id_User`),
  KEY `FK_TGSI_USER_OPTION_ELEMENT_TGSI_USER` (`USER_Id_User`),
  CONSTRAINT `FK_TGSI_USER_OPTION_ELEMENT_TGSI_USER` FOREIGN KEY (`USER_Id_User`) REFERENCES `TGSI_USER` (`Id_User`) ON DELETE CASCADE ON UPDATE CASCADE,
  CONSTRAINT `FK_TGSI_USER_OPTION_ELEMENT_TGSI_OPTION_ELEMENT` FOREIGN KEY (`OPTION_ELEMENT_Id_Option_Element`) REFERENCES `TGSI_OPTION_ELEMENT` (`Id_Option_Element`) ON DELETE CASCADE ON UPDATE CASCADE
) ENGINE=InnoDB DEFAULT CHARSET=utf8;
/*!40101 SET character_set_client = @saved_cs_client */;

--
-- Dumping data for table `TGSI_USER_OPTION_ELEMENT`
--

LOCK TABLES `TGSI_USER_OPTION_ELEMENT` WRITE;
/*!40000 ALTER TABLE `TGSI_USER_OPTION_ELEMENT` DISABLE KEYS */;
/*!40000 ALTER TABLE `TGSI_USER_OPTION_ELEMENT` ENABLE KEYS */;
UNLOCK TABLES;

--
-- Table structure for table `THEME`
--

DROP TABLE IF EXISTS `THEME`;
/*!40101 SET @saved_cs_client     = @@character_set_client */;
/*!40101 SET character_set_client = utf8 */;
CREATE TABLE `THEME` (
  `Id_Theme` bigint(20) NOT NULL AUTO_INCREMENT,
  `Cd_Theme` varchar(255) DEFAULT NULL,
  `Description` varchar(255) DEFAULT NULL,
  `Label` varchar(255) NOT NULL,
  `Rank` int(11) DEFAULT NULL,
  PRIMARY KEY (`Id_Theme`),
  UNIQUE KEY `Cd_Theme_UNIQUE` (`Cd_Theme`),
  KEY `Cd_Theme_Index` (`Cd_Theme`)
) ENGINE=InnoDB AUTO_INCREMENT=64 DEFAULT CHARSET=utf8;
/*!40101 SET character_set_client = @saved_cs_client */;

--
-- Dumping data for table `THEME`
--

LOCK TABLES `THEME` WRITE;
/*!40000 ALTER TABLE `THEME` DISABLE KEYS */;
INSERT INTO `THEME` VALUES (31,'Aw22-1',NULL,'Images',1),(32,'Aw22-2',NULL,'Cadres',2),(33,'Aw22-3',NULL,'Couleurs',3),(34,'Aw22-4',NULL,'Multimédia',4),(35,'Aw22-5',NULL,'Tableaux',5),(36,'Aw22-6',NULL,'Liens',6),(37,'Aw22-7',NULL,'Script',7),(38,'Aw22-8',NULL,'Éléments Obligatoires',8),(39,'Aw22-9',NULL,'Structuration de l\'information',9),(40,'Aw22-10',NULL,'Présentation de l\'information',10),(41,'Aw22-11',NULL,'Formulaires',11),(42,'Aw22-12',NULL,'Navigation',12),(43,'Aw22-13',NULL,'Consultation',13),(44,'Rgaa30-1',NULL,'Images',1),(45,'Rgaa30-2',NULL,'Cadres',2),(46,'Rgaa30-3',NULL,'Couleurs',3),(47,'Rgaa30-4',NULL,'Multimédia',4),(48,'Rgaa30-5',NULL,'Tableaux',5),(49,'Rgaa30-6',NULL,'Liens',6),(50,'Rgaa30-7',NULL,'Scripts',7),(51,'Rgaa30-8',NULL,'Éléments Obligatoires',8),(52,'Rgaa30-9',NULL,'Structuration de linformation',9),(53,'Rgaa30-10',NULL,'Présentation de linformation',10),(54,'Rgaa30-11',NULL,'Formulaires',11),(55,'Rgaa30-12',NULL,'Navigation',12),(56,'Rgaa30-13',NULL,'Consultation',13),(57,'Seo-01',NULL,'Bases du Referencement',1),(58,'Seo-02',NULL,'Images',2),(59,'Seo-03',NULL,'Cadres',3),(60,'Seo-05',NULL,'Liens',4),(61,'Seo-06',NULL,'Eléments Obligatoires',5),(62,'Seo-07',NULL,'Structuration de linformation',6),(63,'Seo-08',NULL,'Multimedia',7);
/*!40000 ALTER TABLE `THEME` ENABLE KEYS */;
UNLOCK TABLES;

--
-- Table structure for table `THEME_STATISTICS`
--

DROP TABLE IF EXISTS `THEME_STATISTICS`;
/*!40101 SET @saved_cs_client     = @@character_set_client */;
/*!40101 SET character_set_client = utf8 */;
CREATE TABLE `THEME_STATISTICS` (
  `Id_Theme_Statistics` bigint(20) NOT NULL AUTO_INCREMENT,
  `Nb_Passed` int(11) DEFAULT NULL,
  `Nb_Failed` int(11) DEFAULT NULL,
  `Nb_Nmi` int(11) DEFAULT NULL,
  `Nb_Na` int(11) DEFAULT NULL,
  `Nb_Suspected` int(11) DEFAULT NULL,
  `Nb_Detected` int(11) DEFAULT NULL,
  `Nb_Not_Tested` int(11) DEFAULT NULL,
  `Id_Theme` bigint(20) DEFAULT NULL,
  `Id_Web_Resource_Statistics` bigint(20) DEFAULT NULL,
  PRIMARY KEY (`Id_Theme_Statistics`),
  KEY `fk_THEME_STATISTICS_THEME` (`Id_Theme`),
  KEY `fk_THEME_STATISTICS_WEB_RESOURCE_STATISTICS` (`Id_Web_Resource_Statistics`),
  CONSTRAINT `fk_THEME_STATISTICS_THEME` FOREIGN KEY (`Id_Theme`) REFERENCES `THEME` (`Id_Theme`) ON DELETE CASCADE ON UPDATE NO ACTION,
  CONSTRAINT `fk_THEME_STATISTICS_WEB_RESOURCE_STATISTICS` FOREIGN KEY (`Id_Web_Resource_Statistics`) REFERENCES `WEB_RESOURCE_STATISTICS` (`Id_Web_Resource_Statistics`) ON DELETE CASCADE ON UPDATE NO ACTION
) ENGINE=InnoDB DEFAULT CHARSET=utf8;
/*!40101 SET character_set_client = @saved_cs_client */;

--
-- Dumping data for table `THEME_STATISTICS`
--

LOCK TABLES `THEME_STATISTICS` WRITE;
/*!40000 ALTER TABLE `THEME_STATISTICS` DISABLE KEYS */;
/*!40000 ALTER TABLE `THEME_STATISTICS` ENABLE KEYS */;
UNLOCK TABLES;

--
-- Table structure for table `WEB_RESOURCE`
--

DROP TABLE IF EXISTS `WEB_RESOURCE`;
/*!40101 SET @saved_cs_client     = @@character_set_client */;
/*!40101 SET character_set_client = utf8 */;
CREATE TABLE `WEB_RESOURCE` (
  `DTYPE` varchar(31) NOT NULL,
  `Id_Web_Resource` bigint(20) NOT NULL AUTO_INCREMENT,
  `Label` varchar(255) DEFAULT NULL,
  `Url` varchar(2048) NOT NULL,
  `Rank` int(11) DEFAULT '0',
  `Id_Audit` bigint(20) DEFAULT NULL,
  `Id_Web_Resource_Parent` bigint(20) DEFAULT NULL,
  PRIMARY KEY (`Id_Web_Resource`),
  KEY `FKD9A970B9493EC9C2` (`Id_Audit`),
  KEY `FKD9A970B92F70FF12` (`Id_Web_Resource_Parent`),
  KEY `Url_Index` (`Url`(255)),
  KEY `DTYPE_Index` (`DTYPE`),
  CONSTRAINT `FKD9A970B9493EC9C2` FOREIGN KEY (`Id_Audit`) REFERENCES `AUDIT` (`Id_Audit`) ON DELETE CASCADE ON UPDATE CASCADE,
  CONSTRAINT `FKD9A970B92F70FF12` FOREIGN KEY (`Id_Web_Resource_Parent`) REFERENCES `WEB_RESOURCE` (`Id_Web_Resource`) ON DELETE CASCADE ON UPDATE CASCADE
) ENGINE=InnoDB DEFAULT CHARSET=utf8;
/*!40101 SET character_set_client = @saved_cs_client */;

--
-- Dumping data for table `WEB_RESOURCE`
--

LOCK TABLES `WEB_RESOURCE` WRITE;
/*!40000 ALTER TABLE `WEB_RESOURCE` DISABLE KEYS */;
/*!40000 ALTER TABLE `WEB_RESOURCE` ENABLE KEYS */;
UNLOCK TABLES;

--
-- Table structure for table `WEB_RESOURCE_STATISTICS`
--

DROP TABLE IF EXISTS `WEB_RESOURCE_STATISTICS`;
/*!40101 SET @saved_cs_client     = @@character_set_client */;
/*!40101 SET character_set_client = utf8 */;
CREATE TABLE `WEB_RESOURCE_STATISTICS` (
  `Id_Web_Resource_Statistics` bigint(20) NOT NULL AUTO_INCREMENT,
  `Mark` float DEFAULT NULL,
  `Raw_Mark` float DEFAULT NULL,
  `Nb_Passed` int(11) DEFAULT NULL,
  `Nb_Failed` int(11) DEFAULT NULL,
  `Nb_Nmi` int(11) DEFAULT NULL,
  `Nb_Na` int(11) DEFAULT NULL,
  `Nb_Suspected` int(11) DEFAULT NULL,
  `Nb_Detected` int(11) DEFAULT NULL,
  `Nb_Not_Tested` int(11) DEFAULT NULL,
  `Weighted_Passed` decimal(10,1) unsigned DEFAULT NULL,
  `Weighted_Failed` decimal(10,1) unsigned DEFAULT NULL,
  `Weighted_Nmi` decimal(10,1) unsigned DEFAULT NULL,
  `Weighted_Na` decimal(10,1) unsigned DEFAULT NULL,
  `Nb_Failed_Occurrences` int(11) DEFAULT NULL,
  `Nb_Invalid_Test` int(11) DEFAULT NULL,
  `Id_Audit` bigint(20) DEFAULT NULL,
  `Id_Web_Resource` bigint(20) DEFAULT NULL,
  `Http_Status_Code` int(11) DEFAULT '-1',
  `Manual_Audit` int(11) DEFAULT '0',
  PRIMARY KEY (`Id_Web_Resource_Statistics`),
  KEY `fk_WEB_RESOURCE_STATISTICS_AUDIT` (`Id_Audit`),
  KEY `fk_WEB_RESOURCE_STATISTICS_WEB_RESOURCE` (`Id_Web_Resource`),
  CONSTRAINT `fk_WEB_RESOURCE_STATISTICS_AUDIT` FOREIGN KEY (`Id_Audit`) REFERENCES `AUDIT` (`Id_Audit`) ON DELETE CASCADE ON UPDATE NO ACTION,
  CONSTRAINT `fk_WEB_RESOURCE_STATISTICS_WEB_RESOURCE` FOREIGN KEY (`Id_Web_Resource`) REFERENCES `WEB_RESOURCE` (`Id_Web_Resource`) ON DELETE CASCADE ON UPDATE NO ACTION
) ENGINE=InnoDB DEFAULT CHARSET=utf8;
/*!40101 SET character_set_client = @saved_cs_client */;

--
-- Dumping data for table `WEB_RESOURCE_STATISTICS`
--

LOCK TABLES `WEB_RESOURCE_STATISTICS` WRITE;
/*!40000 ALTER TABLE `WEB_RESOURCE_STATISTICS` DISABLE KEYS */;
/*!40000 ALTER TABLE `WEB_RESOURCE_STATISTICS` ENABLE KEYS */;
UNLOCK TABLES;
/*!40103 SET TIME_ZONE=@OLD_TIME_ZONE */;

/*!40101 SET SQL_MODE=@OLD_SQL_MODE */;
/*!40014 SET FOREIGN_KEY_CHECKS=@OLD_FOREIGN_KEY_CHECKS */;
/*!40014 SET UNIQUE_CHECKS=@OLD_UNIQUE_CHECKS */;
/*!40101 SET CHARACTER_SET_CLIENT=@OLD_CHARACTER_SET_CLIENT */;
/*!40101 SET CHARACTER_SET_RESULTS=@OLD_CHARACTER_SET_RESULTS */;
/*!40101 SET COLLATION_CONNECTION=@OLD_COLLATION_CONNECTION */;
/*!40111 SET SQL_NOTES=@OLD_SQL_NOTES */;

-- Dump completed on 2019-01-26 10:53:30
